{"quality": 39, "model": "R101_DC5", "elapsed": 1128.7004072666168, "tp": 26309, "fp": 15935, "precision": 0.6227866679291734, "recall": 0.7240677033163616, "f1": 0.669619109431273, "min_score": 0.5000141859054565, "AP": 34.06704047735395, "AP50": 51.457162818510696, "AP75": 36.77260431076629, "APs": 15.123735587976958, "APm": 37.70315944547204, "APl": 48.44081295842868}