{"quality": 36, "model": "R50_C4", "elapsed": 1344.7285368442535, "tp": 40371, "fp": 154449, "precision": 0.20722205112411457, "recall": 1.1110774735103894, "f1": 0.34929809002617296, "min_score": 0.05000016838312149, "AP": 33.67598494330487, "AP50": 52.7283851641806, "AP75": 35.74500623530324, "APs": 15.31579697474176, "APm": 37.25129797925499, "APl": 48.41875738930487}