{"quality": 45, "model": "R50_DC5", "elapsed": 1050.1674103736877, "tp": 41922, "fp": 133595, "precision": 0.23884865853450093, "recall": 1.1537635888262006, "f1": 0.39576685610709367, "min_score": 0.050000645220279694, "AP": 35.64228190627895, "AP50": 56.06607735545415, "AP75": 38.29908069042835, "APs": 17.273983578709963, "APm": 39.285764137036104, "APl": 49.31662856171625}