{"quality": 33, "model": "R101", "elapsed": 668.9006853103638, "tp": 43667, "fp": 351566, "precision": 0.11048419539866357, "recall": 1.201788908765653, "f1": 0.2023644014384755, "min_score": 0.050000205636024475, "AP": 34.89126012402832, "AP50": 53.2603790514802, "AP75": 36.771739496640215, "APs": 17.57348971626983, "APm": 38.25738010536057, "APl": 46.91183147412004}