{"quality": 24, "model": "R50_FPN", "elapsed": 485.03526401519775, "tp": 39105, "fp": 117460, "precision": 0.24976846677098968, "recall": 1.0762350350901335, "f1": 0.4054432348367029, "min_score": 0.050001200288534164, "AP": 30.926387348669675, "AP50": 49.53421290039899, "AP75": 32.893787881594335, "APs": 15.912828043211192, "APm": 33.85851425483744, "APl": 42.17965394271724}