{"quality": 1, "model": "R50", "elapsed": 494.77929425239563, "tp": 3977, "fp": 397510, "precision": 0.009905675650768268, "recall": 0.10945369478464291, "f1": 0.01816720036909977, "min_score": 0.05000010132789612, "AP": 0.7318040271099825, "AP50": 1.4751778631938095, "AP75": 0.6219482071523298, "APs": 0.22129174338731608, "APm": 0.7065641102406773, "APl": 1.47163235200388}