{"quality": 101, "model": "R50_FPN", "elapsed": 485.73896622657776, "tp": 42801, "fp": 108119, "precision": 0.283600583090379, "recall": 1.177955139672492, "f1": 0.4571413313396171, "min_score": 0.05000058934092522, "AP": 40.21611879032403, "AP50": 61.01846885830857, "AP75": 43.80994710566148, "APs": 24.15641748419469, "APm": 43.52390861556257, "APl": 51.971291365574835}