{"quality": 86, "model": "X101", "elapsed": 2951.704704761505, "tp": 26279, "fp": 10226, "precision": 0.7198739898644021, "recall": 0.7232420531168295, "f1": 0.721554091158704, "min_score": 0.5000024437904358, "AP": 39.156413901059025, "AP50": 56.4879354352819, "AP75": 43.29214712395344, "APs": 21.958047280178917, "APm": 42.371778522651155, "APl": 51.89939352672495}