{"quality": 41, "model": "X101", "elapsed": 2950.2632122039795, "tp": 24003, "fp": 9400, "precision": 0.7185881507649013, "recall": 0.6606027246456585, "f1": 0.6883764948808396, "min_score": 0.5000258684158325, "AP": 35.470775361489714, "AP50": 52.02770610303335, "AP75": 38.96136637998719, "APs": 17.23955287915362, "APm": 38.52210891041981, "APl": 48.91363773799488}