{"quality": 85, "model": "R50_FPN", "elapsed": 484.93857049942017, "tp": 42515, "fp": 106718, "precision": 0.284890071230894, "recall": 1.170083941103619, "f1": 0.45821477841007074, "min_score": 0.05000047758221626, "AP": 39.62064769900929, "AP50": 60.251944231824396, "AP75": 43.20750353077307, "APs": 23.17006928131695, "APm": 42.850412405070145, "APl": 51.60044284711326}