{"quality": 85, "model": "R50", "elapsed": 498.95613741874695, "tp": 45016, "fp": 357545, "precision": 0.11182404654201475, "recall": 1.2389156460712811, "f1": 0.20513287885968431, "min_score": 0.05000002309679985, "AP": 38.093902045297675, "AP50": 57.2093494810862, "AP75": 40.718991455509155, "APs": 22.562911227977242, "APm": 41.6315180782024, "APl": 49.909966506511296}