{"quality": 49, "model": "R101_DC5", "elapsed": 1128.0348238945007, "tp": 26922, "fp": 15973, "precision": 0.627625597388973, "recall": 0.7409384890601348, "f1": 0.6795910639909124, "min_score": 0.5000133514404297, "AP": 35.14002681850804, "AP50": 52.979666594134244, "AP75": 38.22400233085576, "APs": 16.014774551716204, "APm": 38.84759751561787, "APl": 49.788846878331455}