{"quality": 88, "model": "R101_C4", "elapsed": 1588.854521036148, "tp": 28427, "fp": 16757, "precision": 0.6291386331444759, "recall": 0.7823586074033301, "f1": 0.6974325003986801, "min_score": 0.5000154972076416, "AP": 38.03847420104475, "AP50": 55.48071574020673, "AP75": 41.46216060295876, "APs": 18.59232674150895, "APm": 42.03386703819103, "APl": 53.54686908618093}