{"quality": 12, "model": "X101", "elapsed": 2944.099034309387, "tp": 28620, "fp": 84610, "precision": 0.2527598692925903, "recall": 0.7876702903536535, "f1": 0.3827098585899107, "min_score": 0.05000007897615433, "AP": 17.093489757060322, "AP50": 28.55772000187936, "AP75": 17.567063935347058, "APs": 8.010363829270082, "APm": 19.58024381529899, "APl": 23.171296585364807}