{"quality": 41, "model": "X101", "elapsed": 2926.6786727905273, "tp": 39715, "fp": 70693, "precision": 0.35971125280776756, "recall": 1.0930232558139534, "f1": 0.5412864668161343, "min_score": 0.050000470131635666, "AP": 38.862904412076446, "AP50": 58.99388449534514, "AP75": 41.81208889672385, "APs": 21.73421293759527, "APm": 41.942311059496376, "APl": 51.92755547154589}