{"quality": 27, "model": "R101", "elapsed": 701.2832655906677, "tp": 15799, "fp": 3585, "precision": 0.8150536524969046, "recall": 0.43481491674693823, "f1": 0.5670956047308817, "min_score": 0.5000019669532776, "AP": 26.3103974947488, "AP50": 37.57632614740835, "AP75": 28.946240643606835, "APs": 9.864171331010452, "APm": 29.094862902821063, "APl": 37.90983526571091}