{"quality": 1, "model": "X101", "elapsed": 2942.6545403003693, "tp": 1321, "fp": 15044, "precision": 0.08072105102352582, "recall": 0.036356130452731526, "f1": 0.05013282732447818, "min_score": 0.05000121518969536, "AP": 0.7093308655412003, "AP50": 1.3595686677798748, "AP75": 0.6640158109607495, "APs": 0.18383012196454893, "APm": 0.6411357762272681, "APl": 1.4963008607426587}