{"quality": 87, "model": "R50_C4", "elapsed": 1293.7037289142609, "tp": 42165, "fp": 135365, "precision": 0.2375091533825269, "recall": 1.160451355442411, "f1": 0.3943141701540692, "min_score": 0.050000276416540146, "AP": 38.017626472290694, "AP50": 58.07315665935951, "AP75": 40.857085890871474, "APs": 19.825423248695202, "APm": 42.05294196853539, "APl": 52.710195521953295}