{"quality": 5, "model": "X101", "elapsed": 2941.498918056488, "tp": 2164, "fp": 2588, "precision": 0.4553872053872054, "recall": 0.05955690105958442, "f1": 0.10533745466936015, "min_score": 0.500111997127533, "AP": 2.630661064995858, "AP50": 4.36850214927589, "AP75": 2.708007812276735, "APs": 1.099683426412798, "APm": 2.8224806827149735, "APl": 3.554475813809969}