{"quality": 8, "model": "R101_FPN", "elapsed": 644.4633572101593, "tp": 20260, "fp": 96472, "precision": 0.17355994928554294, "recall": 0.5575891014173662, "f1": 0.26472067787308823, "min_score": 0.0500003844499588, "AP": 8.599027359871577, "AP50": 14.845011541507747, "AP75": 8.69324293739978, "APs": 4.10656454861803, "APm": 9.486294512217135, "APl": 12.82889186067624}