{"quality": 50, "model": "X101", "elapsed": 2949.93172955513, "tp": 24501, "fp": 9389, "precision": 0.7229566243729714, "recall": 0.6743085179578918, "f1": 0.6977856888572446, "min_score": 0.5000206828117371, "AP": 36.41763923931307, "AP50": 53.04054589175959, "AP75": 39.927970817098654, "APs": 17.958831389470493, "APm": 39.46840736440206, "APl": 50.07813926943933}