{"quality": 95, "model": "R101_DC5", "elapsed": 1127.2134881019592, "tp": 29173, "fp": 17690, "precision": 0.6225166976079209, "recall": 0.8028897756983625, "f1": 0.7012908964157792, "min_score": 0.5000357627868652, "AP": 38.235790066343505, "AP50": 56.7712943447503, "AP75": 41.876270815102586, "APs": 19.338248058238825, "APm": 42.71064978185119, "APl": 52.19105718856631}