{"quality": 69, "model": "R50", "elapsed": 483.69814133644104, "tp": 17714, "fp": 3952, "precision": 0.817594387519616, "recall": 0.48751892115040596, "f1": 0.6108170548783641, "min_score": 0.5000059008598328, "AP": 29.883887615789355, "AP50": 42.04783522788292, "AP75": 32.90204852784236, "APs": 11.690670864212244, "APm": 32.964301820691226, "APl": 42.75676103340286}