{"quality": 29, "model": "R50_DC5", "elapsed": 1908.418004989624, "tp": 24740, "fp": 16957, "precision": 0.5933280571743771, "recall": 0.6808861978808312, "f1": 0.6340988312487185, "min_score": 0.5000064969062805, "AP": 30.01881001587684, "AP50": 46.88531426026369, "AP75": 32.30838491330381, "APs": 12.611246848528667, "APm": 33.257552588954354, "APl": 43.14619176330049}