{"quality": 30, "model": "R50", "elapsed": 483.94198346138, "tp": 15355, "fp": 3589, "precision": 0.810546875, "recall": 0.4225952937938627, "f1": 0.555545505526511, "min_score": 0.5000073909759521, "AP": 25.155366823936493, "AP50": 35.82089459582933, "AP75": 28.0207334882492, "APs": 8.455548122636015, "APm": 27.671380019462998, "APl": 37.85400556578601}