{"quality": 7, "model": "R101_FPN", "elapsed": 643.4615440368652, "tp": 16571, "fp": 90274, "precision": 0.15509382750713652, "recall": 0.4560616485482317, "f1": 0.23147087582064538, "min_score": 0.050000905990600586, "AP": 6.680640622977019, "AP50": 11.60015891795269, "AP75": 6.680985442375607, "APs": 3.0998387217857597, "APm": 7.622182228322033, "APl": 9.571643303697606}