{"quality": 92, "model": "X101", "elapsed": 2950.2324266433716, "tp": 26396, "fp": 10260, "precision": 0.7201003928415539, "recall": 0.7264620888950049, "f1": 0.7232672521269746, "min_score": 0.5000298619270325, "AP": 39.33798369321717, "AP50": 56.623268749535185, "AP75": 43.57241680934476, "APs": 21.933549213609886, "APm": 42.41400525826245, "APl": 51.815056725269415}