{"quality": 58, "model": "R50_FPN", "elapsed": 485.5016531944275, "tp": 41530, "fp": 106662, "precision": 0.28024454761390627, "recall": 1.1429750928856475, "f1": 0.4501238301170018, "min_score": 0.0500001460313797, "AP": 37.7582994428105, "AP50": 57.88389129026519, "AP75": 40.92486659180362, "APs": 21.177167037377465, "APm": 40.93771711614938, "APl": 50.19281342284191}