{"quality": 20, "model": "R50", "elapsed": 500.63888335227966, "tp": 40631, "fp": 410763, "precision": 0.09001227309180007, "recall": 1.1182331085730013, "f1": 0.16661301665474065, "min_score": 0.0500003844499588, "AP": 26.391419634872292, "AP50": 42.333919764845014, "AP75": 27.475559535301176, "APs": 12.189755189535601, "APm": 28.645684304771844, "APl": 36.475250500503535}