{"quality": 5, "model": "R50_DC5", "elapsed": 1055.752133846283, "tp": 12148, "fp": 230416, "precision": 0.05008162794149173, "recall": 0.3343332874638778, "f1": 0.08711397315874206, "min_score": 0.05000004544854164, "AP": 2.815232172254892, "AP50": 5.298334579190101, "AP75": 2.621770559213634, "APs": 1.46079632355049, "APm": 3.4379024028256384, "APl": 4.4673248336240166}