{"quality": 89, "model": "R50_FPN", "elapsed": 563.2375719547272, "tp": 25614, "fp": 11182, "precision": 0.6961082726383303, "recall": 0.7049401403605339, "f1": 0.700496369528654, "min_score": 0.5000230669975281, "AP": 36.39490861686415, "AP50": 53.65919557233701, "AP75": 40.446875233447074, "APs": 18.868723814736036, "APm": 39.67218862642325, "APl": 49.14504373645455}