{"quality": 36, "model": "R101", "elapsed": 702.1794600486755, "tp": 16919, "fp": 3705, "precision": 0.8203549262994569, "recall": 0.4656391908628045, "f1": 0.5940764409487527, "min_score": 0.5000027418136597, "AP": 28.60209692461271, "AP50": 40.268140609909494, "AP75": 31.65523837625848, "APs": 11.099310305247894, "APm": 31.223980276367342, "APl": 41.41256312390815}