{"quality": 10, "model": "R101_FPN", "elapsed": 642.0987186431885, "tp": 10125, "fp": 6004, "precision": 0.627751255502511, "recall": 0.2786569423420944, "f1": 0.3859789569990851, "min_score": 0.5000070333480835, "AP": 10.653109105133417, "AP50": 17.020154433467827, "AP75": 11.30440507415584, "APs": 4.13734632027313, "APm": 12.238522131303373, "APl": 15.06931204297535}