{"quality": 100, "model": "R101_FPN", "elapsed": 726.6582114696503, "tp": 26162, "fp": 10693, "precision": 0.7098629765296431, "recall": 0.7200220173386542, "f1": 0.7149064079792321, "min_score": 0.5000002384185791, "AP": 38.38628288588089, "AP50": 55.42617848927386, "AP75": 42.574567850158054, "APs": 20.823178310715175, "APm": 42.00671297643188, "APl": 51.164144519833776}