{"quality": 89, "model": "R101_C4", "elapsed": 1589.1088345050812, "tp": 28519, "fp": 16793, "precision": 0.62939177259887, "recall": 0.784890601348562, "f1": 0.6985927223290507, "min_score": 0.5000126957893372, "AP": 38.00782222173482, "AP50": 55.68492548349578, "AP75": 41.25829186361944, "APs": 18.73466046926639, "APm": 42.00222193517419, "APl": 53.30661676138659}