{"quality": 69, "model": "R50_C4", "elapsed": 1366.1851933002472, "tp": 26794, "fp": 16806, "precision": 0.6145412844036697, "recall": 0.7374157148754644, "f1": 0.6703946956902483, "min_score": 0.5000051259994507, "AP": 34.271350197332374, "AP50": 51.28034375238565, "AP75": 37.47456424783786, "APs": 15.236935942271893, "APm": 37.73641582117906, "APl": 49.79169550504424}