{"quality": 96, "model": "R50", "elapsed": 484.14377880096436, "tp": 18865, "fp": 4306, "precision": 0.8141642570454447, "recall": 0.5191963671391221, "f1": 0.6340537088696938, "min_score": 0.5000002384185791, "AP": 31.657222570637806, "AP50": 44.49248703029648, "AP75": 35.23219792603398, "APs": 14.034879656261786, "APm": 35.08334271194295, "APl": 44.21318180909562}