{"quality": 99, "model": "R101_C4", "elapsed": 1618.5838227272034, "tp": 43115, "fp": 127627, "precision": 0.25251549120895855, "recall": 1.1865969450942617, "f1": 0.41641514992007805, "min_score": 0.05000044032931328, "AP": 41.026953677289605, "AP50": 61.281439850202155, "AP75": 44.153672693913016, "APs": 22.11037337242836, "APm": 45.346892027560635, "APl": 55.81908694026899}