{"quality": 15, "model": "R101", "elapsed": 670.6804320812225, "tp": 38576, "fp": 404990, "precision": 0.08696789203861433, "recall": 1.0616760699050503, "f1": 0.16076649142218916, "min_score": 0.050001755356788635, "AP": 22.505641582552315, "AP50": 36.67951196437843, "AP75": 23.285694584586853, "APs": 10.362473597342545, "APm": 25.36815136021869, "APl": 31.133599839660214}