{"quality": 12, "model": "R50_DC5", "elapsed": 1090.7321112155914, "tp": 32794, "fp": 205878, "precision": 0.13740195749815648, "recall": 0.9025457547818907, "f1": 0.2384957473809758, "min_score": 0.05000001937150955, "AP": 16.654852816035465, "AP50": 28.861128558831474, "AP75": 16.963182499875604, "APs": 8.00303577251042, "APm": 18.99957552294655, "APl": 24.413580170385558}