{"quality": 38, "model": "R50_FPN", "elapsed": 485.1382312774658, "tp": 40740, "fp": 109831, "precision": 0.27057003008547464, "recall": 1.1212329709646347, "f1": 0.43594106128214194, "min_score": 0.050000861287117004, "AP": 35.66680204878612, "AP50": 55.44851987629759, "AP75": 38.44068719240747, "APs": 19.33863260479231, "APm": 38.83119552788191, "APl": 48.080147909173064}