{"quality": 70, "model": "R50_C4", "elapsed": 1297.9773552417755, "tp": 41514, "fp": 136762, "precision": 0.23286364962193454, "recall": 1.1425347461125637, "f1": 0.38687672113731353, "min_score": 0.05000105872750282, "AP": 36.89851271249903, "AP50": 56.69926511740747, "AP75": 39.38005912903819, "APs": 18.4917119794659, "APm": 40.977136562207846, "APl": 51.89700687165294}