{"quality": 78, "model": "R101_FPN", "elapsed": 650.324093580246, "tp": 42006, "fp": 90693, "precision": 0.31655099134130626, "recall": 1.1560754093848906, "f1": 0.49701243536803247, "min_score": 0.05000036209821701, "AP": 41.03908452349297, "AP50": 61.404691188387226, "AP75": 44.71880186353922, "APs": 24.423749966543678, "APm": 44.27642177739312, "APl": 54.02643751521592}