{"quality": 2, "model": "X101", "elapsed": 2944.3901579380035, "tp": 1312, "fp": 15042, "precision": 0.08022502140149199, "recall": 0.03610843539287189, "f1": 0.049801666381977264, "min_score": 0.0500163771212101, "AP": 0.7227344637003964, "AP50": 1.37110754245953, "AP75": 0.6759033070065815, "APs": 0.18531170203383102, "APm": 0.6503413846938874, "APl": 1.512696425139282}