{"quality": 50, "model": "R101_DC5", "elapsed": 1134.6617681980133, "tp": 42426, "fp": 122823, "precision": 0.25673982898534936, "recall": 1.1676345121783405, "f1": 0.42092626398920546, "min_score": 0.05000016465783119, "AP": 37.641028748831815, "AP50": 58.11434167034509, "AP75": 40.17084696014368, "APs": 19.187892416102915, "APm": 41.48121377801174, "APl": 52.051894218736514}