{"quality": 9, "model": "R50_FPN", "elapsed": 550.7156095504761, "tp": 8713, "fp": 6131, "precision": 0.5869711668014013, "recall": 0.23979633961744873, "f1": 0.34049121710076397, "min_score": 0.5000180006027222, "AP": 8.467831009729126, "AP50": 13.891778311254166, "AP75": 8.87381275478225, "APs": 3.8344026249292886, "APm": 9.593241889205881, "APl": 11.714259075436706}