{"quality": 25, "model": "X101", "elapsed": 2917.7140378952026, "tp": 37967, "fp": 76447, "precision": 0.33183876099078785, "recall": 1.044915370854548, "f1": 0.5037114674060856, "min_score": 0.05000006780028343, "AP": 33.98367040387258, "AP50": 53.09222612038479, "AP75": 35.92170414060616, "APs": 18.098858961210308, "APm": 37.15867967708745, "APl": 46.00028147161216}