{"quality": 1, "model": "R101_C4", "elapsed": 1847.6294298171997, "tp": 2671, "fp": 143399, "precision": 0.01828575340590128, "recall": 0.07351038943167744, "f1": 0.029286477892601623, "min_score": 0.05000041797757149, "AP": 0.8188940293904138, "AP50": 1.5065327781849558, "AP75": 0.7582827058952446, "APs": 0.25816254265224337, "APm": 0.7165849601881266, "APl": 1.7073176578600653}