{"quality": 32, "model": "R101_FPN", "elapsed": 646.652902841568, "tp": 22336, "fp": 9028, "precision": 0.71215406198189, "recall": 0.6147240952249897, "f1": 0.6598620363668593, "min_score": 0.500038206577301, "AP": 32.045181570696364, "AP50": 47.304208002747025, "AP75": 35.039886806179446, "APs": 14.739330087841365, "APm": 35.03327436952629, "APl": 45.77117278465}