{"quality": 10, "model": "R101", "elapsed": 670.8999583721161, "tp": 32315, "fp": 429882, "precision": 0.069916074747348, "recall": 0.8893628732626944, "f1": 0.12964062487463193, "min_score": 0.05000011622905731, "AP": 12.992106452686933, "AP50": 22.132150662843678, "AP75": 12.981124095748026, "APs": 5.513791354033157, "APm": 14.789994297728404, "APl": 18.862357469365858}