{"quality": 28, "model": "R101_FPN", "elapsed": 649.1575300693512, "tp": 39634, "fp": 96017, "precision": 0.29217624639700407, "recall": 1.0907940002752168, "f1": 0.4608979800681451, "min_score": 0.0500001385807991, "AP": 34.937091051481495, "AP50": 53.92782215334609, "AP75": 37.439724048466125, "APs": 18.361067964179004, "APm": 37.847273690912935, "APl": 47.83816118069193}