{"quality": 60, "model": "R101_C4", "elapsed": 1597.1243538856506, "tp": 26950, "fp": 15711, "precision": 0.6317245259135978, "recall": 0.7417090959130315, "f1": 0.6823130285077725, "min_score": 0.5000067353248596, "AP": 36.02401046118227, "AP50": 52.933521888387425, "AP75": 39.29161196187265, "APs": 16.042836892446193, "APm": 40.188555613714186, "APl": 51.58406734709434}