{"quality": 92, "model": "R101_FPN", "elapsed": 647.9807584285736, "tp": 25953, "fp": 10514, "precision": 0.7116845367044177, "recall": 0.714269987615247, "f1": 0.7129749182714761, "min_score": 0.5000055432319641, "AP": 38.07429222959905, "AP50": 55.012093632175485, "AP75": 42.323695394230086, "APs": 20.57631852511228, "APm": 41.622932954170274, "APl": 50.97601350674478}