{"quality": 23, "model": "R101_DC5", "elapsed": 1138.8101625442505, "tp": 40208, "fp": 139540, "precision": 0.22369094510091905, "recall": 1.1065914407595983, "f1": 0.37215329294761734, "min_score": 0.050001148134469986, "AP": 31.51512861040584, "AP50": 50.36068142346758, "AP75": 33.052425320412254, "APs": 14.343248640733078, "APm": 34.98253258136225, "APl": 44.59200239770988}