{"quality": 8, "model": "R101", "elapsed": 670.2626023292542, "tp": 27512, "fp": 431987, "precision": 0.05987390614560641, "recall": 0.7571762763176001, "f1": 0.11097262390235443, "min_score": 0.050000034272670746, "AP": 8.802766297795566, "AP50": 15.393587587873625, "AP75": 8.682161227341723, "APs": 3.397481721897437, "APm": 10.248940166469392, "APl": 13.739609098206905}