{"quality": 84, "model": "R50", "elapsed": 484.01567339897156, "tp": 18421, "fp": 4142, "precision": 0.8164251207729468, "recall": 0.5069767441860465, "f1": 0.6255220890352813, "min_score": 0.5000289678573608, "AP": 30.968356442860546, "AP50": 43.55438037790707, "AP75": 34.19113845023486, "APs": 12.79646854991394, "APm": 34.259849303072215, "APl": 43.4962110363792}