{"quality": 37, "model": "R101_DC5", "elapsed": 1135.9365649223328, "tp": 41852, "fp": 126771, "precision": 0.24819864431305338, "recall": 1.151837071693959, "f1": 0.4083958664702037, "min_score": 0.05000133812427521, "AP": 36.102594631102946, "AP50": 56.1766292470815, "AP75": 38.20453798705113, "APs": 17.494712072463336, "APm": 39.81879973547356, "APl": 49.99587866403542}