{"quality": 78, "model": "R101_DC5", "elapsed": 1132.5171625614166, "tp": 43178, "fp": 121193, "precision": 0.26268624027352755, "recall": 1.1883308105132793, "f1": 0.4302611780415135, "min_score": 0.05000007525086403, "AP": 39.540545745681385, "AP50": 60.43600492839144, "AP75": 42.752944709660845, "APs": 20.855596700097628, "APm": 43.753463262760725, "APl": 53.41122832854096}