{"quality": 43, "model": "R50_DC5", "elapsed": 1050.1735033988953, "tp": 41855, "fp": 134270, "precision": 0.23764371894960964, "recall": 1.1519196367139122, "f1": 0.39400357714393297, "min_score": 0.0500008761882782, "AP": 35.30660317262481, "AP50": 55.69766658729443, "AP75": 37.62209610991549, "APs": 17.968040101680668, "APm": 38.91364183690241, "APl": 48.926269399950286}