{"quality": 21, "model": "R101_DC5", "elapsed": 1133.8237173557281, "tp": 23167, "fp": 15264, "precision": 0.6028206395878327, "recall": 0.6375946057520298, "f1": 0.6197201936709199, "min_score": 0.5000187158584595, "AP": 27.54299651436091, "AP50": 43.11443414637914, "AP75": 29.403286286200213, "APs": 11.45053722013125, "APm": 30.852408655549663, "APl": 39.449516933589365}