{"quality": 51, "model": "R50_DC5", "elapsed": 1000.1787257194519, "tp": 42027, "fp": 131667, "precision": 0.2419599986182597, "recall": 1.1566533645245631, "f1": 0.40020187688366843, "min_score": 0.05000055208802223, "AP": 36.17792640509065, "AP50": 56.81398404169482, "AP75": 38.75436774470863, "APs": 18.17009029910019, "APm": 40.0385906738525, "APl": 50.01711937954594}