{"quality": 62, "model": "R50", "elapsed": 498.8024754524231, "tp": 44224, "fp": 363449, "precision": 0.1084790996705693, "recall": 1.2171184808036328, "f1": 0.19920361795282968, "min_score": 0.050000306218862534, "AP": 36.217447759356155, "AP50": 55.044700638128866, "AP75": 38.067800883517435, "APs": 20.07709315417692, "APm": 39.612707196668836, "APl": 48.11582740780411}