{"quality": 82, "model": "R50_FPN", "elapsed": 485.745201587677, "tp": 42323, "fp": 106194, "precision": 0.28497074408990214, "recall": 1.1647997798266134, "f1": 0.4579122757665592, "min_score": 0.05000172555446625, "AP": 39.43414927696625, "AP50": 59.9044706356685, "AP75": 42.718806507823814, "APs": 23.13977199893788, "APm": 42.610571470946496, "APl": 51.386293792522764}