{"quality": 100, "model": "R50", "elapsed": 498.82112550735474, "tp": 45335, "fp": 358112, "precision": 0.11236915877426279, "recall": 1.2476950598596395, "f1": 0.2061703298452415, "min_score": 0.05000012367963791, "AP": 38.638328242033474, "AP50": 58.00079452979606, "AP75": 41.335238420267025, "APs": 23.35655431771339, "APm": 42.30399870198589, "APl": 50.250972776615335}