{"quality": 94, "model": "R50_FPN", "elapsed": 485.45746636390686, "tp": 42789, "fp": 107562, "precision": 0.28459404992317977, "recall": 1.1776248795926791, "f1": 0.4584060936545858, "min_score": 0.05000019073486328, "AP": 40.111400273978965, "AP50": 60.782112768832796, "AP75": 43.62927908482935, "APs": 23.79738697114583, "APm": 43.43294672648601, "APl": 51.77511643671241}