{"quality": 73, "model": "R101_FPN", "elapsed": 649.7506141662598, "tp": 41738, "fp": 90592, "precision": 0.31540844857553085, "recall": 1.1486996009357369, "f1": 0.4949218865799069, "min_score": 0.050000376999378204, "AP": 40.75952735690778, "AP50": 60.931692279803976, "AP75": 44.3332836838206, "APs": 23.655081786117837, "APm": 44.05729056664527, "APl": 53.615384114453626}