{"quality": 45, "model": "X101", "elapsed": 2950.8788356781006, "tp": 24238, "fp": 9409, "precision": 0.7203613992332154, "recall": 0.6670703178753268, "f1": 0.6926924066188448, "min_score": 0.500001847743988, "AP": 35.81492927420739, "AP50": 52.33632418814154, "AP75": 39.088886838897416, "APs": 17.766335229339706, "APm": 38.64392072200816, "APl": 48.869523279301774}