{"quality": 79, "model": "R101", "elapsed": 670.0894203186035, "tp": 45282, "fp": 329693, "precision": 0.12076005067004467, "recall": 1.2462364111737994, "f1": 0.22018428922224112, "min_score": 0.0500003844499588, "AP": 39.48041553856158, "AP50": 59.02313565067057, "AP75": 42.0501840811195, "APs": 22.155101991679533, "APm": 43.38792382423755, "APl": 51.639101156659976}