{"quality": 39, "model": "R50_FPN", "elapsed": 560.1450097560883, "tp": 22798, "fp": 9869, "precision": 0.6978908378485934, "recall": 0.6274391082977845, "f1": 0.6607924407988175, "min_score": 0.5000181794166565, "AP": 31.81294960515462, "AP50": 47.81187063749497, "AP75": 35.0280445725171, "APs": 15.141906870676888, "APm": 35.00797594222239, "APl": 44.4882197765134}