{"quality": 76, "model": "R50_DC5", "elapsed": 1035.9815015792847, "tp": 27845, "fp": 17161, "precision": 0.6186952850731013, "recall": 0.7663409935324068, "f1": 0.6846485782077919, "min_score": 0.5000023245811462, "AP": 35.41903614657843, "AP50": 53.85045972243078, "AP75": 38.781030408979994, "APs": 16.931048045812318, "APm": 39.41793651334433, "APl": 49.173838194454156}