{"quality": 6, "model": "R101_DC5", "elapsed": 1118.4683396816254, "tp": 5837, "fp": 9041, "precision": 0.39232423712864634, "recall": 0.16064400715563507, "f1": 0.22794993458692134, "min_score": 0.5000342726707458, "AP": 4.645894109914421, "AP50": 7.854071338799476, "AP75": 4.773337414750326, "APs": 1.8595460251072702, "APm": 5.296650750015329, "APl": 6.794047663074373}