{"quality": 31, "model": "X101", "elapsed": 2923.7471857070923, "tp": 38766, "fp": 73047, "precision": 0.34670387164283223, "recall": 1.0669051878354203, "f1": 0.5233415233415233, "min_score": 0.050001583993434906, "AP": 36.60859734068587, "AP50": 56.32465557486201, "AP75": 38.985718375061225, "APs": 19.612877492472887, "APm": 39.521974987932104, "APl": 49.70808562907159}