{"quality": 4, "model": "R101_FPN", "elapsed": 638.7891540527344, "tp": 1207, "fp": 3702, "precision": 0.24587492360969648, "recall": 0.03321865969450943, "f1": 0.05852972553583551, "min_score": 0.5000302195549011, "AP": 1.583257326336511, "AP50": 2.682642190747763, "AP75": 1.5896024043103707, "APs": 0.4103852637387633, "APm": 1.4181792367885309, "APl": 2.8444117954205543}