{"quality": 87, "model": "X101", "elapsed": 2951.6148381233215, "tp": 26249, "fp": 10263, "precision": 0.7189143295354952, "recall": 0.7224164029172974, "f1": 0.7206611116449545, "min_score": 0.5000184774398804, "AP": 39.268952076956765, "AP50": 56.597227112195114, "AP75": 43.45329626895366, "APs": 21.997889562704756, "APm": 42.5168126666187, "APl": 51.80551617637039}