{"quality": 66, "model": "R101_C4", "elapsed": 1597.7916758060455, "tp": 42203, "fp": 124322, "precision": 0.2534334184056448, "recall": 1.161497179028485, "f1": 0.4160800552104901, "min_score": 0.050000034272670746, "AP": 39.298106012554314, "AP50": 59.101636393963005, "AP75": 42.004901918745865, "APs": 20.0524262944713, "APm": 43.593786526882916, "APl": 54.809490640527144}