{"quality": 52, "model": "R50_C4", "elapsed": 1369.6626191139221, "tp": 25989, "fp": 16958, "precision": 0.6051412205741961, "recall": 0.7152607678546856, "f1": 0.6556090915970838, "min_score": 0.5000231266021729, "AP": 32.83990989794185, "AP50": 49.66429722798508, "AP75": 35.78833945883644, "APs": 13.792897868396144, "APm": 36.126552466293695, "APl": 48.25681243958293}