{"quality": 2, "model": "R50_C4", "elapsed": 1836.954627275467, "tp": 3027, "fp": 181156, "precision": 0.01643474153423497, "recall": 0.08330810513279208, "f1": 0.027453541207520474, "min_score": 0.050000183284282684, "AP": 0.7391944800669619, "AP50": 1.3764398978288095, "AP75": 0.697323693006949, "APs": 1.2367890054345074, "APm": 0.8392733132142737, "APl": 1.2710889565476362}