{"quality": 44, "model": "R50_C4", "elapsed": 1325.099799156189, "tp": 40730, "fp": 147544, "precision": 0.21633364139498815, "recall": 1.1209577542314573, "f1": 0.3626746924655735, "min_score": 0.0500008761882782, "AP": 34.763608420761855, "AP50": 54.09365442048757, "AP75": 37.316586181406855, "APs": 16.618141361011958, "APm": 38.535409155571124, "APl": 49.56720907672468}