{"quality": 62, "model": "R50_DC5", "elapsed": 1886.172676563263, "tp": 27105, "fp": 16893, "precision": 0.6160507295786172, "recall": 0.7459749552772809, "f1": 0.6748160780750126, "min_score": 0.5000439882278442, "AP": 34.52989341253365, "AP50": 52.69278593129826, "AP75": 37.74300460722843, "APs": 16.044097283738214, "APm": 38.42269542879724, "APl": 47.95544529962853}