{"quality": 10, "model": "R50_DC5", "elapsed": 1085.498116016388, "tp": 29110, "fp": 218909, "precision": 0.11737004019853317, "recall": 0.801155910279345, "f1": 0.20474478994492779, "min_score": 0.0500001385807991, "AP": 12.630885110288354, "AP50": 22.334046131994505, "AP75": 12.553399524679007, "APs": 5.822220069441224, "APm": 14.629619332408375, "APl": 18.519036918363437}