{"quality": 78, "model": "X101", "elapsed": 2951.952849149704, "tp": 40821, "fp": 68464, "precision": 0.3735279315551082, "recall": 1.1234622265033714, "f1": 0.5606510094767203, "min_score": 0.050001244992017746, "AP": 42.11582662873133, "AP50": 62.61838013686097, "AP75": 45.8139067216951, "APs": 25.76855970140528, "APm": 45.177032096760676, "APl": 54.25387385067114}