{"quality": 20, "model": "R101_DC5", "elapsed": 1140.3644969463348, "tp": 39363, "fp": 145532, "precision": 0.21289380459179535, "recall": 1.0833356268061098, "f1": 0.3558558965782218, "min_score": 0.05000001937150955, "AP": 29.290105462005133, "AP50": 47.59257786528519, "AP75": 30.569793353379083, "APs": 13.023042769985214, "APm": 32.35927666237937, "APl": 41.680997592818805}