{"quality": 72, "model": "R101", "elapsed": 668.8051490783691, "tp": 45107, "fp": 330773, "precision": 0.1200037245929552, "recall": 1.2414201183431952, "f1": 0.21885181276760915, "min_score": 0.05000002309679985, "AP": 38.89134613437088, "AP50": 58.15218901779532, "AP75": 41.41761632025817, "APs": 21.391887232969243, "APm": 42.69104829826618, "APl": 50.90495046121182}