{"quality": 28, "model": "R50_FPN", "elapsed": 484.9754843711853, "tp": 39751, "fp": 114608, "precision": 0.2575230469230819, "recall": 1.094014036053392, "f1": 0.41690876482741984, "min_score": 0.05000069737434387, "AP": 32.767022834717714, "AP50": 51.974780506163945, "AP75": 35.079976677763796, "APs": 17.48766369294075, "APm": 35.74002014051466, "APl": 44.556100036360206}