{"quality": 64, "model": "R50_DC5", "elapsed": 1351.1521167755127, "tp": 27239, "fp": 16829, "precision": 0.6181129164019243, "recall": 0.7496628595018577, "f1": 0.6775617825205528, "min_score": 0.5000128149986267, "AP": 34.720061171669855, "AP50": 52.937517406107595, "AP75": 38.09759676237965, "APs": 16.07096842829055, "APm": 38.691170310113904, "APl": 48.27321624691177}