{"quality": 10, "model": "R101_DC5", "elapsed": 1134.1792373657227, "tp": 13708, "fp": 12568, "precision": 0.5216927995128634, "recall": 0.37726709783954865, "f1": 0.4378783280893134, "min_score": 0.5000064373016357, "AP": 12.174816210099552, "AP50": 19.912574639727293, "AP75": 12.880987284141355, "APs": 4.958978630784181, "APm": 13.701069389023507, "APl": 17.238030599721895}