{"quality": 78, "model": "R101_FPN", "elapsed": 647.7870488166809, "tp": 25300, "fp": 9917, "precision": 0.7184030439844393, "recall": 0.6962983349387643, "f1": 0.7071779964221826, "min_score": 0.5000016093254089, "AP": 37.298172101851115, "AP50": 54.05147229698218, "AP75": 41.35549802318398, "APs": 19.540251339877493, "APm": 40.72067035582246, "APl": 50.7608674004534}