{"quality": 26, "model": "R50", "elapsed": 500.4679868221283, "tp": 42223, "fp": 393436, "precision": 0.09691754330795416, "recall": 1.1620476124948398, "f1": 0.17891329127065175, "min_score": 0.050000328570604324, "AP": 30.41513331412918, "AP50": 47.55735568960879, "AP75": 31.747198250666074, "APs": 15.970067940987729, "APm": 33.580638130533686, "APl": 41.47491444924905}