{"quality": 18, "model": "R50_DC5", "elapsed": 1041.3409323692322, "tp": 21455, "fp": 17264, "precision": 0.5541207159275807, "recall": 0.5904775010320628, "f1": 0.5717216937138594, "min_score": 0.5000073909759521, "AP": 23.20265845722841, "AP50": 37.57739675129953, "AP75": 24.606527756677522, "APs": 9.499634854174253, "APm": 26.070013251988133, "APl": 34.141116445860995}