{"quality": 64, "model": "R50_DC5", "elapsed": 992.1065473556519, "tp": 42365, "fp": 128918, "precision": 0.24733919886970687, "recall": 1.1659556901059585, "f1": 0.40810527025595084, "min_score": 0.0500003956258297, "AP": 37.162148317733056, "AP50": 58.130192949289686, "AP75": 40.05065921409191, "APs": 18.70736278019279, "APm": 41.27584452644288, "APl": 50.611290453520795}