{"quality": 35, "model": "R101", "elapsed": 701.5317702293396, "tp": 16797, "fp": 3663, "precision": 0.8209677419354838, "recall": 0.46228154671804045, "f1": 0.5914957302579452, "min_score": 0.5000012516975403, "AP": 28.336265454056658, "AP50": 39.93574106588706, "AP75": 31.215061266538303, "APs": 10.845206875992522, "APm": 31.035544663209947, "APl": 40.98172707631592}