{"quality": 35, "model": "R101_DC5", "elapsed": 1129.8620915412903, "tp": 25972, "fp": 15899, "precision": 0.6202861168828068, "recall": 0.714792899408284, "f1": 0.6641945630770018, "min_score": 0.500002384185791, "AP": 33.29459609015377, "AP50": 50.62447762615394, "AP75": 35.834410911441886, "APs": 14.607827255221299, "APm": 36.80107277834035, "APl": 47.42985058292995}