{"quality": 57, "model": "R50_C4", "elapsed": 1365.2747430801392, "tp": 26326, "fp": 16908, "precision": 0.6089189064162465, "recall": 0.7245355717627632, "f1": 0.6617149895059633, "min_score": 0.5000019669532776, "AP": 33.40989994462072, "AP50": 50.20853061115405, "AP75": 36.70295003598969, "APs": 14.275675200651017, "APm": 36.78700279837707, "APl": 48.74203817158861}