{"quality": 83, "model": "R50", "elapsed": 498.6883361339569, "tp": 44870, "fp": 357514, "precision": 0.11151039802775459, "recall": 1.2348974817668914, "f1": 0.20455006507582302, "min_score": 0.050000306218862534, "AP": 37.90901094271148, "AP50": 56.97092030321143, "AP75": 40.487334294784134, "APs": 22.278765636062662, "APm": 41.370928577486424, "APl": 49.69149576927511}