{"quality": 65, "model": "R50_FPN", "elapsed": 559.1867580413818, "tp": 24264, "fp": 10312, "precision": 0.7017584451642758, "recall": 0.667785881381588, "f1": 0.6843508059398401, "min_score": 0.5000264644622803, "AP": 34.538530061467426, "AP50": 51.13274956676054, "AP75": 38.29612318249616, "APs": 16.61112163795116, "APm": 37.7933045766783, "APl": 47.595069820110766}