{"quality": 7, "model": "R50_FPN", "elapsed": 480.1806170940399, "tp": 17820, "fp": 120574, "precision": 0.1287628076361692, "recall": 0.49043621852208613, "f1": 0.20397300963205878, "min_score": 0.05000019818544388, "AP": 6.413922071529936, "AP50": 11.417552560529407, "AP75": 6.37179581465475, "APs": 3.115389682258844, "APm": 7.404590892205448, "APl": 9.360203943648647}