{"quality": 67, "model": "R50_FPN", "elapsed": 561.9420895576477, "tp": 24349, "fp": 10443, "precision": 0.6998447919061853, "recall": 0.6701252236135957, "f1": 0.6846626456901037, "min_score": 0.5000079870223999, "AP": 34.71822246105087, "AP50": 51.26129494692599, "AP75": 38.622857758660146, "APs": 17.076496498315603, "APm": 37.81240011982442, "APl": 47.68752019370865}