{"quality": 97, "model": "R101_C4", "elapsed": 1590.1792373657227, "tp": 28770, "fp": 17255, "precision": 0.6250950570342205, "recall": 0.7917985413513141, "f1": 0.6986401165614375, "min_score": 0.5000038743019104, "AP": 38.428079812430425, "AP50": 56.08613076334089, "AP75": 42.005499598578375, "APs": 19.045086225733463, "APm": 42.75342033698731, "APl": 53.32503534251936}