{"quality": 43, "model": "R50_FPN", "elapsed": 485.01106357574463, "tp": 40947, "fp": 108748, "precision": 0.2735361902535155, "recall": 1.1269299573414064, "f1": 0.4402193194646026, "min_score": 0.05000002309679985, "AP": 36.23958637557774, "AP50": 56.07604400239625, "AP75": 39.09231998217934, "APs": 19.69432353014426, "APm": 39.186595592330015, "APl": 48.64604390490781}