{"quality": 91, "model": "R50_C4", "elapsed": 1296.0690124034882, "tp": 42254, "fp": 135831, "precision": 0.23726871999326166, "recall": 1.1629007843676895, "f1": 0.39412368249230484, "min_score": 0.05000097304582596, "AP": 38.083072145806504, "AP50": 58.21192711148454, "AP75": 40.83835322437706, "APs": 20.23444085988262, "APm": 42.40914770487256, "APl": 52.89987492506102}