{"quality": 85, "model": "R101_FPN", "elapsed": 650.3418147563934, "tp": 42248, "fp": 91881, "precision": 0.31498035473313, "recall": 1.1627356543277831, "f1": 0.49568237281772104, "min_score": 0.05000050365924835, "AP": 41.51445444817996, "AP50": 61.89016391688492, "AP75": 44.98959444583808, "APs": 24.613083600999882, "APm": 44.8875015414414, "APl": 54.104516809942496}