{"quality": 94, "model": "R101_DC5", "elapsed": 1132.3297274112701, "tp": 43704, "fp": 123580, "precision": 0.26125630664020466, "recall": 1.2028072106784093, "f1": 0.4292723174163511, "min_score": 0.050001468509435654, "AP": 40.3895891741103, "AP50": 61.39057579935413, "AP75": 43.661336943768916, "APs": 23.322927421383326, "APm": 44.725494848979565, "APl": 54.106943936501615}