{"quality": 44, "model": "R50", "elapsed": 484.09648728370667, "tp": 16569, "fp": 3725, "precision": 0.8164482112939785, "recall": 0.45600660520159625, "f1": 0.5851772060251814, "min_score": 0.5000030994415283, "AP": 27.59867334773494, "AP50": 39.00276514734708, "AP75": 30.291371265353966, "APs": 10.529474477617951, "APm": 30.340059903892367, "APl": 40.78087862723392}