{"quality": 25, "model": "R50_DC5", "elapsed": 1038.4218282699585, "tp": 23906, "fp": 16974, "precision": 0.5847847358121331, "recall": 0.6579331223338379, "f1": 0.6192061128019167, "min_score": 0.5000067949295044, "AP": 28.370681792492114, "AP50": 44.73168192316494, "AP75": 30.497131381381788, "APs": 11.990340614027499, "APm": 31.482305615675866, "APl": 40.95497484716417}