{"quality": 31, "model": "R50_C4", "elapsed": 1364.7937593460083, "tp": 24316, "fp": 17471, "precision": 0.5819034627994353, "recall": 0.6692170083941104, "f1": 0.6225135045185736, "min_score": 0.5000068545341492, "AP": 29.860186028632345, "AP50": 45.80864800989827, "AP75": 32.32499850866734, "APs": 12.029312221878856, "APm": 32.86754484650015, "APl": 44.63973797607933}