{"quality": 36, "model": "R50_C4", "elapsed": 1341.3023138046265, "tp": 25075, "fp": 17169, "precision": 0.5935754189944135, "recall": 0.6901059584422733, "f1": 0.6382112269181334, "min_score": 0.5000367760658264, "AP": 31.079100917839003, "AP50": 47.40482628696564, "AP75": 33.61201477581389, "APs": 12.78201170428537, "APm": 34.29007684456412, "APl": 46.010887126773994}