{"quality": 74, "model": "R101_C4", "elapsed": 1593.9943180084229, "tp": 42494, "fp": 123818, "precision": 0.25550772042907305, "recall": 1.1695059859639465, "f1": 0.4193893815353792, "min_score": 0.05000023543834686, "AP": 39.71291341193472, "AP50": 59.636116720245965, "AP75": 42.627876276614366, "APs": 20.652920189696676, "APm": 44.026413761142564, "APl": 55.14287029527548}