{"quality": 72, "model": "R101_C4", "elapsed": 1591.7528340816498, "tp": 27649, "fp": 16153, "precision": 0.6312268846171407, "recall": 0.7609467455621302, "f1": 0.6900433008472989, "min_score": 0.5000000596046448, "AP": 36.894843112994344, "AP50": 54.10810695993005, "AP75": 40.19062730715668, "APs": 16.69949444284792, "APm": 41.03153900360476, "APl": 52.60966956506087}