{"quality": 92, "model": "R101_DC5", "elapsed": 1126.4819164276123, "tp": 29035, "fp": 17457, "precision": 0.6245160457713155, "recall": 0.7990917847805147, "f1": 0.7010998828884302, "min_score": 0.5000012516975403, "AP": 38.02869546608276, "AP50": 56.47226881259827, "AP75": 41.78464061712246, "APs": 19.074346759271478, "APm": 42.2756110435296, "APl": 52.10518543938437}