{"quality": 60, "model": "R50_C4", "elapsed": 1373.489627122879, "tp": 26346, "fp": 16721, "precision": 0.6117444911417095, "recall": 0.7250860052291179, "f1": 0.663610488400796, "min_score": 0.5000038743019104, "AP": 33.61332243301487, "AP50": 50.47431167334323, "AP75": 36.718714566824964, "APs": 14.912347702930495, "APm": 36.869507719753805, "APl": 49.115112430332495}