{"quality": 73, "model": "R101_DC5", "elapsed": 1132.6851780414581, "tp": 42977, "fp": 120669, "precision": 0.262621756718771, "recall": 1.182798954176414, "f1": 0.4298108320290428, "min_score": 0.050000183284282684, "AP": 39.2352869558829, "AP50": 59.98157490340691, "AP75": 42.093555420393805, "APs": 20.416856750788533, "APm": 43.323822173462474, "APl": 53.53753339616453}