{"quality": 49, "model": "R50_FPN", "elapsed": 485.2976794242859, "tp": 41336, "fp": 107975, "precision": 0.2768449745832524, "recall": 1.1376358882620063, "f1": 0.4453206640595542, "min_score": 0.05000155419111252, "AP": 37.07261573690657, "AP50": 57.002166164459226, "AP75": 40.091832684474014, "APs": 20.419282302041907, "APm": 40.09574449812117, "APl": 49.671845651795856}