{"quality": 68, "model": "R101_C4", "elapsed": 1597.0692341327667, "tp": 42279, "fp": 124517, "precision": 0.2534773016139476, "recall": 1.163588826200633, "f1": 0.4162732423903787, "min_score": 0.05000055953860283, "AP": 39.34247559227841, "AP50": 59.00932570872113, "AP75": 42.086211728221976, "APs": 19.988808640808415, "APm": 43.69122582876726, "APl": 54.75877001462219}