{"quality": 88, "model": "R101_C4", "elapsed": 1594.3972294330597, "tp": 42944, "fp": 125934, "precision": 0.2542900792287924, "recall": 1.1818907389569286, "f1": 0.4185309897521112, "min_score": 0.050000835210084915, "AP": 40.659817086715236, "AP50": 60.70283051886799, "AP75": 43.70744685574903, "APs": 21.59461604543359, "APm": 44.86075250758184, "APl": 55.74317733571401}