{"quality": 55, "model": "R101_FPN", "elapsed": 647.6567485332489, "tp": 24179, "fp": 9393, "precision": 0.7202132729655666, "recall": 0.6654465391495803, "f1": 0.6917476075357261, "min_score": 0.5000165700912476, "AP": 35.25425227952337, "AP50": 51.60630189663009, "AP75": 38.6042538324985, "APs": 17.08446730493687, "APm": 38.50047261466049, "APl": 49.00945303999077}