{"quality": 34, "model": "R101_C4", "elapsed": 1618.4969058036804, "tp": 40958, "fp": 132867, "precision": 0.23562778656694952, "recall": 1.1272326957479015, "f1": 0.38977921583555386, "min_score": 0.0500006228685379, "AP": 35.88277699680744, "AP50": 54.59737314630305, "AP75": 38.01617912125564, "APs": 16.292399430978897, "APm": 39.760601131492216, "APl": 51.17753435914326}