{"quality": 50, "model": "R101_C4", "elapsed": 1603.2225739955902, "tp": 41753, "fp": 126405, "precision": 0.24829624519796858, "recall": 1.149112426035503, "f1": 0.4083562762539549, "min_score": 0.05000034347176552, "AP": 37.952270969263274, "AP50": 57.27873412934758, "AP75": 40.412782480985136, "APs": 18.46566152872582, "APm": 42.24207837818174, "APl": 53.08482810590645}