{"quality": 80, "model": "R101", "elapsed": 697.8582475185394, "tp": 18924, "fp": 4057, "precision": 0.8234628606239938, "recall": 0.5208201458648686, "f1": 0.6380740441027716, "min_score": 0.5000013113021851, "AP": 32.38348521564857, "AP50": 45.31541365094716, "AP75": 35.51652906576537, "APs": 14.284918341628877, "APm": 35.95671106804012, "APl": 45.072006353686575}