{"quality": 5, "model": "R50", "elapsed": 499.00600576400757, "tp": 13389, "fp": 448100, "precision": 0.029012609184617618, "recall": 0.3684876840511903, "f1": 0.05379009449122582, "min_score": 0.05000023916363716, "AP": 2.9388809003558456, "AP50": 5.326465169115726, "AP75": 2.83006499461707, "APs": 1.1782093783205008, "APm": 3.258753022216569, "APl": 4.904677551171895}