{"quality": 67, "model": "R50_FPN", "elapsed": 485.52529287338257, "tp": 41991, "fp": 105850, "precision": 0.2840281112817148, "recall": 1.1556625842851245, "f1": 0.45598775084701576, "min_score": 0.05000024661421776, "AP": 38.4622420028144, "AP50": 58.74053533701262, "AP75": 41.90219539618421, "APs": 21.759652455320268, "APm": 41.454878450807925, "APl": 50.611144847682525}