{"quality": 98, "model": "R101_DC5", "elapsed": 1132.8568975925446, "tp": 43688, "fp": 123967, "precision": 0.260582744326146, "recall": 1.2023668639053255, "f1": 0.42833472229030845, "min_score": 0.05000142380595207, "AP": 40.581088883981344, "AP50": 61.59973071588425, "AP75": 43.86133304491256, "APs": 23.084011931896082, "APm": 44.928603109684786, "APl": 54.318232264130806}