{"quality": 48, "model": "X101", "elapsed": 2937.855226993561, "tp": 39879, "fp": 69874, "precision": 0.3633522546080745, "recall": 1.0975368102380625, "f1": 0.5459586002957122, "min_score": 0.0500006303191185, "AP": 39.70981931756995, "AP50": 59.87381920896294, "AP75": 42.43546606531805, "APs": 22.833075511442356, "APm": 42.86732119966662, "APl": 52.61081966515858}