{"quality": 57, "model": "R101_FPN", "elapsed": 650.4939148426056, "tp": 41245, "fp": 90265, "precision": 0.313626340202266, "recall": 1.1351314159900923, "f1": 0.49146534004587566, "min_score": 0.05000090226531029, "AP": 39.30234418167507, "AP50": 59.580709584221125, "AP75": 42.275797471878754, "APs": 21.85183836994042, "APm": 42.61508862813918, "APl": 52.37134063527097}