{"quality": 100, "model": "R50_FPN", "elapsed": 486.01461911201477, "tp": 42802, "fp": 107891, "precision": 0.28403442761110337, "recall": 1.1779826613458098, "f1": 0.4577068674209209, "min_score": 0.050000131130218506, "AP": 40.19437954888384, "AP50": 60.97809374613106, "AP75": 43.91997392097589, "APs": 24.14538929972846, "APm": 43.46522361171029, "APl": 51.95089658214821}