{"quality": 5, "model": "R50_C4", "elapsed": 1839.9319806098938, "tp": 3639, "fp": 16679, "precision": 0.17910227384585098, "recall": 0.10015136920324756, "f1": 0.12846627716096237, "min_score": 0.5000140070915222, "AP": 2.739174254336451, "AP50": 4.8951361624199325, "AP75": 2.723948469734463, "APs": 1.0090573015247397, "APm": 2.8677597861115767, "APl": 4.375737684172584}