{"quality": 57, "model": "R50_FPN", "elapsed": 485.2285850048065, "tp": 41582, "fp": 106723, "precision": 0.2803816459323691, "recall": 1.1444062198981697, "f1": 0.45041161178509526, "min_score": 0.05000045895576477, "AP": 37.693763556049035, "AP50": 57.742192165486, "AP75": 40.91928266730528, "APs": 21.08609458068663, "APm": 40.88919631294886, "APl": 50.29640609445447}