{"quality": 93, "model": "R50_FPN", "elapsed": 543.4701037406921, "tp": 25760, "fp": 11365, "precision": 0.6938720538720539, "recall": 0.7089583046649236, "f1": 0.7013340593520283, "min_score": 0.5000461339950562, "AP": 36.44045281527667, "AP50": 53.681124264949396, "AP75": 40.336891096577595, "APs": 19.167523408836438, "APm": 39.91736531455375, "APl": 48.94985612153756}