{"quality": 4, "model": "R50", "elapsed": 477.89673948287964, "tp": 618, "fp": 1253, "precision": 0.33030464991982894, "recall": 0.01700839411036191, "f1": 0.03235093964298801, "min_score": 0.5001240968704224, "AP": 1.114123926791257, "AP50": 1.8156493159539613, "AP75": 1.2210221188268422, "APs": 0.3718868604293085, "APm": 1.225700117473338, "APl": 1.8224687844663339}