{"quality": 52, "model": "R101_C4", "elapsed": 1602.793713092804, "tp": 41760, "fp": 126206, "precision": 0.2486217448769394, "recall": 1.149305077748727, "f1": 0.40880857166631585, "min_score": 0.05000041425228119, "AP": 38.09525262258927, "AP50": 57.58364694090871, "AP75": 40.609049169314844, "APs": 19.280434527940983, "APm": 42.555575654149955, "APl": 53.40107132154153}