{"quality": 10, "model": "R101_C4", "elapsed": 1826.7102015018463, "tp": 28985, "fp": 209021, "precision": 0.12178264413502181, "recall": 0.7977157011146278, "f1": 0.21130636689375631, "min_score": 0.050000060349702835, "AP": 14.249394495368929, "AP50": 23.722011882932346, "AP75": 14.649858344239586, "APs": 5.763880315625503, "APm": 16.095907797449048, "APl": 21.86577635532638}