{"quality": 41, "model": "R101_DC5", "elapsed": 1128.0755524635315, "tp": 26411, "fp": 15916, "precision": 0.6239752403902946, "recall": 0.7268749139947709, "f1": 0.6715059367928606, "min_score": 0.5000163912773132, "AP": 34.2403619223357, "AP50": 51.65731162641413, "AP75": 37.12054008253328, "APs": 15.427827447495993, "APm": 38.10497046111139, "APl": 48.599464482805196}