{"quality": 3, "model": "R101_DC5", "elapsed": 1104.5944068431854, "tp": 978, "fp": 6100, "precision": 0.1381746256004521, "recall": 0.02691619650474749, "f1": 0.04505562849837606, "min_score": 0.5000433325767517, "AP": 1.041350946398711, "AP50": 1.7377136636834873, "AP75": 1.0506970268764342, "APs": 0.359398621329595, "APm": 0.9236327475707151, "APl": 1.6877553324016759}