{"quality": 55, "model": "R101_C4", "elapsed": 1597.3428502082825, "tp": 26770, "fp": 15716, "precision": 0.6300899119710022, "recall": 0.7367551947158387, "f1": 0.6792606031387575, "min_score": 0.5000041127204895, "AP": 35.567699019015905, "AP50": 52.41015435229662, "AP75": 38.80895266250781, "APs": 15.760586061271578, "APm": 39.7364604036801, "APl": 51.42984340524313}