{"quality": 76, "model": "R101_FPN", "elapsed": 650.3255407810211, "tp": 41829, "fp": 90761, "precision": 0.3154762802624632, "recall": 1.151204073207651, "f1": 0.4952375314488678, "min_score": 0.050001390278339386, "AP": 40.92865971032261, "AP50": 61.17166546449631, "AP75": 44.919078244697126, "APs": 23.73590056202457, "APm": 44.18697789845968, "APl": 54.245887547351025}