{"quality": 46, "model": "R50_DC5", "elapsed": 1047.4451756477356, "tp": 42033, "fp": 132659, "precision": 0.24061204863416757, "recall": 1.1568184945644695, "f1": 0.39836608585631217, "min_score": 0.050000641494989395, "AP": 35.81165933381945, "AP50": 56.415962402458405, "AP75": 38.475854132177076, "APs": 17.357560772235285, "APm": 39.52291063510214, "APl": 49.46668823773629}