{"quality": 12, "model": "R50_FPN", "elapsed": 552.0419907569885, "tp": 12825, "fp": 7395, "precision": 0.634272997032641, "recall": 0.35296546029998627, "f1": 0.4535408009901866, "min_score": 0.5000118017196655, "AP": 13.731515886364578, "AP50": 21.953550612557827, "AP75": 14.810457967841728, "APs": 5.839678715213061, "APm": 15.603786561104549, "APl": 19.826051895745113}