{"quality": 5, "model": "R50_FPN", "elapsed": 478.7500870227814, "tp": 8789, "fp": 126452, "precision": 0.06498768864471573, "recall": 0.2418879867895968, "f1": 0.10245022613885392, "min_score": 0.05000090226531029, "AP": 2.9731426720378438, "AP50": 5.439918493492495, "AP75": 2.9271713034135045, "APs": 1.4883474285860574, "APm": 3.351574579249857, "APl": 4.789653455637012}