{"quality": 56, "model": "R101_DC5", "elapsed": 1128.2748730182648, "tp": 27313, "fp": 16270, "precision": 0.6266893054631393, "recall": 0.7516994633273703, "f1": 0.6835256137540979, "min_score": 0.5000405311584473, "AP": 35.63102370232373, "AP50": 53.44914036079069, "AP75": 38.87048535110701, "APs": 16.405681501785935, "APm": 39.44715590126569, "APl": 50.0084237777867}