{"quality": 99, "model": "R50", "elapsed": 499.2753381729126, "tp": 45312, "fp": 358002, "precision": 0.11234918698582246, "recall": 1.2470620613733314, "f1": 0.20612807034702685, "min_score": 0.05000023916363716, "AP": 38.627678723642, "AP50": 57.99111433184384, "AP75": 41.343670924623524, "APs": 23.39781762027856, "APm": 42.2324220327952, "APl": 50.31617347301908}