{"quality": 26, "model": "X101", "elapsed": 2917.384806394577, "tp": 38118, "fp": 75772, "precision": 0.334691368864694, "recall": 1.0490711435255264, "f1": 0.5074787818272591, "min_score": 0.050000134855508804, "AP": 34.59530718077354, "AP50": 53.9268185886393, "AP75": 36.63108953869181, "APs": 18.3192226072216, "APm": 37.791474989068384, "APl": 47.0946365777377}