{"quality": 48, "model": "R50_C4", "elapsed": 1318.2455706596375, "tp": 40773, "fp": 145572, "precision": 0.21880383160267247, "recall": 1.12214118618412, "f1": 0.36620262259744923, "min_score": 0.05000026896595955, "AP": 35.096613032603855, "AP50": 54.48603164327037, "AP75": 37.5470489012461, "APs": 16.827167135735667, "APm": 38.91781454964116, "APl": 50.06174184054942}