{"quality": 27, "model": "R101_FPN", "elapsed": 646.7942495346069, "tp": 21522, "fp": 8825, "precision": 0.7091969552179788, "recall": 0.5923214531443511, "f1": 0.6455115323475601, "min_score": 0.5000083446502686, "AP": 30.31018012269044, "AP50": 45.260124874498956, "AP75": 33.22443048015762, "APs": 13.256767184981491, "APm": 33.214777694590424, "APl": 43.65418327317194}