{"quality": 46, "model": "R101_C4", "elapsed": 1605.2028532028198, "tp": 41661, "fp": 127436, "precision": 0.24637338332436412, "recall": 1.146580432090271, "f1": 0.40559406518945434, "min_score": 0.05000035837292671, "AP": 37.72062885287461, "AP50": 57.11582370951434, "AP75": 40.35782026217522, "APs": 18.07600155774966, "APm": 42.141880732302646, "APl": 53.0960262221618}