{"quality": 20, "model": "R101_DC5", "elapsed": 1133.6170010566711, "tp": 22720, "fp": 15396, "precision": 0.5960751390492182, "recall": 0.6252924177790009, "f1": 0.6103343138440048, "min_score": 0.5000006556510925, "AP": 26.634012026893167, "AP50": 41.96085688118352, "AP75": 28.45395412807839, "APs": 10.989891991303738, "APm": 29.803475876708546, "APl": 38.29946714044949}