{"quality": 20, "model": "R50_C4", "elapsed": 1485.9568626880646, "tp": 21761, "fp": 19264, "precision": 0.5304326630103595, "recall": 0.5988991330672905, "f1": 0.5625904860392967, "min_score": 0.5000079274177551, "AP": 24.040073974129314, "AP50": 37.93805515606325, "AP75": 25.85180365807897, "APs": 8.962783091388024, "APm": 26.323101259097292, "APl": 36.76841805455286}