{"quality": 48, "model": "R101_FPN", "elapsed": 650.0340259075165, "tp": 41094, "fp": 91159, "precision": 0.3107226301104701, "recall": 1.1309756433191138, "f1": 0.4875080076873799, "min_score": 0.0500011220574379, "AP": 38.6506518305295, "AP50": 58.69223244067028, "AP75": 41.65830329140967, "APs": 21.577884905372592, "APm": 41.68713857790597, "APl": 51.71552392664657}