{"quality": 79, "model": "R101_C4", "elapsed": 1594.1688811779022, "tp": 42604, "fp": 124089, "precision": 0.25558361778838945, "recall": 1.1725333700288978, "f1": 0.41968595464664976, "min_score": 0.05000139772891998, "AP": 40.03073190532203, "AP50": 59.978932797225724, "AP75": 42.658653886846785, "APs": 20.838532892473133, "APm": 44.2446770688954, "APl": 55.32235464237186}