{"quality": 54, "model": "R101_C4", "elapsed": 1597.2382307052612, "tp": 26752, "fp": 15698, "precision": 0.6302002355712603, "recall": 0.7362598045961194, "f1": 0.6791140445516278, "min_score": 0.5000048279762268, "AP": 35.63680045662696, "AP50": 52.405951466506394, "AP75": 38.656376318105174, "APs": 15.661672573488245, "APm": 39.72332466621371, "APl": 51.64059898363445}