{"quality": 32, "model": "R50_C4", "elapsed": 1363.1188633441925, "tp": 39883, "fp": 160487, "precision": 0.19904676348754805, "recall": 1.0976468969313333, "f1": 0.33698485456580973, "min_score": 0.05000099167227745, "AP": 32.63485306479016, "AP50": 51.178632471516615, "AP75": 34.812617342397786, "APs": 14.530050021777743, "APm": 35.90784807340933, "APl": 47.457873085286934}