{"quality": 85, "model": "R101_C4", "elapsed": 1593.843668937683, "tp": 42836, "fp": 125264, "precision": 0.254824509220702, "recall": 1.1789183982386129, "f1": 0.41906718516888014, "min_score": 0.050000108778476715, "AP": 40.31424065753034, "AP50": 60.29873628452888, "AP75": 43.128707626125525, "APs": 21.401822965552363, "APm": 44.53630609013951, "APl": 55.33513786018388}