{"quality": 11, "model": "R101_DC5", "elapsed": 1144.6697175502777, "tp": 31202, "fp": 179828, "precision": 0.14785575510590912, "recall": 0.8587312508600523, "f1": 0.2522749782709761, "min_score": 0.05000005289912224, "AP": 16.274346131073283, "AP50": 27.678303876432604, "AP75": 16.516540358659714, "APs": 6.96931798096794, "APm": 18.035914435611712, "APl": 23.561164293487767}