{"quality": 73, "model": "R101_FPN", "elapsed": 647.9363198280334, "tp": 25074, "fp": 9791, "precision": 0.7191739566900903, "recall": 0.6900784367689555, "f1": 0.7043258426966292, "min_score": 0.500011682510376, "AP": 36.99026944541441, "AP50": 53.61370675185978, "AP75": 40.986630744254676, "APs": 18.812908842537848, "APm": 40.38400790816866, "APl": 50.41173298034076}