{"quality": 16, "model": "R50_FPN", "elapsed": 483.7676451206207, "tp": 35464, "fp": 126106, "precision": 0.2194961936002971, "recall": 0.9760286225402505, "f1": 0.3583941790252899, "min_score": 0.050000716000795364, "AP": 23.257674327969653, "AP50": 38.697316469297945, "AP75": 24.12754975329739, "APs": 11.635628730687712, "APm": 25.488071923376275, "APl": 33.15091391892959}