{"quality": 27, "model": "R50_DC5", "elapsed": 1033.645352602005, "tp": 24324, "fp": 16963, "precision": 0.5891442827039989, "recall": 0.6694371817806523, "f1": 0.6267295354409832, "min_score": 0.500011146068573, "AP": 29.2006957832914, "AP50": 45.870389462043335, "AP75": 31.139771815112898, "APs": 12.537622709133014, "APm": 32.199723523035665, "APl": 42.070543477090894}