{"quality": 75, "model": "R101", "elapsed": 956.0538332462311, "tp": 45120, "fp": 330654, "precision": 0.12007217103897555, "recall": 1.2417779000963258, "f1": 0.2189711945140727, "min_score": 0.0500001460313797, "AP": 39.09815816726196, "AP50": 58.44689507359489, "AP75": 41.71812182497001, "APs": 21.8154114231904, "APm": 42.86403420918338, "APl": 51.3619019574449}