{"quality": 29, "model": "R101", "elapsed": 669.059953212738, "tp": 43295, "fp": 357270, "precision": 0.10808483017737446, "recall": 1.1915508462914546, "f1": 0.19819180590524146, "min_score": 0.05000007152557373, "AP": 33.47528559878915, "AP50": 51.52948087779351, "AP75": 35.21603745585198, "APs": 16.27928364749707, "APm": 36.79712596723627, "APl": 45.115894254250875}