{"quality": 66, "model": "R50_FPN", "elapsed": 564.5298357009888, "tp": 24318, "fp": 10283, "precision": 0.7028120574549869, "recall": 0.6692720517407459, "f1": 0.6856321190932672, "min_score": 0.5000052452087402, "AP": 34.69231810972232, "AP50": 51.24401210305747, "AP75": 38.512746845466324, "APs": 16.926368338285332, "APm": 37.79698099682809, "APl": 47.633945861928126}