{"quality": 44, "model": "R101_FPN", "elapsed": 649.9892444610596, "tp": 40793, "fp": 91586, "precision": 0.3081531058551583, "recall": 1.1226916196504748, "f1": 0.48357575542041564, "min_score": 0.05000043660402298, "AP": 38.273698857451386, "AP50": 58.22705579891534, "AP75": 41.12606461379043, "APs": 20.93255551561563, "APm": 41.314039034600896, "APl": 51.549765305444915}