{"quality": 66, "model": "R101_DC5", "elapsed": 1127.1824715137482, "tp": 27696, "fp": 16371, "precision": 0.6284975151473892, "recall": 0.7622402642080639, "f1": 0.6889380861172607, "min_score": 0.5000025629997253, "AP": 36.37100620902928, "AP50": 54.31722792181455, "AP75": 39.655989865001715, "APs": 16.838136930107634, "APm": 40.4791795723036, "APl": 50.92316753321927}