{"quality": 101, "model": "R101_DC5", "elapsed": 1129.3220767974854, "tp": 29205, "fp": 17752, "precision": 0.621951998637051, "recall": 0.8037704692445301, "f1": 0.7012678288431063, "min_score": 0.5000190138816833, "AP": 38.273527984851, "AP50": 56.79659315927791, "AP75": 42.03840414390915, "APs": 19.364237266088015, "APm": 42.786158352704796, "APl": 52.09066146803938}