{"quality": 93, "model": "R101", "elapsed": 696.8636314868927, "tp": 19513, "fp": 4351, "precision": 0.8176751592356688, "recall": 0.5370304114490161, "f1": 0.6482831940729912, "min_score": 0.5000131130218506, "AP": 33.500827395716406, "AP50": 46.7801443955567, "AP75": 37.05805452949546, "APs": 15.29599022766012, "APm": 37.3160412937427, "APl": 46.234269503543985}