{"quality": 88, "model": "R101_DC5", "elapsed": 1132.2427248954773, "tp": 43518, "fp": 122492, "precision": 0.2621408348894645, "recall": 1.1976881794413101, "f1": 0.43013664780449234, "min_score": 0.05000080540776253, "AP": 40.215566674145514, "AP50": 61.219044058409914, "AP75": 43.23195998720012, "APs": 22.62549385665448, "APm": 44.42620011678278, "APl": 54.08470533568981}