{"quality": 81, "model": "X101", "elapsed": 2949.768657684326, "tp": 40924, "fp": 68369, "precision": 0.3744430109888099, "recall": 1.1262969588550984, "f1": 0.5620347735325624, "min_score": 0.05000033974647522, "AP": 42.1048520172946, "AP50": 62.682997440867126, "AP75": 45.747235087363926, "APs": 26.16168576343042, "APm": 45.072258910597796, "APl": 54.20193904807995}