{"quality": 76, "model": "R101_FPN", "elapsed": 647.3434600830078, "tp": 25142, "fp": 9888, "precision": 0.7177276620039966, "recall": 0.6919499105545617, "f1": 0.704603096756113, "min_score": 0.5000062584877014, "AP": 37.032884222788795, "AP50": 53.69815225787824, "AP75": 41.34454515853663, "APs": 18.990995467578603, "APm": 40.433327346307024, "APl": 50.73740177116902}