{"quality": 49, "model": "R50_C4", "elapsed": 1316.341183423996, "tp": 40848, "fp": 144574, "precision": 0.22029748357800044, "recall": 1.1242053116829502, "f1": 0.36840325220849846, "min_score": 0.05000028759241104, "AP": 35.325161665794944, "AP50": 54.626475030197554, "AP75": 38.05398072594185, "APs": 16.659113413632316, "APm": 39.10063155800294, "APl": 50.08913599702139}