{"quality": 67, "model": "R101_FPN", "elapsed": 647.4295415878296, "tp": 24698, "fp": 9647, "precision": 0.7191148638812054, "recall": 0.6797302876014861, "f1": 0.6988681380871534, "min_score": 0.5000079870223999, "AP": 36.45008202534782, "AP50": 52.87837212095238, "AP75": 40.42736803978938, "APs": 18.018241350750372, "APm": 40.08421276828132, "APl": 50.17594026831392}