{"quality": 68, "model": "R101", "elapsed": 701.4649946689606, "tp": 18445, "fp": 3943, "precision": 0.8238788636769698, "recall": 0.5076372643456722, "f1": 0.6282035999523186, "min_score": 0.50001460313797, "AP": 31.611620061597108, "AP50": 44.20340385405282, "AP75": 34.89459189762187, "APs": 12.684706860906173, "APm": 35.08542381420804, "APl": 44.673431686631496}