{"quality": 80, "model": "R101_C4", "elapsed": 1593.4094693660736, "tp": 42605, "fp": 124161, "precision": 0.25547773526977924, "recall": 1.1725608917022154, "f1": 0.41954495546550735, "min_score": 0.050000060349702835, "AP": 39.99356275756166, "AP50": 59.9045208481017, "AP75": 42.86068854294165, "APs": 21.421245526630837, "APm": 44.18665293661955, "APl": 55.118192313463624}