{"quality": 54, "model": "R101", "elapsed": 668.1255378723145, "tp": 44499, "fp": 337287, "precision": 0.11655482390658642, "recall": 1.2246869409660108, "f1": 0.21285226047005532, "min_score": 0.05000005662441254, "AP": 37.55430430875826, "AP50": 56.74971622545577, "AP75": 39.71157541110796, "APs": 19.64470588279449, "APm": 41.31768274691712, "APl": 49.71982255191864}