{"quality": 11, "model": "R101_DC5", "elapsed": 1135.3634841442108, "tp": 15184, "fp": 13016, "precision": 0.5384397163120568, "recall": 0.4178890876565295, "f1": 0.4705663593398931, "min_score": 0.5000091195106506, "AP": 14.280831752668613, "AP50": 23.315244696210723, "AP75": 14.938360846610488, "APs": 5.739111245375662, "APm": 16.07968861836439, "APl": 20.290562792293805}