{"quality": 31, "model": "R101_C4", "elapsed": 1620.0403287410736, "tp": 24922, "fp": 15564, "precision": 0.6155708146025787, "recall": 0.6858951424246594, "f1": 0.6488330013928483, "min_score": 0.5000298023223877, "AP": 32.52029152001248, "AP50": 48.35618658617771, "AP75": 35.18058119126979, "APs": 13.134551815696252, "APm": 36.30614559509361, "APl": 47.6706562358093}