{"quality": 87, "model": "R101_FPN", "elapsed": 650.677857875824, "tp": 42284, "fp": 92048, "precision": 0.31477235506059614, "recall": 1.1637264345672216, "f1": 0.4955146571979352, "min_score": 0.050004251301288605, "AP": 41.67344627508729, "AP50": 61.94727481980339, "AP75": 45.18493838747713, "APs": 24.638076148205155, "APm": 45.03894246773811, "APl": 54.30147996320137}