{"quality": 66, "model": "R50_DC5", "elapsed": 993.589329957962, "tp": 42425, "fp": 128337, "precision": 0.24844520443658424, "recall": 1.1676069905050228, "f1": 0.4097113912804145, "min_score": 0.05000162869691849, "AP": 37.25655219435725, "AP50": 58.20507760319774, "AP75": 39.962187307479184, "APs": 19.807983483695924, "APm": 41.36023624353543, "APl": 50.546781390064254}