{"quality": 81, "model": "R101_C4", "elapsed": 1592.914700269699, "tp": 42594, "fp": 124567, "precision": 0.25480823876382647, "recall": 1.1722581532957204, "f1": 0.4186224790659276, "min_score": 0.050000108778476715, "AP": 40.0524298244085, "AP50": 59.870660651324094, "AP75": 42.89419016264826, "APs": 20.959611571541036, "APm": 44.05098834547573, "APl": 55.2192568341446}