{"quality": 99, "model": "R50_FPN", "elapsed": 546.7839727401733, "tp": 25894, "fp": 11385, "precision": 0.6946001770433756, "recall": 0.7126462088895005, "f1": 0.7035074849892684, "min_score": 0.5000321269035339, "AP": 36.621669620931314, "AP50": 53.999753825940886, "AP75": 40.76242382606819, "APs": 19.092156466383834, "APm": 40.13692192488354, "APl": 49.00301368237427}