{"quality": 86, "model": "R50_DC5", "elapsed": 988.9608590602875, "tp": 43088, "fp": 127906, "precision": 0.2519854497818637, "recall": 1.1858538599146828, "f1": 0.4156485585711599, "min_score": 0.05000002682209015, "AP": 38.554424601103236, "AP50": 59.88609713885159, "AP75": 41.43859435984821, "APs": 20.726900795118684, "APm": 42.93788217285891, "APl": 51.68077675777629}