{"quality": 42, "model": "R50_C4", "elapsed": 1328.9511070251465, "tp": 40639, "fp": 149049, "precision": 0.21424128041837123, "recall": 1.1184532819595432, "f1": 0.3596005716232419, "min_score": 0.050000082701444626, "AP": 34.386800256264785, "AP50": 53.73364641367595, "AP75": 36.926259238774655, "APs": 15.871212938748066, "APm": 37.99648027691003, "APl": 49.435718031843464}