{"quality": 26, "model": "R50_FPN", "elapsed": 560.3704655170441, "tp": 20817, "fp": 9638, "precision": 0.6835330815957971, "recall": 0.5729186734553461, "f1": 0.6233567899386135, "min_score": 0.5000483989715576, "AP": 27.87389016658226, "AP50": 42.7105595055715, "AP75": 30.5219699879971, "APs": 12.55017618319538, "APm": 30.89124653191364, "APl": 39.10944038729812}