{"quality": 15, "model": "X101", "elapsed": 2948.633053302765, "tp": 32797, "fp": 84698, "precision": 0.2791352823524405, "recall": 0.902628319801844, "f1": 0.4264057726061236, "min_score": 0.05000092834234238, "AP": 23.17375034310155, "AP50": 38.00075255573517, "AP75": 24.115947726294344, "APs": 11.214642272308998, "APm": 26.086398900368675, "APl": 31.53243752124903}