{"quality": 55, "model": "X101", "elapsed": 2949.456794500351, "tp": 24845, "fp": 9496, "precision": 0.723479223086107, "recall": 0.6837759735791936, "f1": 0.7030675193842323, "min_score": 0.5000360012054443, "AP": 36.730658768707826, "AP50": 53.44055338495305, "AP75": 40.288488034051795, "APs": 18.413038233942324, "APm": 39.81672973962381, "APl": 49.867316279797166}