{"quality": 54, "model": "R101_C4", "elapsed": 1601.306723356247, "tp": 41797, "fp": 125922, "precision": 0.24920849754649146, "recall": 1.1503233796614833, "f1": 0.40966606878571366, "min_score": 0.050001028925180435, "AP": 38.29121944241039, "AP50": 57.751469650855235, "AP75": 40.91748741157348, "APs": 19.532651758871992, "APm": 42.71112137171359, "APl": 53.82411062470764}