{"quality": 81, "model": "R50", "elapsed": 484.10849261283875, "tp": 18233, "fp": 4085, "precision": 0.8169638856528363, "recall": 0.5018026696023118, "f1": 0.6217243789746474, "min_score": 0.5000103712081909, "AP": 30.6176846960354, "AP50": 43.07244176594047, "AP75": 33.82724838029635, "APs": 12.680299819721666, "APm": 33.838084415888694, "APl": 43.53758060150724}