{"quality": 48, "model": "R50", "elapsed": 499.80572152137756, "tp": 43947, "fp": 369390, "precision": 0.106322443913804, "recall": 1.2094949772946195, "f1": 0.19546247042288603, "min_score": 0.05000007525086403, "AP": 35.004698300774805, "AP50": 53.53209295777807, "AP75": 36.88732923834051, "APs": 18.376578843957162, "APm": 38.01696845502276, "APl": 47.199147991788784}