{"quality": 33, "model": "R101_DC5", "elapsed": 1135.373519897461, "tp": 41488, "fp": 128922, "precision": 0.24345989085147585, "recall": 1.1418191826063024, "f1": 0.4013446516239812, "min_score": 0.050000667572021484, "AP": 35.40061056947444, "AP50": 55.32129639224649, "AP75": 37.62500927201613, "APs": 16.73259012213565, "APm": 39.037760517638084, "APl": 49.295860492926664}