{"quality": 62, "model": "R101_DC5", "elapsed": 1133.1047625541687, "tp": 42577, "fp": 122180, "precision": 0.25842301085841574, "recall": 1.171790284849319, "f1": 0.4234579197581207, "min_score": 0.050000280141830444, "AP": 38.37151682031809, "AP50": 59.06778336709302, "AP75": 40.8288836752853, "APs": 19.37169968105844, "APm": 42.52254106891548, "APl": 52.793416179585094}