{"quality": 89, "model": "R101_C4", "elapsed": 1594.0628969669342, "tp": 43014, "fp": 125933, "precision": 0.25460055520370295, "recall": 1.1838172560891702, "f1": 0.41907230054266814, "min_score": 0.05000026524066925, "AP": 40.6455769286973, "AP50": 60.913135405460096, "AP75": 43.50259996078679, "APs": 22.013746236359143, "APm": 44.77388481203429, "APl": 55.60596089486823}