{"quality": 14, "model": "R50_C4", "elapsed": 1671.9464061260223, "tp": 33813, "fp": 250238, "precision": 0.11903848252602525, "recall": 0.9305903398926655, "f1": 0.21107663880444213, "min_score": 0.050000350922346115, "AP": 19.296999253858964, "AP50": 32.49508370534292, "AP75": 19.69536685384805, "APs": 8.031006426559085, "APm": 21.349296436409517, "APl": 29.521694081745075}