{"quality": 1, "model": "X101", "elapsed": 2945.5121290683746, "tp": 379, "fp": 1114, "precision": 0.25385130609511053, "recall": 0.010430714187422595, "f1": 0.02003806704028762, "min_score": 0.500130832195282, "AP": 0.5617521306388821, "AP50": 1.0266619115776006, "AP75": 0.5369481051634357, "APs": 0.14497791223902026, "APm": 0.47091533653477863, "APl": 1.0434603578651027}