{"quality": 80, "model": "R50_FPN", "elapsed": 563.203019618988, "tp": 25019, "fp": 10756, "precision": 0.6993431167016073, "recall": 0.68856474473648, "f1": 0.6939120787685481, "min_score": 0.5000341534614563, "AP": 35.55113384253667, "AP50": 52.47676556085572, "AP75": 39.09731670947381, "APs": 17.87897762271334, "APm": 38.55602226583952, "APl": 48.56760660115398}