{"quality": 26, "model": "R101", "elapsed": 670.0123343467712, "tp": 42856, "fp": 363572, "precision": 0.10544549096026848, "recall": 1.1794688317049677, "f1": 0.19358437809844092, "min_score": 0.05000061169266701, "AP": 32.262312215677944, "AP50": 50.108849349474674, "AP75": 34.10273257558467, "APs": 15.376029584741161, "APm": 35.65956191805681, "APl": 43.74828598547148}