{"quality": 65, "model": "R50", "elapsed": 484.0227074623108, "tp": 17566, "fp": 3891, "precision": 0.8186605769678893, "recall": 0.48344571349938076, "f1": 0.607904208194906, "min_score": 0.5000109076499939, "AP": 29.664199028645616, "AP50": 41.699029640071714, "AP75": 32.729349459375065, "APs": 11.40717644477534, "APm": 32.613588771941586, "APl": 42.887703904663766}