{"quality": 84, "model": "R50_DC5", "elapsed": 992.195502281189, "tp": 43025, "fp": 127772, "precision": 0.2519072349045943, "recall": 1.1841199944956653, "f1": 0.41543556765733924, "min_score": 0.05000007152557373, "AP": 38.50680759096921, "AP50": 59.76207122016337, "AP75": 41.48834076320648, "APs": 20.824233403759628, "APm": 42.73777218310822, "APl": 51.74824594451538}