{"quality": 79, "model": "X101", "elapsed": 2947.86803483963, "tp": 25891, "fp": 9880, "precision": 0.7237986078107964, "recall": 0.7125636438695473, "f1": 0.7181371869192578, "min_score": 0.5000016689300537, "AP": 38.65724173393091, "AP50": 55.84135337848694, "AP75": 42.91563341318894, "APs": 20.98063686568569, "APm": 41.73354964393038, "APl": 51.69021642252769}