{"quality": 75, "model": "X101", "elapsed": 2951.6603965759277, "tp": 40779, "fp": 68288, "precision": 0.37388944410316594, "recall": 1.1223063162240263, "f1": 0.5609138801392003, "min_score": 0.05000373348593712, "AP": 41.84184596566944, "AP50": 62.3990759941735, "AP75": 45.48595194540981, "APs": 24.92840706427052, "APm": 45.05251037203167, "APl": 54.051875704475826}