{"quality": 5, "model": "R50_FPN", "elapsed": 479.745968580246, "tp": 2247, "fp": 5872, "precision": 0.27675822145584433, "recall": 0.061841199944956654, "f1": 0.10109326494803615, "min_score": 0.5000563263893127, "AP": 2.24352048426625, "AP50": 3.859132649498536, "AP75": 2.314339061757179, "APs": 0.6400708686835366, "APm": 2.4991382503149993, "APl": 3.655480635268688}