{"quality": 91, "model": "R101_DC5", "elapsed": 1132.2798137664795, "tp": 43519, "fp": 122351, "precision": 0.2623681196117441, "recall": 1.1977157011146278, "f1": 0.43044435102989537, "min_score": 0.05000042915344238, "AP": 40.31461357352886, "AP50": 61.29647641260966, "AP75": 43.383901803469776, "APs": 22.945624986754577, "APm": 44.629251565879265, "APl": 54.157041890364376}