{"quality": 86, "model": "R50_FPN", "elapsed": 563.8794143199921, "tp": 25439, "fp": 11150, "precision": 0.6952636038153543, "recall": 0.7001238475299298, "f1": 0.6976852613679996, "min_score": 0.5001407861709595, "AP": 36.140622284217365, "AP50": 53.26146149685235, "AP75": 40.25004694966508, "APs": 18.59821309824608, "APm": 39.46985067253659, "APl": 49.01422399196966}