{"quality": 95, "model": "X101", "elapsed": 2951.407595396042, "tp": 41357, "fp": 69536, "precision": 0.37294509121405317, "recall": 1.1382138434016789, "f1": 0.5618088950471378, "min_score": 0.050000689923763275, "AP": 43.022156139398234, "AP50": 63.67166148404836, "AP75": 46.84901392374224, "APs": 27.021514980842266, "APm": 46.06915807379351, "APl": 54.777808450379595}