{"quality": 94, "model": "X101", "elapsed": 2951.368168592453, "tp": 26510, "fp": 10365, "precision": 0.7189152542372881, "recall": 0.7295995596532269, "f1": 0.7242180030050539, "min_score": 0.5000401139259338, "AP": 39.52763004540488, "AP50": 56.827660722912086, "AP75": 43.75319199850949, "APs": 22.34252030609645, "APm": 42.69942433913231, "APl": 51.980134218606935}