{"quality": 17, "model": "R101_DC5", "elapsed": 1142.3209037780762, "tp": 38024, "fp": 153557, "precision": 0.19847479656124564, "recall": 1.046484106233659, "f1": 0.3336667895189456, "min_score": 0.050000257790088654, "AP": 26.475002796763192, "AP50": 43.409985348771166, "AP75": 27.586245149609883, "APs": 11.568956687991323, "APm": 29.55548761117222, "APl": 37.451546141852546}