{"quality": 14, "model": "R50_C4", "elapsed": 1665.8707346916199, "tp": 18051, "fp": 20572, "precision": 0.4673640059032183, "recall": 0.49679372505848357, "f1": 0.4816297126390779, "min_score": 0.5000255107879639, "AP": 17.194202007840627, "AP50": 27.892802423420783, "AP75": 18.106592168368955, "APs": 6.3839420548915875, "APm": 19.015697807985166, "APl": 26.47992798262454}