{"quality": 75, "model": "R101_FPN", "elapsed": 651.0274486541748, "tp": 41873, "fp": 90641, "precision": 0.3159892539656187, "recall": 1.1524150268336315, "f1": 0.495981616710789, "min_score": 0.05000150948762894, "AP": 40.82418688331829, "AP50": 60.97045156875382, "AP75": 44.538758498855316, "APs": 23.689501549193494, "APm": 44.06950414435282, "APl": 53.90755484589557}