{"quality": 88, "model": "R50_FPN", "elapsed": 563.7476844787598, "tp": 25527, "fp": 11132, "precision": 0.6963365067241333, "recall": 0.7025457547818907, "f1": 0.6994273501931666, "min_score": 0.5000106692314148, "AP": 36.16528867572262, "AP50": 53.42785963685148, "AP75": 40.2042761036361, "APs": 18.835737887867293, "APm": 39.49308480113457, "APl": 48.76033453483406}