{"quality": 80, "model": "X101", "elapsed": 2951.8021008968353, "tp": 40862, "fp": 68240, "precision": 0.3745302560906308, "recall": 1.1245906151093987, "f1": 0.5619202816339721, "min_score": 0.050000980496406555, "AP": 42.05705757813129, "AP50": 62.628435444012624, "AP75": 45.68529309298099, "APs": 25.831876488990996, "APm": 45.075251707246814, "APl": 54.10809882965572}