{"quality": 63, "model": "R50_FPN", "elapsed": 559.9417247772217, "tp": 24171, "fp": 10253, "precision": 0.7021554729258657, "recall": 0.6652263657630384, "f1": 0.6831922440961573, "min_score": 0.5000056624412537, "AP": 34.37336531695493, "AP50": 51.09735088450683, "AP75": 38.05557598808543, "APs": 16.93767826455512, "APm": 37.38239882117992, "APl": 47.578648082017665}