{"quality": 60, "model": "R50_FPN", "elapsed": 485.2524325847626, "tp": 41652, "fp": 106268, "precision": 0.28158464034613306, "recall": 1.1463327370304115, "f1": 0.45211256139589157, "min_score": 0.05000118911266327, "AP": 37.95211551934569, "AP50": 58.014197744609945, "AP75": 41.210854572248806, "APs": 21.053008705900844, "APm": 40.94918845936928, "APl": 49.88530509504655}