{"quality": 40, "model": "X101", "elapsed": 2949.6293256282806, "tp": 23959, "fp": 9371, "precision": 0.7188418841884189, "recall": 0.6593917710196779, "f1": 0.6878346371922772, "min_score": 0.5000147819519043, "AP": 35.354614903995, "AP50": 51.86741256204201, "AP75": 38.71439602351966, "APs": 16.974136066345363, "APm": 38.51660353401829, "APl": 48.94722138798128}