{"quality": 71, "model": "R50_C4", "elapsed": 1295.8715376853943, "tp": 41607, "fp": 136077, "precision": 0.2341628959276018, "recall": 1.1450942617311133, "f1": 0.388815946247763, "min_score": 0.050000209361314774, "AP": 36.886881667540045, "AP50": 56.690009944823096, "AP75": 39.443259041264525, "APs": 18.67828975072488, "APm": 40.94155197512596, "APl": 51.9264689835441}