{"quality": 29, "model": "R101_FPN", "elapsed": 646.7221970558167, "tp": 21913, "fp": 8911, "precision": 0.7109070853880094, "recall": 0.6030824274115866, "f1": 0.6525707649012046, "min_score": 0.5000236630439758, "AP": 30.947780767327064, "AP50": 46.0903392974822, "AP75": 33.86622409411025, "APs": 13.992507762223308, "APm": 33.98272614429587, "APl": 44.21415360472299}