{"quality": 47, "model": "R101_DC5", "elapsed": 1128.6994457244873, "tp": 26870, "fp": 15910, "precision": 0.6280972417017298, "recall": 0.7395073620476125, "f1": 0.6792643620046768, "min_score": 0.5000134706497192, "AP": 34.93775447721125, "AP50": 52.55079474032783, "AP75": 38.09364292178689, "APs": 15.895963386557815, "APm": 38.79949533980878, "APl": 49.406246686494335}