{"quality": 89, "model": "R101_FPN", "elapsed": 647.7933974266052, "tp": 25880, "fp": 10380, "precision": 0.7137341423055709, "recall": 0.7122609054630522, "f1": 0.7129967628624561, "min_score": 0.5000094175338745, "AP": 38.10126020479221, "AP50": 54.999341442812664, "AP75": 42.35490830601185, "APs": 20.328734597706628, "APm": 41.5895680193473, "APl": 51.27754743045897}