{"quality": 66, "model": "R101_C4", "elapsed": 1593.2063143253326, "tp": 27236, "fp": 15945, "precision": 0.6307403719228364, "recall": 0.7495802944819046, "f1": 0.6850445193420192, "min_score": 0.5000029802322388, "AP": 36.56723569039822, "AP50": 53.675815908171096, "AP75": 39.64966757148747, "APs": 16.43625743557882, "APm": 40.6000207773726, "APl": 52.58925110774201}