{"quality": 43, "model": "X101", "elapsed": 2951.86985039711, "tp": 24122, "fp": 9457, "precision": 0.7183656451949135, "recall": 0.6638778037704692, "f1": 0.6900477729782304, "min_score": 0.5000113844871521, "AP": 35.673508293621765, "AP50": 52.26188409066705, "AP75": 38.9409450818048, "APs": 17.443834866016932, "APm": 38.77916471825272, "APl": 48.9607439555869}