{"quality": 100, "model": "X101", "elapsed": 2943.9865124225616, "tp": 26624, "fp": 10452, "precision": 0.7180925666199158, "recall": 0.732737030411449, "f1": 0.7253408889675933, "min_score": 0.5000128746032715, "AP": 39.64349038769701, "AP50": 56.99871910862291, "AP75": 43.95126730296103, "APs": 22.560669209936457, "APm": 42.977206522867306, "APl": 52.128791499654035}