{"quality": 40, "model": "R101", "elapsed": 701.83256316185, "tp": 17188, "fp": 3788, "precision": 0.8194126620900076, "recall": 0.4730425209852759, "f1": 0.5998150442323462, "min_score": 0.5000124573707581, "AP": 29.157240222063873, "AP50": 40.95985495508826, "AP75": 32.21458185025988, "APs": 11.474865984985223, "APm": 32.00507167295316, "APl": 41.85081640917962}