{"quality": 71, "model": "X101", "elapsed": 2951.558737754822, "tp": 25511, "fp": 9738, "precision": 0.7237368435984, "recall": 0.7021054080088069, "f1": 0.7127570406794815, "min_score": 0.5000231862068176, "AP": 38.088637671200246, "AP50": 55.14805325472777, "AP75": 41.71536394719611, "APs": 19.94081570005685, "APm": 41.24670001212725, "APl": 51.41583372376141}