{"quality": 59, "model": "R101_FPN", "elapsed": 649.9837934970856, "tp": 41264, "fp": 90063, "precision": 0.31420804556564913, "recall": 1.1356543277831292, "f1": 0.49222841192399003, "min_score": 0.05000215023756027, "AP": 39.485083637853954, "AP50": 59.52199149919627, "AP75": 42.488433461852175, "APs": 21.820046364253745, "APm": 42.72783019224269, "APl": 52.80885785371191}