{"quality": 100, "model": "R50_DC5", "elapsed": 991.7122483253479, "tp": 43429, "fp": 129552, "precision": 0.2510622553922107, "recall": 1.1952387505160313, "f1": 0.41496111142960884, "min_score": 0.05000022053718567, "AP": 39.031513374267284, "AP50": 60.46369409932135, "AP75": 42.264774325569746, "APs": 21.437166939012805, "APm": 43.525601288164836, "APl": 52.33997939713354}