{"quality": 55, "model": "R101_FPN", "elapsed": 650.2382633686066, "tp": 41248, "fp": 90699, "precision": 0.312610366283432, "recall": 1.1352139810100454, "f1": 0.4902247418024507, "min_score": 0.05000017583370209, "AP": 39.12941766529012, "AP50": 59.32922061635013, "AP75": 42.07671091597458, "APs": 21.249745454628954, "APm": 42.46600392288185, "APl": 52.355583635435146}