{"quality": 23, "model": "R50_FPN", "elapsed": 485.1716423034668, "tp": 38805, "fp": 118973, "precision": 0.24594683669459622, "recall": 1.0679785330948122, "f1": 0.3998186623255526, "min_score": 0.050000086426734924, "AP": 30.154293480176513, "AP50": 48.627493974937785, "AP75": 31.79086973252755, "APs": 15.542079927253868, "APm": 33.38994453123923, "APl": 41.10631986331663}