{"quality": 1, "model": "R50_C4", "elapsed": 1835.4655411243439, "tp": 3040, "fp": 181037, "precision": 0.016514828033920587, "recall": 0.08366588688592266, "f1": 0.027584705006986916, "min_score": 0.050000157207250595, "AP": 0.728629562815632, "AP50": 1.3582503107584452, "AP75": 0.6855794365120096, "APs": 1.2456660753913902, "APm": 0.8220026041300081, "APl": 1.2573361277615491}