{"quality": 8, "model": "R101_DC5", "elapsed": 1136.950489282608, "tp": 24333, "fp": 186616, "precision": 0.11535015572484345, "recall": 0.6696848768405119, "f1": 0.1968020575532586, "min_score": 0.050000566989183426, "AP": 9.458723147064637, "AP50": 16.557379639699263, "AP75": 9.424339724232961, "APs": 4.003914643136731, "APm": 10.656299753875079, "APl": 14.123614028988113}