{"quality": 45, "model": "R101_DC5", "elapsed": 1128.8031344413757, "tp": 26617, "fp": 15979, "precision": 0.6248708798948258, "recall": 0.7325443786982249, "f1": 0.6744371666392166, "min_score": 0.5000013113021851, "AP": 34.69172200087782, "AP50": 52.3915780193104, "AP75": 37.50300911414651, "APs": 15.559927274465396, "APm": 38.532249519959635, "APl": 48.98645469302061}