{"quality": 9, "model": "R101_FPN", "elapsed": 645.064300775528, "tp": 23443, "fp": 101537, "precision": 0.1875740118418947, "recall": 0.6451905875877253, "f1": 0.2906487307441961, "min_score": 0.050001226365566254, "AP": 10.8534018687014, "AP50": 18.434226939381524, "AP75": 11.089883865795382, "APs": 5.182856459826878, "APm": 12.063889011550724, "APl": 15.578716405405052}