{"quality": 64, "model": "R101_DC5", "elapsed": 1127.1874742507935, "tp": 27585, "fp": 16350, "precision": 0.6278593376579037, "recall": 0.759185358469795, "f1": 0.6873053444624393, "min_score": 0.5000064969062805, "AP": 36.30524216594057, "AP50": 54.240959894544915, "AP75": 39.377946070004015, "APs": 16.78284802217359, "APm": 40.328771686199744, "APl": 50.960515540560756}