{"quality": 48, "model": "R101_FPN", "elapsed": 647.7608189582825, "tp": 23743, "fp": 9175, "precision": 0.7212771128258096, "recall": 0.6534470895830466, "f1": 0.6856887066264277, "min_score": 0.500008761882782, "AP": 34.53813477290474, "AP50": 50.63210155378092, "AP75": 37.921980178536806, "APs": 16.677586959325364, "APm": 37.71682849947402, "APl": 48.15930166726591}