{"quality": 60, "model": "R101", "elapsed": 667.9994678497314, "tp": 44769, "fp": 334857, "precision": 0.11792922507942027, "recall": 1.2321177927618, "f1": 0.2152557571503098, "min_score": 0.05000023916363716, "AP": 37.93204764330792, "AP50": 57.135689952228915, "AP75": 40.14304753197992, "APs": 19.702481152213018, "APm": 41.75021693659644, "APl": 49.80848860437395}