{"quality": 11, "model": "R50_DC5", "elapsed": 1045.383116722107, "tp": 15073, "fp": 16157, "precision": 0.4826448927313481, "recall": 0.4148341819182606, "f1": 0.4461777547546807, "min_score": 0.5000027418136597, "AP": 12.774957563055994, "AP50": 21.736063414387875, "AP75": 13.1112536776266, "APs": 5.222032694098743, "APm": 14.767688371059753, "APl": 18.18403766208813}