{"quality": 94, "model": "R50", "elapsed": 483.98985838890076, "tp": 18797, "fp": 4286, "precision": 0.8143222284798336, "recall": 0.517324893353516, "f1": 0.6327038944427615, "min_score": 0.5000049471855164, "AP": 31.54372137155395, "AP50": 44.23213272741408, "AP75": 34.976691906312176, "APs": 13.951196905540789, "APm": 34.68289967281078, "APl": 44.476874538491394}