{"quality": 90, "model": "R50_C4", "elapsed": 1366.8475334644318, "tp": 28002, "fp": 17601, "precision": 0.6140385500953884, "recall": 0.7706618962432916, "f1": 0.6834923966901804, "min_score": 0.5000264644622803, "AP": 35.56282802585689, "AP50": 53.11769386658776, "AP75": 39.00123854298091, "APs": 17.371747278732432, "APm": 39.398876124067975, "APl": 50.451995504962845}