{"quality": 95, "model": "R50_FPN", "elapsed": 547.4401047229767, "tp": 25897, "fp": 11464, "precision": 0.6931559647761034, "recall": 0.7127287739094537, "f1": 0.7028061224489796, "min_score": 0.5000075101852417, "AP": 36.60323828754052, "AP50": 53.93635120956301, "AP75": 40.645935684840836, "APs": 19.096337974006868, "APm": 40.15614862794972, "APl": 49.0871264106491}