{"quality": 72, "model": "R101", "elapsed": 697.7434413433075, "tp": 18571, "fp": 4003, "precision": 0.8226721006467618, "recall": 0.5111049951837072, "f1": 0.6304978865708127, "min_score": 0.5000489354133606, "AP": 31.874570647302757, "AP50": 44.439466247698704, "AP75": 35.194900135054716, "APs": 12.731523961439553, "APm": 35.56731216577333, "APl": 44.978707752388864}