{"quality": 25, "model": "R50_FPN", "elapsed": 485.08071398735046, "tp": 39281, "fp": 117261, "precision": 0.25092946301950914, "recall": 1.0810788495940553, "f1": 0.4073165799965781, "min_score": 0.050000086426734924, "AP": 31.083391757534855, "AP50": 50.056414174793126, "AP75": 32.92665950744017, "APs": 16.04235430880239, "APm": 34.15369022891097, "APl": 42.52348826541248}