{"quality": 40, "model": "R101", "elapsed": 669.2746708393097, "tp": 44044, "fp": 344378, "precision": 0.11339213535793544, "recall": 1.21216457960644, "f1": 0.20738445746626893, "min_score": 0.05000064894556999, "AP": 36.09992098725266, "AP50": 54.81360468930851, "AP75": 38.242417404410546, "APs": 18.223001542876645, "APm": 39.68235254040523, "APl": 48.309197131584455}