{"quality": 11, "model": "R50", "elapsed": 481.7772252559662, "tp": 7698, "fp": 2080, "precision": 0.7872775618735938, "recall": 0.21186184119994494, "f1": 0.3338754797996226, "min_score": 0.5000110864639282, "AP": 9.820083100655614, "AP50": 14.902778631511673, "AP75": 10.606887368453085, "APs": 3.054106158051202, "APm": 11.206982420203495, "APl": 14.607293761168167}