{"quality": 100, "model": "X101", "elapsed": 2952.063746213913, "tp": 41402, "fp": 69454, "precision": 0.37347549974742006, "recall": 1.139452318700977, "f1": 0.5625615696611885, "min_score": 0.05000132694840431, "AP": 43.070648870982616, "AP50": 63.71529535770137, "AP75": 46.980151302225856, "APs": 26.992763331980424, "APm": 46.10336023472868, "APl": 54.87841367605735}