{"quality": 41, "model": "R101_FPN", "elapsed": 647.2427868843079, "tp": 23281, "fp": 9182, "precision": 0.7171549148261097, "recall": 0.6407320765102518, "f1": 0.6767929300270356, "min_score": 0.5000373721122742, "AP": 33.856947406002554, "AP50": 49.71456236063623, "AP75": 37.313246891486365, "APs": 15.790794500081647, "APm": 36.829637766390285, "APl": 47.43323207304578}