{"quality": 94, "model": "R101_C4", "elapsed": 1596.1101648807526, "tp": 43103, "fp": 127182, "precision": 0.25312270605161935, "recall": 1.186266685014449, "f1": 0.41722001742328924, "min_score": 0.05000175163149834, "AP": 40.85174381306228, "AP50": 61.01229525024253, "AP75": 43.97471842925876, "APs": 22.09602464794856, "APm": 45.289013158131766, "APl": 55.78151983844647}