{"quality": 44, "model": "R101_C4", "elapsed": 1603.7614126205444, "tp": 26183, "fp": 15513, "precision": 0.6279499232540292, "recall": 0.7205999724783266, "f1": 0.6710922582050723, "min_score": 0.5000098347663879, "AP": 34.79702530862585, "AP50": 51.41198013099605, "AP75": 37.78834354477566, "APs": 14.930768341828324, "APm": 38.88680281907674, "APl": 50.55858772591206}