{"quality": 99, "model": "X101", "elapsed": 2947.1645696163177, "tp": 26620, "fp": 10449, "precision": 0.7181202622137096, "recall": 0.732626943718178, "f1": 0.7253010735109804, "min_score": 0.500012993812561, "AP": 39.68872289890597, "AP50": 57.00241158823519, "AP75": 44.10090050137809, "APs": 22.5366379655347, "APm": 42.986290737419495, "APl": 52.16588806303095}