{"quality": 58, "model": "R50_FPN", "elapsed": 562.339693069458, "tp": 23948, "fp": 10269, "precision": 0.6998860215682263, "recall": 0.6590890326131829, "f1": 0.6788751559133688, "min_score": 0.5000009536743164, "AP": 34.01783449962014, "AP50": 50.4678061679457, "AP75": 37.71742607802366, "APs": 16.097198342698416, "APm": 37.203530088483674, "APl": 47.40310941836998}