{"quality": 90, "model": "R101_DC5", "elapsed": 1127.2808966636658, "tp": 28972, "fp": 17377, "precision": 0.6250836048242681, "recall": 0.7973579193614971, "f1": 0.7007885443374777, "min_score": 0.5000625252723694, "AP": 37.9180340589087, "AP50": 56.40006386157197, "AP75": 41.48724458290774, "APs": 19.08502687673777, "APm": 42.242226772545735, "APl": 52.1241108190425}