{"quality": 34, "model": "R50", "elapsed": 483.78170585632324, "tp": 15823, "fp": 3624, "precision": 0.8136473492055329, "recall": 0.43547543690656393, "f1": 0.5673156215266574, "min_score": 0.500004231929779, "AP": 26.02714385588935, "AP50": 37.08280168793508, "AP75": 28.715203612278223, "APs": 8.956571676393688, "APm": 28.573962000149255, "APl": 38.69417421593956}