{"quality": 70, "model": "R101_DC5", "elapsed": 1132.6926004886627, "tp": 42961, "fp": 121043, "precision": 0.2619509280261457, "recall": 1.18235860740333, "f1": 0.4288830432417053, "min_score": 0.050000470131635666, "AP": 38.98818795236635, "AP50": 59.82487289328308, "AP75": 41.790908433720126, "APs": 19.889954446907787, "APm": 43.194093704552294, "APl": 53.258100240853345}