{"quality": 77, "model": "R50_C4", "elapsed": 1294.6668088436127, "tp": 41813, "fp": 135834, "precision": 0.23537126999048674, "recall": 1.1507637264345671, "f1": 0.3908085726836837, "min_score": 0.05000031739473343, "AP": 37.44525151847588, "AP50": 57.17298300675282, "AP75": 40.181843952681824, "APs": 18.962352777147508, "APm": 41.47934983792911, "APl": 52.34959094841353}