{"quality": 18, "model": "R50_C4", "elapsed": 1537.5878937244415, "tp": 36902, "fp": 212864, "precision": 0.14774629052793414, "recall": 1.0156047887711572, "f1": 0.2579648445828571, "min_score": 0.05000011995434761, "AP": 24.652922785704632, "AP50": 40.55143958546536, "AP75": 25.782623177840442, "APs": 10.160723515845376, "APm": 27.522712210291257, "APl": 37.050759456156285}