{"quality": 46, "model": "R101", "elapsed": 701.7238411903381, "tp": 17599, "fp": 3817, "precision": 0.8217687710123273, "recall": 0.4843539287188661, "f1": 0.609478623746775, "min_score": 0.500005841255188, "AP": 29.96874535443334, "AP50": 42.100707352153464, "AP75": 32.71365530512661, "APs": 11.26274987667004, "APm": 33.324699311875584, "APl": 42.74436251452965}