{"quality": 13, "model": "R101", "elapsed": 670.4679412841797, "tp": 36741, "fp": 416390, "precision": 0.08108251256259227, "recall": 1.0111737993670016, "f1": 0.150126872959511, "min_score": 0.05000108852982521, "AP": 19.2011008699297, "AP50": 31.83109478960163, "AP75": 19.528720245305262, "APs": 8.689204949983592, "APm": 21.32908866283138, "APl": 26.999290084935655}