{"quality": 79, "model": "X101", "elapsed": 2945.553040266037, "tp": 40874, "fp": 68222, "precision": 0.3746608491603725, "recall": 1.1249208751892115, "f1": 0.5621084913120311, "min_score": 0.05000234395265579, "AP": 42.154570087573994, "AP50": 62.67189649914096, "AP75": 46.01560895957629, "APs": 25.965365899412195, "APm": 45.22408235147958, "APl": 54.37721879385855}