{"quality": 77, "model": "R50_DC5", "elapsed": 997.9899728298187, "tp": 42780, "fp": 127569, "precision": 0.25113150062518713, "recall": 1.1773771845328196, "f1": 0.41396528033132707, "min_score": 0.0500003919005394, "AP": 38.0420161019556, "AP50": 59.25399470323514, "AP75": 40.78814285406385, "APs": 20.1128989337408, "APm": 41.95787439745438, "APl": 51.65950966893127}