{"quality": 46, "model": "R50_FPN", "elapsed": 485.433452129364, "tp": 41164, "fp": 108385, "precision": 0.2752542644885623, "recall": 1.1329021604513554, "f1": 0.4428998730390996, "min_score": 0.050000209361314774, "AP": 36.66333814576722, "AP50": 56.70383320531984, "AP75": 39.54614315958885, "APs": 20.343146273158727, "APm": 39.75239618202943, "APl": 49.13393420432974}