{"quality": 101, "model": "R101", "elapsed": 653.8680770397186, "tp": 19589, "fp": 4360, "precision": 0.8179464695811933, "recall": 0.5391220586211641, "f1": 0.6498905182137881, "min_score": 0.50001060962677, "AP": 33.61175636362187, "AP50": 47.011355313818505, "AP75": 37.22926359222383, "APs": 15.28908097984443, "APm": 37.537172981361344, "APl": 46.26383357804091}