{"quality": 7, "model": "R101_C4", "elapsed": 1855.9702107906342, "tp": 20248, "fp": 220291, "precision": 0.08417761776676547, "recall": 0.5572588413375533, "f1": 0.1462614763394179, "min_score": 0.05000002682209015, "AP": 7.489415477131027, "AP50": 12.701998705732157, "AP75": 7.578031439726825, "APs": 2.8701114419162015, "APm": 8.463330776394193, "APl": 11.926847477063738}