{"quality": 36, "model": "R101_FPN", "elapsed": 647.0463898181915, "tp": 22852, "fp": 9002, "precision": 0.7173981289633955, "recall": 0.6289252786569424, "f1": 0.6702547331681062, "min_score": 0.5000082850456238, "AP": 33.090768507996955, "AP50": 48.843293108498145, "AP75": 36.387492846527444, "APs": 15.411776204803337, "APm": 36.31465843366917, "APl": 46.77886529574634}