{"quality": 63, "model": "R101", "elapsed": 667.4995687007904, "tp": 44730, "fp": 333757, "precision": 0.1181810735903743, "recall": 1.231044447502408, "f1": 0.2156587644821152, "min_score": 0.05000002309679985, "AP": 38.25515852481626, "AP50": 57.49601476140057, "AP75": 40.429190567840266, "APs": 20.375627221210777, "APm": 42.175239230444234, "APl": 50.17372054033059}