{"quality": 64, "model": "R50_FPN", "elapsed": 559.5339827537537, "tp": 24240, "fp": 10308, "precision": 0.7016325112886419, "recall": 0.6671253612219623, "f1": 0.6839439639970092, "min_score": 0.5000361204147339, "AP": 34.45549845692261, "AP50": 51.083498323408975, "AP75": 38.23609759708572, "APs": 16.733936404508103, "APm": 37.65082247204401, "APl": 47.58217868045346}