{"quality": 81, "model": "R101_FPN", "elapsed": 647.8178708553314, "tp": 25378, "fp": 10036, "precision": 0.7166092505788672, "recall": 0.6984450254575478, "f1": 0.7074105562446863, "min_score": 0.5000623464584351, "AP": 37.453321698535404, "AP50": 54.05852210526151, "AP75": 41.65707197659187, "APs": 19.67353684939319, "APm": 41.02207344936827, "APl": 50.80054764206929}