{"quality": 5, "model": "R101_FPN", "elapsed": 639.0727918148041, "tp": 2137, "fp": 3817, "precision": 0.358918374202217, "recall": 0.058813815880005504, "f1": 0.10106647118636053, "min_score": 0.5000059604644775, "AP": 2.6299421307592747, "AP50": 4.353700404330645, "AP75": 2.7315059825427257, "APs": 0.7514980858778173, "APm": 2.6594585756513363, "APl": 4.244163595149057}