{"quality": 93, "model": "R50_C4", "elapsed": 1364.9619526863098, "tp": 28092, "fp": 17810, "precision": 0.6119994771469652, "recall": 0.7731388468418879, "f1": 0.6831961282634338, "min_score": 0.5000039339065552, "AP": 35.69495728961456, "AP50": 53.362317865055765, "AP75": 39.02307857543363, "APs": 17.046214723776135, "APm": 39.69371561674942, "APl": 50.52336874590361}