{"quality": 48, "model": "R101_C4", "elapsed": 1604.5450072288513, "tp": 41736, "fp": 126861, "precision": 0.24754888877026282, "recall": 1.1486445575891013, "f1": 0.40731559736888334, "min_score": 0.05000016838312149, "AP": 37.87453664733747, "AP50": 57.103881539579305, "AP75": 40.52788810553002, "APs": 18.669186032704868, "APm": 42.26207341537936, "APl": 53.16704210004065}