{"quality": 66, "model": "R50_C4", "elapsed": 1300.207792043686, "tp": 41380, "fp": 137841, "precision": 0.23088812136970555, "recall": 1.1388468418879867, "f1": 0.3839373527064892, "min_score": 0.050000160932540894, "AP": 36.6955738500578, "AP50": 56.31948754533034, "AP75": 39.50891823865001, "APs": 18.66309567938511, "APm": 40.49685573594844, "APl": 51.6386413298793}