{"quality": 25, "model": "R101_FPN", "elapsed": 649.2601244449615, "tp": 39166, "fp": 98208, "precision": 0.2851048961229927, "recall": 1.0779138571625155, "f1": 0.45093806308251155, "min_score": 0.05000092461705208, "AP": 33.187742411434876, "AP50": 51.84564199154625, "AP75": 35.224101254872025, "APs": 17.012016430614207, "APm": 36.03547574942335, "APl": 45.812918702019694}