{"quality": 18, "model": "R101_FPN", "elapsed": 645.3690776824951, "tp": 18343, "fp": 8261, "precision": 0.6894827845436776, "recall": 0.504830053667263, "f1": 0.582881837970098, "min_score": 0.500015139579773, "AP": 23.71612954026039, "AP50": 36.416502071143306, "AP75": 25.566181566535334, "APs": 10.322768300595492, "APm": 26.257529351683644, "APl": 34.339221387350335}