{"quality": 68, "model": "R50_FPN", "elapsed": 558.1866631507874, "tp": 24463, "fp": 10431, "precision": 0.7010660858600333, "recall": 0.6732626943718178, "f1": 0.686883151525362, "min_score": 0.5000381469726562, "AP": 34.86512238756615, "AP50": 51.52352050405556, "AP75": 38.69917307956911, "APs": 17.24082038668212, "APm": 37.93391573830625, "APl": 47.77711738590196}