{"quality": 30, "model": "R101_FPN", "elapsed": 646.892909526825, "tp": 22071, "fp": 8883, "precision": 0.7130257801899593, "recall": 0.6074308517957892, "f1": 0.6560061822883383, "min_score": 0.500016450881958, "AP": 31.390346925854352, "AP50": 46.586275636109704, "AP75": 34.40433910792172, "APs": 14.340122740502151, "APm": 34.33336392896654, "APl": 44.9433423160223}