{"quality": 53, "model": "R50_C4", "elapsed": 1313.4753065109253, "tp": 41040, "fp": 143021, "precision": 0.22296955900489512, "recall": 1.129489472959956, "f1": 0.3724205520971342, "min_score": 0.0500001423060894, "AP": 35.544599968511626, "AP50": 55.13202498366216, "AP75": 38.22847700718722, "APs": 17.027500667941492, "APm": 39.499142638827394, "APl": 50.432735609007736}