{"quality": 53, "model": "R50", "elapsed": 483.83787751197815, "tp": 17010, "fp": 3784, "precision": 0.8180244301240742, "recall": 0.4681436631347186, "f1": 0.595494407393793, "min_score": 0.5000373721122742, "AP": 28.65017604470102, "AP50": 40.45086230796544, "AP75": 31.781872686055145, "APs": 11.213249068387658, "APm": 31.3513484049096, "APl": 41.87214952763112}