{"quality": 79, "model": "R50_DC5", "elapsed": 987.6894638538361, "tp": 42879, "fp": 127129, "precision": 0.25221754270387275, "recall": 1.1801018301912756, "f1": 0.41560896177723505, "min_score": 0.05000020191073418, "AP": 38.093759245586796, "AP50": 59.164310568738024, "AP75": 40.964433706427414, "APs": 20.518555685239104, "APm": 42.0052866218502, "APl": 51.62261058710108}