{"quality": 80, "model": "R101_C4", "elapsed": 1590.2986257076263, "tp": 27955, "fp": 16341, "precision": 0.6310953584973813, "recall": 0.7693683775973579, "f1": 0.6934057620518164, "min_score": 0.5000060796737671, "AP": 37.381901878238125, "AP50": 54.70325545529045, "AP75": 40.63862102031881, "APs": 17.87997213887124, "APm": 41.45855908115906, "APl": 53.02176444136193}