{"quality": 40, "model": "R50", "elapsed": 484.1367435455322, "tp": 16328, "fp": 3725, "precision": 0.8142422580162569, "recall": 0.4493738819320215, "f1": 0.579130311413776, "min_score": 0.5000103712081909, "AP": 27.067595909692756, "AP50": 38.33565353257959, "AP75": 29.830055908155444, "APs": 9.750180025689296, "APm": 29.91870748663882, "APl": 40.2210028162488}