{"quality": 10, "model": "R50_C4", "elapsed": 1801.908579826355, "tp": 13283, "fp": 20203, "precision": 0.39667323657647974, "recall": 0.36557038667951014, "f1": 0.3804872459575199, "min_score": 0.5000244975090027, "AP": 10.760996600686527, "AP50": 17.941888947181774, "AP75": 11.179958706518425, "APs": 4.017724957781122, "APm": 12.079249393015784, "APl": 16.645424231458463}