{"quality": 56, "model": "R50_FPN", "elapsed": 485.36647844314575, "tp": 41497, "fp": 106845, "precision": 0.27973871189548477, "recall": 1.142066877666162, "f1": 0.4494008458010472, "min_score": 0.05000074580311775, "AP": 37.58402182727081, "AP50": 57.67571134045236, "AP75": 40.666396558781734, "APs": 20.907716468598107, "APm": 40.69347083985111, "APl": 50.24662327893186}