{"quality": 38, "model": "R101_DC5", "elapsed": 1135.4779884815216, "tp": 41867, "fp": 126123, "precision": 0.249223168045717, "recall": 1.1522498967937251, "f1": 0.40980790407439127, "min_score": 0.05000048130750656, "AP": 36.28152094477849, "AP50": 56.38346586707213, "AP75": 38.358837933229225, "APs": 17.683252446370847, "APm": 39.99642850235495, "APl": 50.49679367262644}