{"quality": 57, "model": "R101_DC5", "elapsed": 1128.8983888626099, "tp": 27406, "fp": 16210, "precision": 0.6283473954512105, "recall": 0.7542589789459199, "f1": 0.6855699115708371, "min_score": 0.5000488758087158, "AP": 35.84983439694188, "AP50": 53.68081052651414, "AP75": 39.19469302781149, "APs": 16.61232600341266, "APm": 39.677772671967375, "APl": 50.07434863247654}