{"quality": 89, "model": "R50_C4", "elapsed": 1295.4894652366638, "tp": 42187, "fp": 136150, "precision": 0.23655775301816223, "recall": 1.1610568322554011, "f1": 0.3930368189610196, "min_score": 0.050000276416540146, "AP": 38.09356283637339, "AP50": 58.239591762434564, "AP75": 41.064978244718056, "APs": 19.985308872069847, "APm": 42.34628579163072, "APl": 52.86061518483013}