{"quality": 49, "model": "R50_FPN", "elapsed": 559.3471255302429, "tp": 23437, "fp": 9978, "precision": 0.7013915906030226, "recall": 0.6450254575478189, "f1": 0.6720286738351254, "min_score": 0.5000224113464355, "AP": 33.19137089191228, "AP50": 49.319717825130525, "AP75": 36.73524877364533, "APs": 15.612820211975539, "APm": 36.216886848369754, "APl": 46.62563984566951}