{"quality": 100, "model": "R50_DC5", "elapsed": 1021.8288848400116, "tp": 28910, "fp": 18187, "precision": 0.61383952268722, "recall": 0.7956515756157975, "f1": 0.6930194649534951, "min_score": 0.5000289082527161, "AP": 36.762990904864196, "AP50": 55.63095989947089, "AP75": 40.483474190258896, "APs": 18.176767603027635, "APm": 41.3158791771495, "APl": 50.25310730945458}