{"quality": 31, "model": "R50_FPN", "elapsed": 571.5708775520325, "tp": 21738, "fp": 9722, "precision": 0.6909726636999364, "recall": 0.5982661345809825, "f1": 0.6412862305479755, "min_score": 0.5000143051147461, "AP": 29.85196941521524, "AP50": 45.12732951405351, "AP75": 32.672853904431015, "APs": 13.512333895430512, "APm": 32.76298717769034, "APl": 41.80047952815359}