{"quality": 87, "model": "R50", "elapsed": 484.02833437919617, "tp": 18553, "fp": 4177, "precision": 0.8162340519137703, "recall": 0.5106096050639879, "f1": 0.628223143993905, "min_score": 0.5000104308128357, "AP": 31.229784539132527, "AP50": 43.880945898423306, "AP75": 34.51335372299253, "APs": 13.044933996596702, "APm": 34.417315929247565, "APl": 44.42688206977742}