{"quality": 44, "model": "R50_DC5", "elapsed": 1045.4976530075073, "tp": 41885, "fp": 133849, "precision": 0.23834317775729227, "recall": 1.1527452869134442, "f1": 0.39501294390033437, "min_score": 0.05000017583370209, "AP": 35.614898209629004, "AP50": 56.09350259937905, "AP75": 38.13634785542803, "APs": 17.197267953564715, "APm": 39.16585851395597, "APl": 49.18552101844156}