{"quality": 18, "model": "X101", "elapsed": 2944.854238510132, "tp": 18751, "fp": 8770, "precision": 0.6813342538425202, "recall": 0.5160588963809, "f1": 0.5872901528438987, "min_score": 0.5000025629997253, "AP": 24.146762947803023, "AP50": 37.2872982680392, "AP75": 26.02078986611096, "APs": 11.021430203962748, "APm": 27.2157708805936, "APl": 33.209287587613915}