{"quality": 8, "model": "R50", "elapsed": 501.3928551673889, "tp": 26131, "fp": 452730, "precision": 0.05456907119184899, "recall": 0.7191688454658043, "f1": 0.10144100497674673, "min_score": 0.05000002309679985, "AP": 7.938603008821317, "AP50": 13.904783954061143, "AP75": 7.723885700697318, "APs": 3.2127689588506927, "APm": 9.135501091409099, "APl": 11.87562513102492}