{"quality": 68, "model": "R50_FPN", "elapsed": 485.19128942489624, "tp": 41955, "fp": 105853, "precision": 0.2838479649274735, "recall": 1.154671804045686, "f1": 0.455678467278148, "min_score": 0.05000082775950432, "AP": 38.55025610091104, "AP50": 58.85127132758501, "AP75": 41.944417864056454, "APs": 21.968680738654932, "APm": 41.59010233900366, "APl": 50.64727245750416}