{"quality": 64, "model": "X101", "elapsed": 2945.534899711609, "tp": 25178, "fp": 9583, "precision": 0.724317482235839, "recall": 0.6929406907940002, "f1": 0.7082817598739732, "min_score": 0.5000067353248596, "AP": 37.53833961649785, "AP50": 54.462461465814, "AP75": 41.41903619131268, "APs": 19.49292636302169, "APm": 40.88167804804433, "APl": 50.35350683706676}