{"quality": 61, "model": "R50_C4", "elapsed": 1358.148490190506, "tp": 26321, "fp": 16797, "precision": 0.6104411150795491, "recall": 0.7243979633961745, "f1": 0.6625552213258152, "min_score": 0.5000021457672119, "AP": 33.59074088060521, "AP50": 50.53523021599726, "AP75": 36.6585683285865, "APs": 14.703886257219818, "APm": 36.9517359757521, "APl": 49.124653526190436}