{"quality": 22, "model": "R101_C4", "elapsed": 1657.3261578083038, "tp": 39209, "fp": 149075, "precision": 0.20824392938327208, "recall": 1.0790972891151782, "f1": 0.3491156135500559, "min_score": 0.05000113695859909, "AP": 31.29773087944186, "AP50": 48.99081476571277, "AP75": 32.89119651334557, "APs": 13.495745859617806, "APm": 34.79545037020689, "APl": 45.62386582108122}