{"quality": 8, "model": "X101", "elapsed": 2942.863280057907, "tp": 18903, "fp": 69253, "precision": 0.21442669812604928, "recall": 0.5202421907251961, "f1": 0.303684603706292, "min_score": 0.05000227689743042, "AP": 8.286441500186308, "AP50": 14.465019925700362, "AP75": 8.232341984362963, "APs": 3.8648725558685877, "APm": 9.619886841025476, "APl": 11.374171409505394}