{"quality": 27, "model": "R101_DC5", "elapsed": 1136.3538596630096, "tp": 40804, "fp": 133921, "precision": 0.23353269423379597, "recall": 1.12299435805697, "f1": 0.3866578224201649, "min_score": 0.050000689923763275, "AP": 33.3162222256948, "AP50": 52.75360635267069, "AP75": 35.20553344078577, "APs": 15.204495675634956, "APm": 36.96097431612064, "APl": 46.86626672364204}