{"quality": 44, "model": "X101", "elapsed": 2949.1977047920227, "tp": 24203, "fp": 9426, "precision": 0.7197062059531951, "recall": 0.666107059309206, "f1": 0.6918701046252358, "min_score": 0.5000149607658386, "AP": 35.715654970434414, "AP50": 52.24649553377954, "AP75": 39.10629915370849, "APs": 17.726247929136594, "APm": 38.66612722765668, "APl": 48.405459893705846}