{"quality": 89, "model": "R50_FPN", "elapsed": 485.24051308631897, "tp": 42610, "fp": 107180, "precision": 0.2844649175512384, "recall": 1.1726985000688042, "f1": 0.45786433848220287, "min_score": 0.05000067502260208, "AP": 39.94975205806517, "AP50": 60.647446922972016, "AP75": 43.52895844806534, "APs": 23.535685434651093, "APm": 43.09262014093551, "APl": 51.9904272854817}