{"quality": 31, "model": "R101_FPN", "elapsed": 647.0846834182739, "tp": 22192, "fp": 8967, "precision": 0.7122179787541321, "recall": 0.6107609742672354, "f1": 0.6575991940024298, "min_score": 0.5000003576278687, "AP": 31.654172252410923, "AP50": 46.968346273599224, "AP75": 34.68527872689972, "APs": 14.561463669703805, "APm": 34.61429681761699, "APl": 45.50106505505931}