{"quality": 84, "model": "R101_C4", "elapsed": 1594.4161093235016, "tp": 42726, "fp": 125174, "precision": 0.25447290053603333, "recall": 1.1758910141736618, "f1": 0.4184003721203515, "min_score": 0.05000074952840805, "AP": 40.12304277153781, "AP50": 60.18133031495818, "AP75": 42.959182487904194, "APs": 21.364797836235407, "APm": 44.31295523978721, "APl": 54.93155823098258}