{"quality": 9, "model": "R101_FPN", "elapsed": 641.2665989398956, "tp": 8399, "fp": 5490, "precision": 0.6047231622147022, "recall": 0.2311545341956791, "f1": 0.33446161197833707, "min_score": 0.5000087022781372, "AP": 8.878408823863829, "AP50": 14.227974980542669, "AP75": 9.473919282566396, "APs": 3.7003075061805966, "APm": 9.991577870324848, "APl": 12.695237412102847}