{"quality": 76, "model": "X101", "elapsed": 2948.787755250931, "tp": 25751, "fp": 9835, "precision": 0.7236272691507897, "recall": 0.7087106096050639, "f1": 0.716091266806635, "min_score": 0.5000192523002625, "AP": 38.2668067685172, "AP50": 55.556931545744106, "AP75": 42.13879195413885, "APs": 20.80468561510701, "APm": 41.46727396199963, "APl": 51.34466824931526}