{"quality": 79, "model": "R101_C4", "elapsed": 1590.399560213089, "tp": 27902, "fp": 16300, "precision": 0.6312384055020135, "recall": 0.7679097289115179, "f1": 0.6928989160261744, "min_score": 0.5000240802764893, "AP": 37.355298705710744, "AP50": 54.65992343651699, "AP75": 40.43531261234888, "APs": 17.385400608445604, "APm": 41.45150768616266, "APl": 53.16268918445356}