{"quality": 33, "model": "R50_DC5", "elapsed": 1055.1237423419952, "tp": 41183, "fp": 140148, "precision": 0.22711505478930796, "recall": 1.1334250722443924, "f1": 0.3784054468773258, "min_score": 0.0500003881752491, "AP": 33.68961779337325, "AP50": 53.76418615288641, "AP75": 35.75247486327999, "APs": 17.03838016473113, "APm": 37.16678261628219, "APl": 47.12320352690425}