{"quality": 41, "model": "R101_C4", "elapsed": 1608.1788165569305, "tp": 41422, "fp": 129071, "precision": 0.242954256186471, "recall": 1.1400027521673317, "f1": 0.4005453807028062, "min_score": 0.05000194534659386, "AP": 37.05727982139847, "AP50": 56.161242929718014, "AP75": 39.38328867867418, "APs": 17.072589354455083, "APm": 41.15695928640919, "APl": 52.92096037927071}