{"quality": 78, "model": "R50", "elapsed": 499.1406846046448, "tp": 44779, "fp": 358332, "precision": 0.11108354770770333, "recall": 1.2323930094949773, "f1": 0.2037975086813852, "min_score": 0.05000048503279686, "AP": 37.57000460571576, "AP50": 56.76001847410663, "AP75": 40.03261604704515, "APs": 21.87763669027732, "APm": 40.915556359654396, "APl": 49.22740939572255}