{"quality": 81, "model": "R50_C4", "elapsed": 1288.7043735980988, "tp": 41872, "fp": 134608, "precision": 0.2372620126926564, "recall": 1.1523875051603139, "f1": 0.39350609684467736, "min_score": 0.050000328570604324, "AP": 37.570305925034056, "AP50": 57.43798403072169, "AP75": 40.36760414344684, "APs": 18.946054117908876, "APm": 41.64696878204353, "APl": 52.16950452629244}