{"quality": 51, "model": "R101_C4", "elapsed": 1603.0978145599365, "tp": 41750, "fp": 126403, "precision": 0.24828578734842674, "recall": 1.1490298610155498, "f1": 0.40833691952584017, "min_score": 0.05000058561563492, "AP": 38.01986869989744, "AP50": 57.365225176026904, "AP75": 40.680812441727184, "APs": 19.030118235176538, "APm": 42.30732641771233, "APl": 53.57161488867944}