{"quality": 51, "model": "R101_DC5", "elapsed": 1128.1572184562683, "tp": 26946, "fp": 16035, "precision": 0.6269281775668318, "recall": 0.7415990092197605, "f1": 0.6794593776791568, "min_score": 0.5000321865081787, "AP": 35.22143738549758, "AP50": 52.929294716727824, "AP75": 38.25397516572829, "APs": 16.197859095934998, "APm": 39.00320007748546, "APl": 49.88909542984763}