{"quality": 20, "model": "R101_FPN", "elapsed": 649.1009645462036, "tp": 37625, "fp": 102158, "precision": 0.26916720917422005, "recall": 1.0355029585798816, "f1": 0.42727035283162423, "min_score": 0.050000328570604324, "AP": 29.55004899589577, "AP50": 47.23522613337947, "AP75": 30.998620349985984, "APs": 14.145226481142489, "APm": 32.03758964454694, "APl": 41.536163954752716}