{"quality": 32, "model": "R50_FPN", "elapsed": 578.4629194736481, "tp": 21917, "fp": 9768, "precision": 0.6917153227079059, "recall": 0.6031925141048575, "f1": 0.6444281093795943, "min_score": 0.5000154376029968, "AP": 30.073718211486945, "AP50": 45.40443168734266, "AP75": 33.08253393267902, "APs": 13.561058711572738, "APm": 33.04720744306345, "APl": 42.25472579995719}