{"quality": 20, "model": "R50_DC5", "elapsed": 1069.7512204647064, "tp": 39240, "fp": 163834, "precision": 0.19323005406896007, "recall": 1.0799504609880282, "f1": 0.32780722529228223, "min_score": 0.05000009760260582, "AP": 27.542845485207618, "AP50": 45.63073220548406, "AP75": 28.701486550696103, "APs": 12.401270112615494, "APm": 30.173269430222383, "APl": 39.79926318968708}