{"quality": 2, "model": "R101_FPN", "elapsed": 638.3910450935364, "tp": 427, "fp": 2841, "precision": 0.1306609547123623, "recall": 0.011751754506674006, "f1": 0.021564022927555992, "min_score": 0.5000413060188293, "AP": 0.7027114921838369, "AP50": 1.2541841873938002, "AP75": 0.6476827321995889, "APs": 0.17822334821430327, "APm": 0.5254907250615929, "APl": 1.2159247379828115}