{"quality": 33, "model": "X101", "elapsed": 2923.574262857437, "tp": 39046, "fp": 72297, "precision": 0.3506821264021986, "recall": 1.074611256364387, "f1": 0.5287991440837497, "min_score": 0.05000060796737671, "AP": 37.26923738936064, "AP50": 57.16420074268401, "AP75": 39.6907272468646, "APs": 20.165742584853547, "APm": 40.61402552781883, "APl": 50.3363396067636}