{"quality": 30, "model": "R50_FPN", "elapsed": 485.14937686920166, "tp": 40031, "fp": 113133, "precision": 0.2613603718889556, "recall": 1.1017201045823586, "f1": 0.4224929946859877, "min_score": 0.05000003054738045, "AP": 33.50310081098629, "AP50": 52.89284461523135, "AP75": 35.78570900427217, "APs": 17.881930669835068, "APm": 36.45617257448875, "APl": 45.14422665768298}