{"quality": 42, "model": "R50_DC5", "elapsed": 1903.715267419815, "tp": 26196, "fp": 16660, "precision": 0.6112563001680045, "recall": 0.7209577542314572, "f1": 0.6615903322347236, "min_score": 0.5000022649765015, "AP": 32.73330937296271, "AP50": 50.390165986679946, "AP75": 35.415542733761555, "APs": 14.023541784093895, "APm": 36.035347391787234, "APl": 46.43241000254397}