{"quality": 1, "model": "R101_FPN", "elapsed": 640.9854280948639, "tp": 1657, "fp": 51043, "precision": 0.03144212523719165, "recall": 0.0456034126874914, "f1": 0.03722131745942607, "min_score": 0.050000935792922974, "AP": 0.927577895777364, "AP50": 1.7327324273883442, "AP75": 0.8364992510267751, "APs": 0.22601991300828786, "APm": 0.7855052870882782, "APl": 1.885705359363276}