{"quality": 16, "model": "R101_DC5", "elapsed": 1136.2778606414795, "tp": 20491, "fp": 14945, "precision": 0.5782537532452873, "recall": 0.5639466079537636, "f1": 0.5710105753020022, "min_score": 0.5000073313713074, "AP": 22.71458298968315, "AP50": 35.966479562882455, "AP75": 24.275079847123777, "APs": 9.432832881291105, "APm": 25.691479299730208, "APl": 32.772656659200905}