{"quality": 82, "model": "R101", "elapsed": 667.9966113567352, "tp": 45325, "fp": 329223, "precision": 0.1210125270993304, "recall": 1.247419843126462, "f1": 0.220622415626833, "min_score": 0.05000043287873268, "AP": 39.5410257719391, "AP50": 59.069675717700385, "AP75": 42.01564732114687, "APs": 22.47101619292782, "APm": 43.3302173364264, "APl": 51.32112716566199}