{"quality": 51, "model": "R50_C4", "elapsed": 1373.6124975681305, "tp": 25903, "fp": 16890, "precision": 0.6053092795550674, "recall": 0.7128939039493601, "f1": 0.6547113537559397, "min_score": 0.5000060200691223, "AP": 32.63051694009345, "AP50": 49.35333364135666, "AP75": 35.64749730802653, "APs": 13.924197829023436, "APm": 35.99844719132948, "APl": 47.693821166064495}