{"quality": 39, "model": "R101_FPN", "elapsed": 650.0557329654694, "tp": 40623, "fp": 92347, "precision": 0.305505001128074, "recall": 1.1180129351864594, "f1": 0.4798795073978914, "min_score": 0.05000249668955803, "AP": 37.625819602381334, "AP50": 57.4716193383376, "AP75": 40.48964535467111, "APs": 20.061748536213134, "APm": 40.83438846417185, "APl": 50.744393185209326}