{"quality": 43, "model": "R50_DC5", "elapsed": 1898.925306558609, "tp": 26181, "fp": 16814, "precision": 0.6089312710780324, "recall": 0.7205449291316912, "f1": 0.6600529434009833, "min_score": 0.500018298625946, "AP": 32.87065103685302, "AP50": 50.48528553412378, "AP75": 35.67781145997612, "APs": 14.178695631438224, "APm": 36.277021957537535, "APl": 46.69004201327583}