{"quality": 60, "model": "R101", "elapsed": 701.3679637908936, "tp": 18150, "fp": 3892, "precision": 0.8234280010888304, "recall": 0.4995183707169396, "f1": 0.6218202374222724, "min_score": 0.5000671148300171, "AP": 30.832894823448402, "AP50": 43.22272523345526, "AP75": 33.90472078128289, "APs": 12.205289800885488, "APm": 34.18936378056305, "APl": 43.776232070535826}