{"quality": 55, "model": "R101", "elapsed": 701.5674765110016, "tp": 17941, "fp": 3880, "precision": 0.8221896338389625, "recall": 0.4937663409935324, "f1": 0.6169956668271546, "min_score": 0.5000147819519043, "AP": 30.584862913837974, "AP50": 42.92386101280362, "AP75": 33.58194271468649, "APs": 12.353277265667248, "APm": 33.81162494079103, "APl": 43.72441828062231}