{"quality": 1, "model": "R101_FPN", "elapsed": 642.4023053646088, "tp": 421, "fp": 2837, "precision": 0.12922038060159607, "recall": 0.01158662446676758, "f1": 0.021266385472179426, "min_score": 0.5000499486923218, "AP": 0.6848678571094305, "AP50": 1.2179888361504554, "AP75": 0.6349880952247164, "APs": 0.17543700905602871, "APm": 0.5277077567521311, "APl": 1.2328075097765745}