{"quality": 66, "model": "X101", "elapsed": 2947.9226410388947, "tp": 40508, "fp": 68703, "precision": 0.37091501771799545, "recall": 1.1148479427549196, "f1": 0.5566350157338573, "min_score": 0.05000000819563866, "AP": 41.307122161831906, "AP50": 61.67046844003809, "AP75": 44.7711507875969, "APs": 24.110314953436664, "APm": 44.507604524749894, "APl": 53.93785129614444}