{"quality": 40, "model": "R50_FPN", "elapsed": 558.7160968780518, "tp": 22839, "fp": 9947, "precision": 0.6966083084243274, "recall": 0.6285674969038118, "f1": 0.6608411336641542, "min_score": 0.5000185370445251, "AP": 31.917490319515956, "AP50": 47.88616891522573, "AP75": 35.37341171928834, "APs": 15.21385058389369, "APm": 35.04561124497814, "APl": 44.339645844940875}