{"quality": 60, "model": "X101", "elapsed": 2951.2259378433228, "tp": 24977, "fp": 9487, "precision": 0.7247272516248839, "recall": 0.687408834457135, "f1": 0.7055749374991173, "min_score": 0.5000149011611938, "AP": 37.24026504748437, "AP50": 54.10674710412762, "AP75": 41.24628074447843, "APs": 18.755298699589744, "APm": 40.464086496473165, "APl": 50.175018828597196}