{"quality": 93, "model": "R50_DC5", "elapsed": 986.0012629032135, "tp": 43301, "fp": 129476, "precision": 0.2506178484404753, "recall": 1.191715976331361, "f1": 0.414141703967252, "min_score": 0.05000016465783119, "AP": 38.88129362968752, "AP50": 60.38660597384079, "AP75": 41.892174655311464, "APs": 21.113219714837552, "APm": 43.33254460573113, "APl": 52.30806779944507}