{"quality": 7, "model": "R101", "elapsed": 670.2060210704803, "tp": 24230, "fp": 430321, "precision": 0.053305349674733965, "recall": 0.6668501444887849, "f1": 0.09871945828563047, "min_score": 0.05000026151537895, "AP": 6.709628164322163, "AP50": 11.845496722715703, "AP75": 6.635137838624358, "APs": 2.530116653594608, "APm": 7.92529620716611, "APl": 10.035425597223984}