{"quality": 91, "model": "R50_DC5", "elapsed": 991.8268775939941, "tp": 43222, "fp": 127719, "precision": 0.2528474736897526, "recall": 1.1895417641392596, "f1": 0.4170478009996333, "min_score": 0.05000023916363716, "AP": 38.889497153318295, "AP50": 60.1676450360325, "AP75": 41.86945069779488, "APs": 21.441200759590803, "APm": 43.12904470544071, "APl": 52.14950073343834}