{"quality": 55, "model": "R101_DC5", "elapsed": 1133.3018131256104, "tp": 42568, "fp": 122527, "precision": 0.257839425785154, "recall": 1.1715425897894591, "f1": 0.4226579953333664, "min_score": 0.0500006265938282, "AP": 38.0057547424651, "AP50": 58.589475667463084, "AP75": 41.03241689896067, "APs": 19.15559761615569, "APm": 41.92522548539736, "APl": 52.17056025831326}