{"quality": 7, "model": "R101_C4", "elapsed": 1850.1035702228546, "tp": 7904, "fp": 12335, "precision": 0.3905331291071693, "recall": 0.21753130590339892, "f1": 0.2794216424505957, "min_score": 0.5000107288360596, "AP": 6.443032952973598, "AP50": 10.493590113902258, "AP75": 6.681950388843393, "APs": 2.3775399066089324, "APm": 7.160292361427881, "APl": 9.48659919857154}