{"quality": 86, "model": "R101_DC5", "elapsed": 1132.1983692646027, "tp": 43500, "fp": 122012, "precision": 0.2628208226593842, "recall": 1.1971927893215908, "f1": 0.4310195345979876, "min_score": 0.050000663846731186, "AP": 39.97137209034714, "AP50": 60.974314580142206, "AP75": 42.779505993606065, "APs": 22.598992153818426, "APm": 44.17748501383903, "APl": 53.743403672307466}