{"quality": 70, "model": "R101_FPN", "elapsed": 647.4789769649506, "tp": 24847, "fp": 9794, "precision": 0.717271441355619, "recall": 0.683831016925829, "f1": 0.7001521641118124, "min_score": 0.5000413656234741, "AP": 36.721471947339964, "AP50": 53.28082155769997, "AP75": 40.6593670492886, "APs": 18.52983482821661, "APm": 40.31126579104779, "APl": 50.227631260505525}