{"quality": 25, "model": "R50_C4", "elapsed": 1409.6369225978851, "tp": 23215, "fp": 18225, "precision": 0.560207528957529, "recall": 0.6389156460712812, "f1": 0.5969784635165541, "min_score": 0.5000194311141968, "AP": 27.446715698631035, "AP50": 42.51227957670719, "AP75": 29.59928286412229, "APs": 10.690199569552119, "APm": 30.13634402656548, "APl": 41.13494140822338}