{"quality": 16, "model": "R101_C4", "elapsed": 1717.7381737232208, "tp": 36711, "fp": 170958, "precision": 0.17677650491888533, "recall": 1.0103481491674693, "f1": 0.30090490319830815, "min_score": 0.05000024288892746, "AP": 25.50099227998975, "AP50": 40.872103733946254, "AP75": 26.648235322491193, "APs": 10.999924847734446, "APm": 28.20952308321962, "APl": 37.84568758477413}