{"quality": 2, "model": "R50_DC5", "elapsed": 1035.1547553539276, "tp": 2836, "fp": 177472, "precision": 0.015728642101293343, "recall": 0.07805146552910416, "f1": 0.026181321344331456, "min_score": 0.05000091344118118, "AP": 0.5771990441299613, "AP50": 1.1108604637680974, "AP75": 0.5582482457383349, "APs": 0.7098341363080868, "APm": 0.6802010939086885, "APl": 0.9702146463249666}