{"quality": 32, "model": "R101", "elapsed": 668.9008891582489, "tp": 43552, "fp": 353012, "precision": 0.10982338285875672, "recall": 1.198623916334113, "f1": 0.20121090600809888, "min_score": 0.05000007525086403, "AP": 34.664974398693104, "AP50": 52.80437718655584, "AP75": 36.71109380207413, "APs": 17.26661178702557, "APm": 38.00914489651016, "APl": 46.506125940467264}