{"quality": 58, "model": "R50", "elapsed": 499.43542528152466, "tp": 44190, "fp": 364453, "precision": 0.10813839953210994, "recall": 1.2161827439108297, "f1": 0.1986165608187371, "min_score": 0.050000499933958054, "AP": 35.99102102466182, "AP50": 54.599344649097105, "AP75": 38.254737853412266, "APs": 19.385634357020823, "APm": 39.41913372837935, "APl": 48.030158674530625}