{"quality": 69, "model": "R50_FPN", "elapsed": 561.8688478469849, "tp": 24538, "fp": 10476, "precision": 0.7008053921288627, "recall": 0.6753268198706481, "f1": 0.68783024289058, "min_score": 0.5000042915344238, "AP": 35.014165333648364, "AP50": 51.70174022812587, "AP75": 38.83238435870979, "APs": 17.451134732001954, "APm": 37.97993118430134, "APl": 47.99775458138724}