{"quality": 48, "model": "R101", "elapsed": 701.6506683826447, "tp": 17711, "fp": 3831, "precision": 0.8221613592052734, "recall": 0.4874363561304527, "f1": 0.6120220467543238, "min_score": 0.5000044703483582, "AP": 30.202248438205054, "AP50": 42.46690134395987, "AP75": 32.99397243816688, "APs": 11.45962660103458, "APm": 33.47010521129635, "APl": 43.12351548868554}