{"quality": 11, "model": "R101_FPN", "elapsed": 642.1054530143738, "tp": 11585, "fp": 6309, "precision": 0.647423717447189, "recall": 0.31883858538599147, "f1": 0.42726216599974176, "min_score": 0.5000367164611816, "AP": 12.829514996072616, "AP50": 20.269291625246034, "AP75": 13.748317371053867, "APs": 5.431832263445437, "APm": 14.656865330340349, "APl": 17.809362925741354}