{"quality": 41, "model": "R50_DC5", "elapsed": 1897.3603539466858, "tp": 26191, "fp": 16690, "precision": 0.6107833306126257, "recall": 0.7208201458648685, "f1": 0.6612553019592001, "min_score": 0.5000002980232239, "AP": 32.660372649653965, "AP50": 50.46166627530286, "AP75": 35.227566322336216, "APs": 14.204196558330326, "APm": 36.17638519474251, "APl": 45.944074017044215}