{"quality": 96, "model": "R101_C4", "elapsed": 1595.5268425941467, "tp": 43066, "fp": 127596, "precision": 0.2523467438562773, "recall": 1.1852483831016927, "f1": 0.4161026488306594, "min_score": 0.05000082030892372, "AP": 41.0217132359798, "AP50": 61.294647314491016, "AP75": 43.98810154303378, "APs": 22.076774355511688, "APm": 45.37030947579657, "APl": 55.89637877580952}