{"quality": 5, "model": "R101_C4", "elapsed": 1854.0659637451172, "tp": 11693, "fp": 205790, "precision": 0.05376512187159456, "recall": 0.3218109261043071, "f1": 0.09213688548487499, "min_score": 0.05000000819563866, "AP": 3.7069052026064537, "AP50": 6.343828093416444, "AP75": 3.6488611702767493, "APs": 1.6039736479991997, "APm": 3.9882390344576835, "APl": 6.438278034402788}