{"quality": 43, "model": "R101", "elapsed": 668.5966639518738, "tp": 44068, "fp": 342583, "precision": 0.11397358341243137, "recall": 1.2128250997660657, "f1": 0.20836623434345347, "min_score": 0.050000034272670746, "AP": 36.46922892661672, "AP50": 55.08472782982662, "AP75": 38.53076601419744, "APs": 18.465159262641585, "APm": 40.262559747835496, "APl": 48.65190970430666}