{"quality": 62, "model": "R101", "elapsed": 701.6577999591827, "tp": 18218, "fp": 3898, "precision": 0.8237475131126786, "recall": 0.5013898445025458, "f1": 0.6233597372157876, "min_score": 0.5000386834144592, "AP": 31.261864659593485, "AP50": 43.79610141648042, "AP75": 34.455489922354715, "APs": 13.0236137739454, "APm": 34.57261795974307, "APl": 44.168202525648496}