{"quality": 11, "model": "R50_FPN", "elapsed": 481.87827134132385, "tp": 29065, "fp": 128190, "precision": 0.1848271915042447, "recall": 0.7999174349800467, "f1": 0.3002737744718219, "min_score": 0.05000029131770134, "AP": 14.64476769741821, "AP50": 25.081106361893866, "AP75": 14.830317083377171, "APs": 7.0647675955722615, "APm": 16.61273089617078, "APl": 21.168778889260025}