{"quality": 89, "model": "R50", "elapsed": 498.37146759033203, "tp": 45153, "fp": 357253, "precision": 0.11220757145768204, "recall": 1.2426861153158113, "f1": 0.20582986317668053, "min_score": 0.05000019073486328, "AP": 38.42093863095362, "AP50": 57.60986479011729, "AP75": 41.020973307229355, "APs": 23.31955286706885, "APm": 41.940240267895916, "APl": 50.17555915425677}