{"quality": 19, "model": "R101", "elapsed": 701.3165912628174, "tp": 13520, "fp": 3195, "precision": 0.8088543224648519, "recall": 0.37209302325581395, "f1": 0.5097078228086711, "min_score": 0.5000044703483582, "AP": 21.06694333801905, "AP50": 30.827496227733363, "AP75": 23.2042964601112, "APs": 7.362199955213677, "APm": 23.618483450770242, "APl": 30.9277692846767}