{"quality": 14, "model": "R101_DC5", "elapsed": 1137.6420962810516, "tp": 18770, "fp": 14412, "precision": 0.5656681333252969, "recall": 0.516581808173937, "f1": 0.5400117956758779, "min_score": 0.500029444694519, "AP": 19.407197031386428, "AP50": 31.31538337462444, "AP75": 20.45880021359222, "APs": 7.604989344385086, "APm": 22.101950957077793, "APl": 28.013494322343757}