{"quality": 41, "model": "R50_DC5", "elapsed": 1050.5353643894196, "tp": 41752, "fp": 134626, "precision": 0.23671886516458968, "recall": 1.1490849043621851, "f1": 0.3925665098042902, "min_score": 0.05000019073486328, "AP": 35.095613279814394, "AP50": 55.661301350278734, "AP75": 37.1768142480091, "APs": 16.82048673388072, "APm": 38.74605243475532, "APl": 48.44102154956171}