{"quality": 50, "model": "R50_FPN", "elapsed": 485.32822704315186, "tp": 41295, "fp": 107710, "precision": 0.2771383510620449, "recall": 1.1365074996559792, "f1": 0.4456134671414697, "min_score": 0.05000035837292671, "AP": 37.07391227863771, "AP50": 56.929774600240115, "AP75": 40.263087363665676, "APs": 20.573631942707447, "APm": 40.13772493314467, "APl": 49.667324963286006}