{"quality": 13, "model": "R50_DC5", "elapsed": 1049.228459596634, "tp": 17603, "fp": 16676, "precision": 0.51352139794043, "recall": 0.4844640154121371, "f1": 0.4985696887302801, "min_score": 0.5000050067901611, "AP": 16.52661477061447, "AP50": 27.403694829404763, "AP75": 17.463001861272666, "APs": 6.725767957752726, "APm": 18.83563428408476, "APl": 24.352405508296616}