{"quality": 74, "model": "R101_DC5", "elapsed": 1132.524491071701, "tp": 43037, "fp": 120782, "precision": 0.26271067458597597, "recall": 1.1844502545754783, "f1": 0.43003887007004604, "min_score": 0.05000024661421776, "AP": 39.30252029032792, "AP50": 60.09974541592283, "AP75": 41.94824121644785, "APs": 20.67651672598138, "APm": 43.47507352558284, "APl": 53.59510432380395}