{"quality": 64, "model": "R50_C4", "elapsed": 1301.390377521515, "tp": 41298, "fp": 138128, "precision": 0.23016731131497106, "recall": 1.1365900646759324, "f1": 0.38281246379095385, "min_score": 0.05000130087137222, "AP": 36.330358724706855, "AP50": 55.943882782761435, "AP75": 39.03591925202278, "APs": 18.532688640211155, "APm": 40.20760174353469, "APl": 50.92301911705015}