{"quality": 38, "model": "R101_DC5", "elapsed": 1128.4305744171143, "tp": 26243, "fp": 16019, "precision": 0.6209597274146987, "recall": 0.722251272877391, "f1": 0.6677863022761684, "min_score": 0.5000280737876892, "AP": 33.84284744486284, "AP50": 51.23030558825662, "AP75": 36.404330440059155, "APs": 15.0271168295962, "APm": 37.58571720030765, "APl": 48.18841676454398}