{"quality": 62, "model": "R50_FPN", "elapsed": 560.5744621753693, "tp": 24109, "fp": 10154, "precision": 0.7036453316989172, "recall": 0.6635200220173386, "f1": 0.6829938525170685, "min_score": 0.500024139881134, "AP": 34.282522874861534, "AP50": 50.80404846109209, "AP75": 38.01571864993307, "APs": 16.8004642647495, "APm": 37.417202287269106, "APl": 47.42793147882857}