{"quality": 26, "model": "R101_DC5", "elapsed": 1137.1789214611053, "tp": 40603, "fp": 134846, "precision": 0.231423376593768, "recall": 1.1174625017201045, "f1": 0.38343784232992106, "min_score": 0.05000137910246849, "AP": 33.03269103853343, "AP50": 52.3899410272405, "AP75": 34.666347469854244, "APs": 15.116158713895608, "APm": 36.76120067387754, "APl": 46.46033928388067}