{"quality": 45, "model": "R50", "elapsed": 499.69890666007996, "tp": 43759, "fp": 370985, "precision": 0.10550845822965492, "recall": 1.2043209027108848, "f1": 0.1940192294476134, "min_score": 0.05000019073486328, "AP": 34.68336451911237, "AP50": 53.09999534855692, "AP75": 36.544507238261446, "APs": 18.024752568327155, "APm": 37.98030761757534, "APl": 46.604640814770846}