{"quality": 43, "model": "R101_DC5", "elapsed": 1137.0272166728973, "tp": 42151, "fp": 124502, "precision": 0.2529267399926794, "recall": 1.1600660520159625, "f1": 0.4153053382465959, "min_score": 0.05000118538737297, "AP": 36.84317211177427, "AP50": 57.345175001569835, "AP75": 39.088636984192185, "APs": 18.423988212549542, "APm": 40.73341906738808, "APl": 50.980256111809474}