{"quality": 14, "model": "R101_FPN", "elapsed": 644.025556564331, "tp": 15168, "fp": 7382, "precision": 0.6726385809312638, "recall": 0.4174487408834457, "f1": 0.515173643542498, "min_score": 0.5000522136688232, "AP": 17.715911263059482, "AP50": 27.73172069706844, "AP75": 18.972082600235783, "APs": 7.345695203255093, "APm": 20.04038045406297, "APl": 25.130329451390843}