{"quality": 80, "model": "R50", "elapsed": 499.26072359085083, "tp": 44758, "fp": 357683, "precision": 0.11121630251390888, "recall": 1.2318150543553048, "f1": 0.2040129815669043, "min_score": 0.05000034347176552, "AP": 37.54583345666395, "AP50": 56.715798213966686, "AP75": 39.80991053577377, "APs": 21.542376105291655, "APm": 41.00975119982467, "APl": 49.24573932382815}