{"quality": 44, "model": "R101_C4", "elapsed": 1606.4172778129578, "tp": 41498, "fp": 128299, "precision": 0.24439772198566523, "recall": 1.1420943993394799, "f1": 0.40263520462616187, "min_score": 0.0500001460313797, "AP": 37.45654323419379, "AP50": 56.730456355060134, "AP75": 40.04445198539214, "APs": 17.910347191385988, "APm": 41.85761759313102, "APl": 52.678184305290074}