{"quality": 11, "model": "R50_C4", "elapsed": 1774.7399499416351, "tp": 14720, "fp": 20215, "precision": 0.42135394303706886, "recall": 0.4051190312370992, "f1": 0.4130770310088396, "min_score": 0.5000125765800476, "AP": 12.423218463578662, "AP50": 20.650336501044013, "AP75": 12.943882076199653, "APs": 4.404542160447185, "APm": 14.038906167998997, "APl": 19.252808146830482}