{"quality": 90, "model": "R101", "elapsed": 667.4254307746887, "tp": 45512, "fp": 329671, "precision": 0.1213061359389951, "recall": 1.2525663960368791, "f1": 0.22119081060852744, "min_score": 0.05000002309679985, "AP": 40.22612043018544, "AP50": 59.93911592009453, "AP75": 42.862635505165564, "APs": 23.675235847073328, "APm": 44.162669988583964, "APl": 52.09662666672214}