{"quality": 77, "model": "R101_C4", "elapsed": 1593.0569958686829, "tp": 42460, "fp": 124717, "precision": 0.2539823061784815, "recall": 1.1685702490711436, "f1": 0.41727269153661706, "min_score": 0.0500003881752491, "AP": 39.861389762707226, "AP50": 59.79078377821205, "AP75": 42.62036737050559, "APs": 20.7866652985417, "APm": 44.17554717458653, "APl": 55.08037815837208}