{"quality": 2, "model": "R50_FPN", "elapsed": 478.4314618110657, "tp": 1622, "fp": 161713, "precision": 0.009930510913153947, "recall": 0.04464015412137058, "f1": 0.016246807231932687, "min_score": 0.05000012740492821, "AP": 0.7377739434633465, "AP50": 1.398343003497054, "AP75": 0.6756653109435402, "APs": 0.23971306399413134, "APm": 0.7262814972981998, "APl": 1.3180837601405337}