{"quality": 42, "model": "R101_C4", "elapsed": 1608.411236524582, "tp": 41465, "fp": 128619, "precision": 0.2437913031208109, "recall": 1.1411861841199944, "f1": 0.4017556523382053, "min_score": 0.05000114068388939, "AP": 36.99648979066813, "AP50": 56.22297808352161, "AP75": 38.99858716610784, "APs": 17.178411117329198, "APm": 41.186318680765744, "APl": 52.526417937687576}