{"quality": 5, "model": "R101", "elapsed": 668.4125506877899, "tp": 16264, "fp": 412795, "precision": 0.037906208703231956, "recall": 0.44761249483968624, "f1": 0.06989346661108652, "min_score": 0.05000029504299164, "AP": 3.2967025367342444, "AP50": 5.965182321574232, "AP75": 3.181081265951856, "APs": 1.0592281461835162, "APm": 3.860601285844799, "APl": 5.428963110737743}