{"quality": 43, "model": "R101_DC5", "elapsed": 1128.1836931705475, "tp": 26612, "fp": 15976, "precision": 0.6248708556400864, "recall": 0.7324067703316361, "f1": 0.6743788249306286, "min_score": 0.5000408291816711, "AP": 34.416675920758344, "AP50": 52.17553038659444, "AP75": 37.141254340284746, "APs": 15.549564281310085, "APm": 38.2300469800981, "APl": 48.776837824953695}