{"quality": 58, "model": "R101", "elapsed": 701.5826449394226, "tp": 18070, "fp": 3870, "precision": 0.8236098450319052, "recall": 0.49731663685152055, "f1": 0.6201630201630202, "min_score": 0.5000245571136475, "AP": 30.836225583516125, "AP50": 43.199554239995315, "AP75": 33.9730935670091, "APs": 12.709125524286591, "APm": 33.99626502068372, "APl": 43.41640150522183}