{"quality": 1, "model": "R50", "elapsed": 477.15257573127747, "tp": 220, "fp": 1087, "precision": 0.16832440703902066, "recall": 0.006054768129902298, "f1": 0.01168907071887785, "min_score": 0.5000579953193665, "AP": 0.4791801723514831, "AP50": 0.8413108956884345, "AP75": 0.46214132417895404, "APs": 0.10100128435420609, "APm": 0.4947748717984873, "APl": 0.845893719412779}