{"quality": 46, "model": "R50_C4", "elapsed": 1374.2733299732208, "tp": 25690, "fp": 16760, "precision": 0.6051825677267373, "recall": 0.707031787532682, "f1": 0.6521545979564638, "min_score": 0.5000048279762268, "AP": 32.31186779762976, "AP50": 48.91118580208514, "AP75": 35.25003058350009, "APs": 13.387304927234764, "APm": 35.719121068228475, "APl": 47.76769586379642}