{"quality": 17, "model": "R101_FPN", "elapsed": 644.8103263378143, "tp": 17740, "fp": 7976, "precision": 0.6898428993622647, "recall": 0.48823448465666713, "f1": 0.5717877230020467, "min_score": 0.500015914440155, "AP": 22.488286822687424, "AP50": 34.60467065075027, "AP75": 24.463601959449043, "APs": 9.846397417898132, "APm": 25.15498181250396, "APl": 32.383064243276145}