{"quality": 57, "model": "R101_DC5", "elapsed": 1133.742343902588, "tp": 42591, "fp": 122039, "precision": 0.25870740448277957, "recall": 1.1721755882757672, "f1": 0.4238648520886722, "min_score": 0.05000085383653641, "AP": 38.2413325006473, "AP50": 58.78611765615665, "AP75": 41.07309997125378, "APs": 19.57771580231618, "APm": 42.10959300131098, "APl": 52.308850103324936}