{"quality": 3, "model": "R101_FPN", "elapsed": 641.0202341079712, "tp": 2306, "fp": 61699, "precision": 0.036028435278493864, "recall": 0.06346497867070318, "f1": 0.04596372334064181, "min_score": 0.05000085383653641, "AP": 1.2063708405046178, "AP50": 2.224099454144698, "AP75": 1.1155411105284372, "APs": 0.35846278019487837, "APm": 1.0098389555433618, "APl": 2.463657533360306}