{"quality": 26, "model": "R50_C4", "elapsed": 1398.9720408916473, "tp": 23434, "fp": 18152, "precision": 0.5635069494541433, "recall": 0.6449428925278657, "f1": 0.6014809871536557, "min_score": 0.5000014305114746, "AP": 27.895108794014696, "AP50": 43.07076313477252, "AP75": 30.135570218641828, "APs": 11.160041872281523, "APm": 30.65102683729455, "APl": 42.139275410615475}