{"quality": 21, "model": "R101", "elapsed": 669.6349084377289, "tp": 41846, "fp": 377911, "precision": 0.09969101170439088, "recall": 1.1516719416540526, "f1": 0.1834980661796304, "min_score": 0.05000017210841179, "AP": 29.26451322597706, "AP50": 46.257574858735026, "AP75": 30.755577256629046, "APs": 13.737305026534793, "APm": 32.15301860120935, "APl": 40.11990127717167}