{"quality": 37, "model": "R101_FPN", "elapsed": 650.0036990642548, "tp": 40552, "fp": 92982, "precision": 0.30368295714949, "recall": 1.1160588963809, "f1": 0.47745027050256367, "min_score": 0.05000057816505432, "AP": 37.226699194558364, "AP50": 56.91617781379546, "AP75": 39.95534583278589, "APs": 20.030825509501966, "APm": 40.20584756792091, "APl": 50.33137483422018}