{"quality": 84, "model": "X101", "elapsed": 2945.5357382297516, "tp": 26089, "fp": 10089, "precision": 0.7211288628448228, "recall": 0.7180129351864594, "f1": 0.7195675258229559, "min_score": 0.5000393390655518, "AP": 38.853236843628366, "AP50": 56.14261386806968, "AP75": 42.680692353644424, "APs": 21.761114206091477, "APm": 42.055115916176334, "APl": 51.661141260200715}