{"quality": 59, "model": "R50_C4", "elapsed": 1309.2335226535797, "tp": 41142, "fp": 140983, "precision": 0.22589979409746053, "recall": 1.1322966836383652, "f1": 0.37665476517440266, "min_score": 0.05000145733356476, "AP": 36.10842280985345, "AP50": 55.61955818239005, "AP75": 38.91991444631961, "APs": 17.43583469197329, "APm": 39.851771242790456, "APl": 51.03885240408517}