{"quality": 2, "model": "R101", "elapsed": 662.1249313354492, "tp": 5150, "fp": 291295, "precision": 0.01737253116092361, "recall": 0.14173661758634926, "f1": 0.03095137928962077, "min_score": 0.05000017210841179, "AP": 0.8580686929526078, "AP50": 1.6415544097549286, "AP75": 0.7856463246773291, "APs": 0.2620777895083246, "APm": 0.734831956278695, "APl": 1.6700850691969333}