{"quality": 83, "model": "R101_C4", "elapsed": 1594.0486195087433, "tp": 42716, "fp": 124758, "precision": 0.25506048700096734, "recall": 1.1756157974404844, "f1": 0.41917677825807503, "min_score": 0.050000037997961044, "AP": 40.12726339610945, "AP50": 60.122685618141325, "AP75": 42.83480949620791, "APs": 21.277376547503263, "APm": 44.11414541650306, "APl": 55.12672083219644}