{"quality": 90, "model": "R101_C4", "elapsed": 1588.9887948036194, "tp": 28577, "fp": 16849, "precision": 0.629089067934663, "recall": 0.7864868584009908, "f1": 0.6990374383874953, "min_score": 0.5000351071357727, "AP": 38.136934135102486, "AP50": 55.805724349655385, "AP75": 41.544622452896455, "APs": 18.802881715691292, "APm": 42.15603467064888, "APl": 53.47630445186995}