{"quality": 50, "model": "R50_DC5", "elapsed": 1895.8939938545227, "tp": 26502, "fp": 16706, "precision": 0.6133586372893909, "recall": 0.729379386266685, "f1": 0.666356561859623, "min_score": 0.5000354647636414, "AP": 33.53166585707624, "AP50": 51.427254367867846, "AP75": 36.597269289748866, "APs": 14.954199188147967, "APm": 36.965689492617564, "APl": 47.73540660141394}