{"quality": 20, "model": "R101_FPN", "elapsed": 645.8157434463501, "tp": 19415, "fp": 8343, "precision": 0.6994379998558974, "recall": 0.5343332874638778, "f1": 0.6058383910879503, "min_score": 0.5000200867652893, "AP": 25.728917106656567, "AP50": 39.39707913211535, "AP75": 27.840951092466703, "APs": 10.732485930783147, "APm": 28.26472818606136, "APl": 37.717668457474126}