{"quality": 38, "model": "R101_C4", "elapsed": 1610.968872308731, "tp": 41309, "fp": 130182, "precision": 0.2408814456735339, "recall": 1.1368928030824275, "f1": 0.3975344759558477, "min_score": 0.05000009387731552, "AP": 36.57055644833132, "AP50": 55.55529850002063, "AP75": 39.01016334491475, "APs": 17.202012479110184, "APm": 40.7165612816332, "APl": 52.335660449568365}