{"quality": 36, "model": "R101_C4", "elapsed": 1611.3196952342987, "tp": 25572, "fp": 15598, "precision": 0.6211318921544814, "recall": 0.703784230081189, "f1": 0.659880007741436, "min_score": 0.5000308752059937, "AP": 33.71904714404925, "AP50": 49.80283641565261, "AP75": 36.66140256072347, "APs": 13.986149720792746, "APm": 37.62685899689651, "APl": 49.79735145955131}