{"quality": 99, "model": "R101", "elapsed": 667.6164474487305, "tp": 45567, "fp": 330389, "precision": 0.12120301311855643, "recall": 1.2540800880693546, "f1": 0.22104290416235137, "min_score": 0.05000017210841179, "AP": 40.397681114374905, "AP50": 60.23748994258027, "AP75": 43.27035346306363, "APs": 23.819323798745298, "APm": 44.372874117535815, "APl": 52.13635576355803}