{"quality": 59, "model": "X101", "elapsed": 2951.150747537613, "tp": 24938, "fp": 9542, "precision": 0.7232598607888631, "recall": 0.6863354891977432, "f1": 0.7043140577561251, "min_score": 0.5001114010810852, "AP": 37.13519143896419, "AP50": 53.896245003555734, "AP75": 41.0707131439984, "APs": 18.52990193235845, "APm": 40.284659335969046, "APl": 50.34795837985876}