{"quality": 64, "model": "R101_FPN", "elapsed": 649.6479625701904, "tp": 41475, "fp": 90209, "precision": 0.3149585371039762, "recall": 1.1414614008531718, "f1": 0.4936941655408019, "min_score": 0.0500001460313797, "AP": 40.06940961040251, "AP50": 60.008494791885724, "AP75": 43.4813234917427, "APs": 22.266193340065136, "APm": 43.63118974243051, "APl": 53.1840930528041}