{"quality": 16, "model": "R50_C4", "elapsed": 1592.177528142929, "tp": 19684, "fp": 20074, "precision": 0.49509532672669654, "recall": 0.5417366175863493, "f1": 0.5173669062857293, "min_score": 0.500000536441803, "AP": 19.941176273100485, "AP50": 32.240258374424386, "AP75": 21.09868610360682, "APs": 7.5823428243754085, "APm": 22.179042271960625, "APl": 30.427643433992742}