{"quality": 36, "model": "R101_DC5", "elapsed": 1128.4963018894196, "tp": 26100, "fp": 15879, "precision": 0.621739441149146, "recall": 0.7183156735929545, "f1": 0.6665474883162653, "min_score": 0.500000536441803, "AP": 33.60070451745278, "AP50": 51.06135775406073, "AP75": 36.332459051002864, "APs": 14.960451175949451, "APm": 37.27591719951454, "APl": 47.73047199709893}