{"quality": 69, "model": "R101", "elapsed": 701.736823797226, "tp": 18507, "fp": 3946, "precision": 0.8242551106756335, "recall": 0.5093436080913719, "f1": 0.629618289446826, "min_score": 0.5000177025794983, "AP": 31.796650810206874, "AP50": 44.355299677243366, "AP75": 35.101375890109914, "APs": 12.861353030763715, "APm": 35.38210414988941, "APl": 44.72183501746627}