{"quality": 29, "model": "R50_DC5", "elapsed": 1058.4074020385742, "tp": 40901, "fp": 144870, "precision": 0.2201689176459189, "recall": 1.1256639603687904, "f1": 0.36830162174817427, "min_score": 0.050000112503767014, "AP": 32.518199654879346, "AP50": 52.20997258432831, "AP75": 34.341083536107384, "APs": 15.361410017906888, "APm": 35.88357194741371, "APl": 45.464499580662455}