{"quality": 67, "model": "R50", "elapsed": 499.5353419780731, "tp": 44464, "fp": 360997, "precision": 0.1096628282374877, "recall": 1.2237236823998898, "f1": 0.20128747204592165, "min_score": 0.05000027269124985, "AP": 36.79056827346298, "AP50": 55.757124660430094, "AP75": 38.93497161381818, "APs": 20.449519159161373, "APm": 40.2646277736278, "APl": 48.41018539542375}