{"quality": 8, "model": "R50_C4", "elapsed": 1833.1536841392517, "tp": 9745, "fp": 19094, "precision": 0.33791046846284545, "recall": 0.2681987064813541, "f1": 0.29904563169362014, "min_score": 0.5000036358833313, "AP": 7.190847885612301, "AP50": 12.220530679285654, "AP75": 7.479546637499659, "APs": 2.6102298104482045, "APm": 8.336760739916258, "APl": 11.050496498454928}