{"quality": 98, "model": "R50_C4", "elapsed": 1303.2277357578278, "tp": 42344, "fp": 138025, "precision": 0.23476317992559698, "recall": 1.165377734966286, "f1": 0.3908003544004726, "min_score": 0.050000157207250595, "AP": 38.40047626261852, "AP50": 58.58542696987079, "AP75": 41.401598400797475, "APs": 20.798621674201407, "APm": 42.70916694722291, "APl": 52.85067936564726}