{"quality": 96, "model": "R50_FPN", "elapsed": 546.5142073631287, "tp": 25912, "fp": 11398, "precision": 0.6945054945054945, "recall": 0.7131415990092198, "f1": 0.7037001833118338, "min_score": 0.5000124573707581, "AP": 36.62081302016249, "AP50": 54.0136976356978, "AP75": 40.74570874037534, "APs": 19.074503962897147, "APm": 40.04981986907828, "APl": 49.13367404559251}