{"quality": 23, "model": "R101", "elapsed": 701.4782667160034, "tp": 14971, "fp": 3466, "precision": 0.8120084612464067, "recall": 0.4120269712398514, "f1": 0.5466661797998977, "min_score": 0.5000173449516296, "AP": 24.15226059193965, "AP50": 34.80813891431407, "AP75": 26.636168449756564, "APs": 8.375964472184783, "APm": 26.95746869447832, "APl": 34.95162501080867}