{"quality": 6, "model": "R50_C4", "elapsed": 1841.532743215561, "tp": 5617, "fp": 17460, "precision": 0.24340252199159337, "recall": 0.15458923902573277, "f1": 0.18908637985592136, "min_score": 0.5000088810920715, "AP": 4.161300561363939, "AP50": 7.090033271686848, "AP75": 4.11868871164455, "APs": 1.6692670599103996, "APm": 4.851015511302538, "APl": 6.409468724927579}