{"quality": 20, "model": "R101_C4", "elapsed": 1667.368135213852, "tp": 22459, "fp": 15562, "precision": 0.5906998763841035, "recall": 0.6181092610430714, "f1": 0.6040938189251707, "min_score": 0.5000280141830444, "AP": 27.23118613334275, "AP50": 41.28835538156084, "AP75": 29.41737517778699, "APs": 10.378390381202717, "APm": 30.282923146374756, "APl": 40.940499288465034}