{"quality": 29, "model": "R101_DC5", "elapsed": 1130.7307677268982, "tp": 25085, "fp": 15826, "precision": 0.6131602747427343, "recall": 0.6903811751754506, "f1": 0.6494834683996582, "min_score": 0.5000011324882507, "AP": 31.724375807299154, "AP50": 48.435424080503594, "AP75": 34.09479544904715, "APs": 13.622801154912661, "APm": 35.31354164339199, "APl": 45.82975617857398}