{"quality": 73, "model": "X101", "elapsed": 2952.2138996124268, "tp": 25629, "fp": 9812, "precision": 0.7231455094382213, "recall": 0.7053529654603, "f1": 0.7141384306732056, "min_score": 0.500006914138794, "AP": 38.181973779552564, "AP50": 55.32368675024881, "AP75": 42.03457728739691, "APs": 20.36659282268119, "APm": 41.39904229149852, "APl": 51.22185282970003}