{"quality": 3, "model": "R101_FPN", "elapsed": 638.4057834148407, "tp": 614, "fp": 3242, "precision": 0.1592323651452282, "recall": 0.01689830741709096, "f1": 0.030554104152670996, "min_score": 0.5000042915344238, "AP": 0.9412106273354462, "AP50": 1.6403988954256616, "AP75": 0.9092487365235473, "APs": 0.28865846629446607, "APm": 0.764118625803098, "APl": 1.8792047054138405}