{"quality": 66, "model": "R50_FPN", "elapsed": 485.07101821899414, "tp": 41959, "fp": 105630, "precision": 0.2842962551409658, "recall": 1.1547818907389569, "f1": 0.4562645440508036, "min_score": 0.050000112503767014, "AP": 38.42048675477334, "AP50": 58.74764031928257, "AP75": 41.76861117608572, "APs": 21.522887435652784, "APm": 41.454542048007106, "APl": 50.54661417785352}