{"quality": 96, "model": "R101_FPN", "elapsed": 728.3657820224762, "tp": 26141, "fp": 10664, "precision": 0.7102567585925825, "recall": 0.7194440621989817, "f1": 0.714820891441072, "min_score": 0.5000159740447998, "AP": 38.379040261530264, "AP50": 55.441603721754795, "AP75": 42.60130996031051, "APs": 20.842867258837607, "APm": 41.99089738468097, "APl": 51.28305717660645}