{"quality": 67, "model": "R101_C4", "elapsed": 1597.2044274806976, "tp": 42198, "fp": 124038, "precision": 0.25384393272215405, "recall": 1.1613595706618962, "f1": 0.41662429469173773, "min_score": 0.050000157207250595, "AP": 39.30807948114007, "AP50": 59.0567203009127, "AP75": 41.99907119964869, "APs": 20.129268374320976, "APm": 43.68535248248642, "APl": 54.41215267641587}