{"quality": 95, "model": "R101", "elapsed": 697.1119027137756, "tp": 19596, "fp": 4365, "precision": 0.8178289720796293, "recall": 0.5393147103343884, "f1": 0.6499933660607669, "min_score": 0.500041663646698, "AP": 33.62502528880466, "AP50": 46.96491838959295, "AP75": 37.262278849532855, "APs": 15.230679376391915, "APm": 37.61939815366669, "APl": 46.009646052593986}