{"quality": 27, "model": "R50", "elapsed": 483.46133756637573, "tp": 14851, "fp": 3572, "precision": 0.8061119253107528, "recall": 0.4087243704417229, "f1": 0.5424230249461266, "min_score": 0.5000017285346985, "AP": 24.188914813940052, "AP50": 34.5465647138079, "AP75": 26.746738879970174, "APs": 8.199026495416877, "APm": 26.93349044742495, "APl": 36.424231107398626}