{"quality": 90, "model": "R101_DC5", "elapsed": 1132.6192932128906, "tp": 43588, "fp": 122622, "precision": 0.2622465555622405, "recall": 1.1996146965735517, "f1": 0.43040312029425565, "min_score": 0.05000193789601326, "AP": 40.27719785265934, "AP50": 61.3517482275754, "AP75": 43.33388818148538, "APs": 22.51465182526086, "APm": 44.55987734998416, "APl": 54.06589693710953}