{"quality": 69, "model": "R50", "elapsed": 499.36431312561035, "tp": 44461, "fp": 360680, "precision": 0.10974204042543213, "recall": 1.2236411173799366, "f1": 0.20141978272884598, "min_score": 0.05000007525086403, "AP": 36.86160057645566, "AP50": 55.80064587969507, "AP75": 38.97154513680761, "APs": 20.899040903080195, "APm": 40.20971097999843, "APl": 48.49519113671822}