{"quality": 57, "model": "R50_DC5", "elapsed": 1896.4272322654724, "tp": 26852, "fp": 16902, "precision": 0.6137038899300635, "recall": 0.7390119719278933, "f1": 0.6705540086653597, "min_score": 0.5000429749488831, "AP": 34.10727421403657, "AP50": 52.186916478703495, "AP75": 37.52707857099072, "APs": 15.780223414036609, "APm": 37.76463955153237, "APl": 47.66029380220979}