{"quality": 81, "model": "R50_DC5", "elapsed": 1023.9404587745667, "tp": 28057, "fp": 17216, "precision": 0.6197291984184834, "recall": 0.7721755882757672, "f1": 0.6876041564552495, "min_score": 0.5000019669532776, "AP": 35.868886563832426, "AP50": 54.330682197781975, "AP75": 39.30397510004845, "APs": 17.57342572698081, "APm": 39.68305738135335, "APl": 49.620039915973365}