{"quality": 91, "model": "R50", "elapsed": 484.2479724884033, "tp": 18718, "fp": 4253, "precision": 0.8148535109485874, "recall": 0.5151506811614146, "f1": 0.6312346136984455, "min_score": 0.5000182390213013, "AP": 31.290600835083293, "AP50": 43.9562227169824, "AP75": 34.5982474411837, "APs": 13.149929690483173, "APm": 34.75282901733236, "APl": 44.03876301688204}