{"quality": 38, "model": "X101", "elapsed": 2923.315786600113, "tp": 39511, "fp": 71060, "precision": 0.3573360103462933, "recall": 1.087408834457135, "f1": 0.5379085946115203, "min_score": 0.05000000819563866, "AP": 38.45833980076989, "AP50": 58.50742032085261, "AP75": 41.08770945928306, "APs": 21.383810986269257, "APm": 41.461820528975196, "APl": 51.36779657114674}