{"quality": 83, "model": "X101", "elapsed": 2933.6663563251495, "tp": 41062, "fp": 68379, "precision": 0.3751975950512148, "recall": 1.1300949497729462, "f1": 0.563357479969268, "min_score": 0.05000074580311775, "AP": 42.27993712859301, "AP50": 62.82502332868116, "AP75": 45.86647168518669, "APs": 26.399868956175105, "APm": 45.33915982796508, "APl": 54.473917164382456}