{"quality": 69, "model": "R101_C4", "elapsed": 1596.979843378067, "tp": 42300, "fp": 123996, "precision": 0.25436570933756675, "recall": 1.1641667813403056, "f1": 0.41750768638559743, "min_score": 0.050001807510852814, "AP": 39.42149151248897, "AP50": 59.26678588295158, "AP75": 42.1445892309083, "APs": 20.40581286485066, "APm": 43.775909735954315, "APl": 54.64839336886149}