{"quality": 53, "model": "R101_DC5", "elapsed": 1133.491506576538, "tp": 42456, "fp": 122843, "precision": 0.256843659066298, "recall": 1.1684601623778725, "f1": 0.42111945406032714, "min_score": 0.05000089481472969, "AP": 37.963235925305334, "AP50": 58.4024824574726, "AP75": 40.797397242210806, "APs": 18.77198510527905, "APm": 41.99536228708446, "APl": 52.20577386865954}