{"quality": 72, "model": "R101_FPN", "elapsed": 650.0279591083527, "tp": 41680, "fp": 90440, "precision": 0.3154707841356343, "recall": 1.147103343883308, "f1": 0.4948502567451248, "min_score": 0.05000082775950432, "AP": 40.66209015884144, "AP50": 60.86653518225186, "AP75": 44.35955983496475, "APs": 23.578183598204667, "APm": 43.93572334502225, "APl": 53.81606616261063}