{"quality": 13, "model": "R101_FPN", "elapsed": 643.8658351898193, "tp": 14197, "fp": 7151, "precision": 0.6650271688214353, "recall": 0.3907251960919224, "f1": 0.49224208172251793, "min_score": 0.5000186562538147, "AP": 16.333199051216965, "AP50": 25.568406374135893, "AP75": 17.618154999468054, "APs": 6.998073117603279, "APm": 18.258402938390166, "APl": 23.740689715897968}