{"quality": 19, "model": "R50_C4", "elapsed": 1516.1640286445618, "tp": 37283, "fp": 207047, "precision": 0.15259280481316254, "recall": 1.0260905463052155, "f1": 0.2656761619724583, "min_score": 0.05000028386712074, "AP": 25.472015199838687, "AP50": 41.68951938092701, "AP75": 26.43340850728249, "APs": 10.508059808817482, "APm": 28.449132050838067, "APl": 37.77650884940948}