{"quality": 8, "model": "R50_C4", "elapsed": 1842.2890121936798, "tp": 22791, "fp": 302245, "precision": 0.07011838688637566, "recall": 0.6272464565845604, "f1": 0.12613629759997344, "min_score": 0.05000044032931328, "AP": 8.365192987524917, "AP50": 14.730023950481161, "AP75": 8.435879636253823, "APs": 3.361726673913427, "APm": 9.94338301692761, "APl": 13.232960832893442}