{"quality": 78, "model": "R101_DC5", "elapsed": 1126.596531867981, "tp": 28381, "fp": 16635, "precision": 0.630464723653812, "recall": 0.7810926104307142, "f1": 0.697741883935047, "min_score": 0.5000264644622803, "AP": 37.16544673597381, "AP50": 55.45280411377885, "AP75": 40.84066140959924, "APs": 17.882690508724014, "APm": 41.43634064514099, "APl": 51.26802755803169}