{"quality": 15, "model": "R50_C4", "elapsed": 1626.5654921531677, "tp": 18843, "fp": 20140, "precision": 0.4833645435189698, "recall": 0.5185908903261318, "f1": 0.5003584800446108, "min_score": 0.5000287294387817, "AP": 18.66416355863949, "AP50": 30.082697000874926, "AP75": 19.798720262494022, "APs": 6.893328571254704, "APm": 20.79233950876462, "APl": 28.86094577896624}