{"quality": 19, "model": "R101_C4", "elapsed": 1679.147991657257, "tp": 21981, "fp": 15593, "precision": 0.585005588971097, "recall": 0.6049539011971928, "f1": 0.5948125397448213, "min_score": 0.5000041127204895, "AP": 26.089818861201714, "AP50": 39.803300138690304, "AP75": 27.910287699588025, "APs": 9.883199875682427, "APm": 29.156577073411754, "APl": 39.02357480456954}