{"quality": 99, "model": "R50_DC5", "elapsed": 1021.3180718421936, "tp": 28886, "fp": 18155, "precision": 0.6140600752535023, "recall": 0.7949910554561718, "f1": 0.6929092304739973, "min_score": 0.5000288486480713, "AP": 36.78123732053605, "AP50": 55.623737009673576, "AP75": 40.382497584600934, "APs": 18.189001085488695, "APm": 41.27051241746613, "APl": 50.503184591690776}