{"quality": 10, "model": "X101", "elapsed": 2943.278995513916, "tp": 24695, "fp": 80142, "precision": 0.2355561490695079, "recall": 0.6796477225815329, "f1": 0.3498569121355509, "min_score": 0.050000205636024475, "AP": 12.709218626361524, "AP50": 21.750224072028683, "AP75": 13.004815763290376, "APs": 5.768066933284316, "APm": 14.738333711402754, "APl": 17.36027665329642}