{"quality": 20, "model": "X101", "elapsed": 2946.765461206436, "tp": 36238, "fp": 81040, "precision": 0.3089923088729344, "recall": 0.9973303976881794, "f1": 0.4718090265797817, "min_score": 0.05000298470258713, "AP": 30.010756048260422, "AP50": 47.90542688693165, "AP75": 31.540517146127833, "APs": 15.425938439301841, "APm": 32.89012774209148, "APl": 40.91032975506861}