{"quality": 26, "model": "R50_FPN", "elapsed": 485.08790254592896, "tp": 39369, "fp": 116314, "precision": 0.25287924821592594, "recall": 1.0835007568460162, "f1": 0.4100553073149393, "min_score": 0.050000354647636414, "AP": 31.74296563417646, "AP50": 50.61732521329638, "AP75": 33.75263523219705, "APs": 16.517768597647837, "APm": 34.76123808355821, "APl": 42.9329760217317}