{"quality": 21, "model": "R101_FPN", "elapsed": 648.961009979248, "tp": 38083, "fp": 101355, "precision": 0.27311780146014714, "recall": 1.0481078849594054, "f1": 0.4333202482747634, "min_score": 0.050000037997961044, "AP": 30.494879697160115, "AP50": 48.46104087817282, "AP75": 32.178245399337314, "APs": 14.57512512142063, "APm": 33.24169921345932, "APl": 42.52237341017119}