{"quality": 45, "model": "R101", "elapsed": 668.4106385707855, "tp": 44232, "fp": 341327, "precision": 0.11472174167896483, "recall": 1.2173386541901747, "f1": 0.20968300094336495, "min_score": 0.05000027269124985, "AP": 36.815591605942146, "AP50": 55.635989803091476, "AP75": 39.02694628854825, "APs": 19.18473445036373, "APm": 40.498124495565676, "APl": 48.93259009332759}