{"quality": 1, "model": "R50_FPN", "elapsed": 559.4160628318787, "tp": 389, "fp": 7270, "precision": 0.05078992035513775, "recall": 0.010705930920599972, "f1": 0.017684229667681954, "min_score": 0.5000088810920715, "AP": 0.5898443698088592, "AP50": 1.0455750291628587, "AP75": 0.5690779532602698, "APs": 0.15585798166301798, "APm": 0.5407793276056809, "APl": 1.015527735790071}