{"quality": 54, "model": "R50_FPN", "elapsed": 554.9228217601776, "tp": 23735, "fp": 10160, "precision": 0.7002507744505089, "recall": 0.6532269161965047, "f1": 0.6759219706678058, "min_score": 0.5000093579292297, "AP": 33.50542379236223, "AP50": 49.89570850016562, "AP75": 37.22225079899732, "APs": 15.763300745311385, "APm": 36.703406768001265, "APl": 46.85426009230619}