{"quality": 65, "model": "R50_C4", "elapsed": 1300.2470457553864, "tp": 41290, "fp": 137797, "precision": 0.2305583319838961, "recall": 1.1363698912893905, "f1": 0.38334060588055074, "min_score": 0.05000017210841179, "AP": 36.58654773314563, "AP50": 56.09737458710665, "AP75": 39.19438756745266, "APs": 18.664346079270228, "APm": 40.426248635454535, "APl": 51.27132046406388}