{"quality": 26, "model": "R50_DC5", "elapsed": 1036.2146892547607, "tp": 24067, "fp": 16926, "precision": 0.5871002366257654, "recall": 0.6623641117379937, "f1": 0.6224653424374095, "min_score": 0.5000017285346985, "AP": 28.804429797433627, "AP50": 45.21619817564484, "AP75": 31.192884277788984, "APs": 12.191180837940312, "APm": 32.06943150606817, "APl": 41.40795869289901}