{"quality": 59, "model": "R101_DC5", "elapsed": 1128.0145971775055, "tp": 27383, "fp": 16253, "precision": 0.6275323127692731, "recall": 0.7536259804596119, "f1": 0.684823248427555, "min_score": 0.5000170469284058, "AP": 35.841667050322236, "AP50": 53.683187430447575, "AP75": 39.336129780942024, "APs": 16.511119480806094, "APm": 39.79153367526918, "APl": 50.304619062326786}