{"quality": 5, "model": "R50_DC5", "elapsed": 1014.4311909675598, "tp": 3639, "fp": 14520, "precision": 0.20039649760449363, "recall": 0.10015136920324756, "f1": 0.1335559878151723, "min_score": 0.5000087022781372, "AP": 2.429882456986027, "AP50": 4.320179450185063, "AP75": 2.358796894188652, "APs": 0.7598131303930319, "APm": 3.0323672093465213, "APl": 3.6850203428620913}