{"quality": 50, "model": "R50", "elapsed": 484.0825185775757, "tp": 16853, "fp": 3788, "precision": 0.8164817596046703, "recall": 0.46382276042383375, "f1": 0.5915824206683515, "min_score": 0.5000077486038208, "AP": 28.230824061095316, "AP50": 39.8457380891741, "AP75": 31.10747727432855, "APs": 10.886868494458543, "APm": 31.0265647779319, "APl": 41.350303876974785}