{"quality": 59, "model": "X101", "elapsed": 2925.1798844337463, "tp": 40142, "fp": 69179, "precision": 0.36719386028301976, "recall": 1.1047750103206275, "f1": 0.5511891030922172, "min_score": 0.05000091344118118, "AP": 40.57696244095372, "AP50": 60.7875760401016, "AP75": 44.06303908062461, "APs": 23.207090022277537, "APm": 43.5873152885651, "APl": 53.3599671516501}