{"quality": 19, "model": "R101_FPN", "elapsed": 648.6793508529663, "tp": 37203, "fp": 103577, "precision": 0.26426338968603497, "recall": 1.0238888124397962, "f1": 0.42009993507043447, "min_score": 0.05000070482492447, "AP": 28.436616082687095, "AP50": 45.67578761152921, "AP75": 29.75050738511126, "APs": 13.844689460400952, "APm": 30.835736289652836, "APl": 40.17028696070675}