{"quality": 42, "model": "R50_FPN", "elapsed": 485.65342116355896, "tp": 40919, "fp": 108779, "precision": 0.27334366524602866, "recall": 1.1261593504885097, "f1": 0.43991119855079475, "min_score": 0.05000043287873268, "AP": 36.120420106304785, "AP50": 56.052285105502854, "AP75": 38.673255184689864, "APs": 19.705106466740418, "APm": 39.09881964509818, "APl": 48.332326913276724}