{"quality": 91, "model": "R101_C4", "elapsed": 1588.2037076950073, "tp": 28641, "fp": 16836, "precision": 0.629790883303648, "recall": 0.788248245493326, "f1": 0.7001662347821835, "min_score": 0.5000537037849426, "AP": 38.153891545165244, "AP50": 55.777035269075924, "AP75": 41.72205467418175, "APs": 18.933328392108887, "APm": 42.425601084653735, "APl": 53.45741918855666}