{"quality": 77, "model": "R101_DC5", "elapsed": 1126.8579730987549, "tp": 28287, "fp": 16663, "precision": 0.6292992213570634, "recall": 0.7785055731388468, "f1": 0.6959955711385865, "min_score": 0.5000119805335999, "AP": 37.09677743266611, "AP50": 55.26569900510739, "AP75": 40.63708536238779, "APs": 17.867430539864866, "APm": 41.15798166629066, "APl": 51.47982881288973}