{"quality": 74, "model": "R50_FPN", "elapsed": 559.0806224346161, "tp": 24872, "fp": 10584, "precision": 0.7014891696750902, "recall": 0.6845190587587725, "f1": 0.692900224262094, "min_score": 0.5000163912773132, "AP": 35.39059313398256, "AP50": 52.39185593563593, "AP75": 39.159887647977165, "APs": 17.457476156143837, "APm": 38.56172908269062, "APl": 48.37978837940246}