{"quality": 14, "model": "R50_FPN", "elapsed": 483.27432918548584, "tp": 33472, "fp": 128163, "precision": 0.2070838617873604, "recall": 0.9212054492913169, "f1": 0.33815224528969035, "min_score": 0.05000018700957298, "AP": 20.064319933115804, "AP50": 33.899898904963294, "AP75": 20.5586844519578, "APs": 10.205153564736907, "APm": 21.99455239493978, "APl": 28.28754389599823}