{"quality": 19, "model": "X101", "elapsed": 2945.3730647563934, "tp": 19224, "fp": 8953, "precision": 0.6822585796926571, "recall": 0.5290766478601899, "f1": 0.5959821428571429, "min_score": 0.5000787973403931, "AP": 25.18510762889204, "AP50": 38.656601568255326, "AP75": 27.28360423657794, "APs": 11.040453391946288, "APm": 28.425264724093413, "APl": 35.08830244684093}