{"quality": 23, "model": "R50_DC5", "elapsed": 1033.942034482956, "tp": 23473, "fp": 16922, "precision": 0.5810867681643768, "recall": 0.6460162377872575, "f1": 0.6118337025935097, "min_score": 0.5000016689300537, "AP": 27.353987521338517, "AP50": 43.514433622122034, "AP75": 29.24598705722187, "APs": 11.421111413780565, "APm": 30.27960811576661, "APl": 39.437099801706594}