{"quality": 15, "model": "R101_FPN", "elapsed": 644.5902795791626, "tp": 16071, "fp": 7571, "precision": 0.6797648253108874, "recall": 0.4423008118893629, "f1": 0.5359054304149923, "min_score": 0.5000306367874146, "AP": 19.510498342276254, "AP50": 30.30739815946931, "AP75": 21.06028052507028, "APs": 8.331576408813552, "APm": 21.648644873324525, "APl": 28.010878599670246}