{"quality": 80, "model": "R50_C4", "elapsed": 1289.5888195037842, "tp": 41834, "fp": 134605, "precision": 0.23710177455097795, "recall": 1.1513416815742397, "f1": 0.3932247361049752, "min_score": 0.05000089481472969, "AP": 37.375858927482604, "AP50": 57.276115198610334, "AP75": 40.11370480264219, "APs": 19.23784352784832, "APm": 41.37414998619712, "APl": 52.183440151429174}