{"quality": 34, "model": "R101_FPN", "elapsed": 646.9008252620697, "tp": 22615, "fp": 9131, "precision": 0.7123732123732124, "recall": 0.6224026420806386, "f1": 0.6643556939527916, "min_score": 0.5000032186508179, "AP": 32.4483619526835, "AP50": 48.01720786660652, "AP75": 35.51207730580852, "APs": 15.013630263343424, "APm": 35.45332887884078, "APl": 46.42913527428192}