{"quality": 101, "model": "R50", "elapsed": 483.4971001148224, "tp": 18864, "fp": 4320, "precision": 0.8136645962732919, "recall": 0.5191688454658043, "f1": 0.6338816176347049, "min_score": 0.5000075101852417, "AP": 31.607937203741194, "AP50": 44.31894901589893, "AP75": 35.204846768531525, "APs": 14.110608970801088, "APm": 34.802083127918564, "APl": 44.26951928300837}