{"quality": 45, "model": "R101_FPN", "elapsed": 647.2100200653076, "tp": 23547, "fp": 9175, "precision": 0.7196076034472221, "recall": 0.6480528416127701, "f1": 0.6819583822060037, "min_score": 0.5000190138816833, "AP": 34.2642860348305, "AP50": 50.29448971321583, "AP75": 37.5413779646067, "APs": 16.76369348087432, "APm": 37.29167270096699, "APl": 48.01995915493299}