{"quality": 29, "model": "R50_C4", "elapsed": 1383.2719712257385, "tp": 39601, "fp": 166948, "precision": 0.19172690257517586, "recall": 1.0898857850557313, "f1": 0.32608982065512754, "min_score": 0.05000021681189537, "AP": 31.689819892024783, "AP50": 50.0323742366841, "AP75": 33.5339927733681, "APs": 14.343842422565418, "APm": 34.934090093662235, "APl": 45.73282474327462}