{"quality": 52, "model": "X101", "elapsed": 2927.227736711502, "tp": 39995, "fp": 69547, "precision": 0.36511109893921967, "recall": 1.1007293243429201, "f1": 0.5483386688785757, "min_score": 0.05000048503279686, "AP": 40.04410873621713, "AP50": 60.14954124128945, "AP75": 43.04379382326983, "APs": 22.80430548393066, "APm": 43.18140992193316, "APl": 52.87678630416619}