{"quality": 81, "model": "R50", "elapsed": 498.76959562301636, "tp": 44832, "fp": 357749, "precision": 0.11136144030642281, "recall": 1.2338516581808174, "f1": 0.20428510238861194, "min_score": 0.05000002309679985, "AP": 37.72987772297871, "AP50": 56.83732964090134, "AP75": 40.354851847570494, "APs": 22.190525463828113, "APm": 41.344651323222905, "APl": 49.55522692228284}