{"quality": 82, "model": "R50_DC5", "elapsed": 992.5516855716705, "tp": 42968, "fp": 127352, "precision": 0.2522780648191639, "recall": 1.1825512591165543, "f1": 0.41584282983716814, "min_score": 0.05000144988298416, "AP": 38.26901118265939, "AP50": 59.47266204584375, "AP75": 41.323782830962315, "APs": 20.513326920604705, "APm": 42.13980066959639, "APl": 51.925693927206474}