{"quality": 47, "model": "R101_FPN", "elapsed": 647.7226622104645, "tp": 23667, "fp": 9236, "precision": 0.7192961128164606, "recall": 0.6513554424108986, "f1": 0.6836419307316791, "min_score": 0.5000008344650269, "AP": 34.54314671567577, "AP50": 50.60900194541404, "AP75": 37.9238675222206, "APs": 16.98236656595788, "APm": 37.512006411908374, "APl": 48.407393397145626}