{"quality": 6, "model": "R101_DC5", "elapsed": 1127.7874166965485, "tp": 17007, "fp": 173498, "precision": 0.08927324742132753, "recall": 0.4680610981147654, "f1": 0.1499470992770235, "min_score": 0.05000017210841179, "AP": 5.326812166113251, "AP50": 9.435554963148379, "AP75": 5.269643988899109, "APs": 2.2207335044620238, "APm": 6.05443014811127, "APl": 8.26638525538395}