{"quality": 99, "model": "R50_C4", "elapsed": 1303.0817708969116, "tp": 42400, "fp": 138079, "precision": 0.23493037971176703, "recall": 1.1669189486720792, "f1": 0.39111865469941975, "min_score": 0.05000020191073418, "AP": 38.37762248808306, "AP50": 58.59790953700773, "AP75": 41.341627477016125, "APs": 21.010963806923368, "APm": 42.69453784232839, "APl": 52.92830072292606}