{"quality": 17, "model": "R101_FPN", "elapsed": 648.1398079395294, "tp": 36053, "fp": 104857, "precision": 0.25585834930097223, "recall": 0.992238888124398, "f1": 0.4068154249767271, "min_score": 0.05000017210841179, "AP": 26.27326004240586, "AP50": 42.54468093166088, "AP75": 27.599055867653288, "APs": 12.807283310080964, "APm": 28.904332751043327, "APl": 36.657935263841566}