{"quality": 57, "model": "R101_FPN", "elapsed": 647.3382868766785, "tp": 24246, "fp": 9467, "precision": 0.7191884436270874, "recall": 0.6672904912618687, "f1": 0.6922681589767017, "min_score": 0.5000237226486206, "AP": 35.479331243814826, "AP50": 51.919507995163585, "AP75": 38.92605204441561, "APs": 17.300021100734252, "APm": 38.639891308132995, "APl": 49.22893326376896}