{"quality": 82, "model": "R50", "elapsed": 483.8467855453491, "tp": 18268, "fp": 4108, "precision": 0.8164104397568823, "recall": 0.5027659281684327, "f1": 0.6223024646148082, "min_score": 0.5000050663948059, "AP": 30.805108806676508, "AP50": 43.31074973967914, "AP75": 33.92881246829207, "APs": 13.279654067253489, "APm": 33.99097207113563, "APl": 43.674021540928706}