{"quality": 88, "model": "R50_DC5", "elapsed": 993.9425361156464, "tp": 43197, "fp": 128163, "precision": 0.2520833333333333, "recall": 1.1888537223063163, "f1": 0.4159657189629023, "min_score": 0.05000030994415283, "AP": 38.79658489336813, "AP50": 60.187635615815516, "AP75": 41.74924647048157, "APs": 21.05072231053954, "APm": 42.97226617779252, "APl": 52.45793684234009}