{"quality": 27, "model": "R50_C4", "elapsed": 1390.4702632427216, "tp": 23719, "fp": 17924, "precision": 0.5695795211680235, "recall": 0.652786569423421, "f1": 0.6083510733796712, "min_score": 0.5000038743019104, "AP": 28.403692908908663, "AP50": 43.78156224349867, "AP75": 30.406382197466808, "APs": 11.661662219311248, "APm": 31.263730435501547, "APl": 42.5187875612178}