{"quality": 68, "model": "R101_FPN", "elapsed": 647.2061095237732, "tp": 24777, "fp": 9656, "precision": 0.7195713414457061, "recall": 0.6819044997935875, "f1": 0.7002317431607507, "min_score": 0.5000758767127991, "AP": 36.59356750830505, "AP50": 53.105509859466814, "AP75": 40.45889000856137, "APs": 18.465580247213023, "APm": 40.16503211541351, "APl": 50.33093803634166}