{"quality": 7, "model": "R101", "elapsed": 696.9901542663574, "tp": 3574, "fp": 1126, "precision": 0.7604255319148936, "recall": 0.09836246043759461, "f1": 0.17419276227610578, "min_score": 0.5001258850097656, "AP": 4.602823726515477, "AP50": 7.225191247827932, "AP75": 4.972479452798801, "APs": 1.157726990612427, "APm": 5.258027394490158, "APl": 6.98119207360999}