{"quality": 65, "model": "X101", "elapsed": 2951.6000061035156, "tp": 25233, "fp": 9645, "precision": 0.7234646482023052, "recall": 0.6944543828264759, "f1": 0.7086627441618807, "min_score": 0.500039279460907, "AP": 37.600584899617154, "AP50": 54.60310100398193, "AP75": 41.465031721076556, "APs": 19.60930915208548, "APm": 40.95026684594915, "APl": 50.60448214639871}