{"quality": 77, "model": "R101", "elapsed": 697.0326645374298, "tp": 18800, "fp": 4058, "precision": 0.8224691574065972, "recall": 0.5174074583734691, "f1": 0.6352102444545807, "min_score": 0.5000015497207642, "AP": 32.21130738036857, "AP50": 45.0013063038172, "AP75": 35.52879914781019, "APs": 13.842755424146153, "APm": 35.746752212770346, "APl": 45.28341072900908}