{"quality": 42, "model": "R101", "elapsed": 668.587114572525, "tp": 44087, "fp": 343298, "precision": 0.11380667811092324, "recall": 1.2133480115591029, "f1": 0.2080949683753422, "min_score": 0.05000017210841179, "AP": 36.28259635918028, "AP50": 54.98805118444239, "AP75": 38.35836759308028, "APs": 18.389729648738545, "APm": 39.88284191696965, "APl": 48.37567096736311}