{"quality": 39, "model": "R101", "elapsed": 701.7797782421112, "tp": 17158, "fp": 3736, "precision": 0.8211926868957595, "recall": 0.47221687078574376, "f1": 0.5996260637089588, "min_score": 0.5000262260437012, "AP": 29.078518816550126, "AP50": 40.93662873859184, "AP75": 32.06576080445422, "APs": 11.393095102336625, "APm": 32.049374689569625, "APl": 41.83334534773155}