{"quality": 49, "model": "X101", "elapsed": 2949.726947069168, "tp": 24480, "fp": 9403, "precision": 0.7224862025204379, "recall": 0.6737305628182193, "f1": 0.6972571135606255, "min_score": 0.5000196695327759, "AP": 36.31544759144429, "AP50": 52.981723257190815, "AP75": 39.78528015505706, "APs": 17.680064370030397, "APm": 39.36419443874525, "APl": 50.03579191134667}