{"quality": 81, "model": "R101_DC5", "elapsed": 1127.2302684783936, "tp": 28420, "fp": 16854, "precision": 0.6277333568935813, "recall": 0.7821659556901059, "f1": 0.6964918085015134, "min_score": 0.5000238418579102, "AP": 37.26634394088999, "AP50": 55.44536243959824, "AP75": 40.84581556902661, "APs": 18.057967633905324, "APm": 41.30605341967965, "APl": 51.37372266148525}