{"quality": 24, "model": "R50_DC5", "elapsed": 1054.6667771339417, "tp": 40262, "fp": 152442, "precision": 0.20893183327798073, "recall": 1.108077611118756, "f1": 0.35157331284191773, "min_score": 0.05000002309679985, "AP": 30.46159187286621, "AP50": 49.60583788334184, "AP75": 32.040082994288596, "APs": 14.346315105125921, "APm": 33.644370064318984, "APl": 43.125843466952084}