{"quality": 29, "model": "X101", "elapsed": 2922.737804889679, "tp": 38656, "fp": 74227, "precision": 0.3424430605139835, "recall": 1.0638778037704693, "f1": 0.5181144365961211, "min_score": 0.05000026524066925, "AP": 35.93351055801875, "AP50": 55.405276901140674, "AP75": 38.19582881274494, "APs": 19.280047695673325, "APm": 39.03047031835206, "APl": 48.57039866981614}