{"quality": 90, "model": "R50", "elapsed": 498.7450361251831, "tp": 45148, "fp": 357491, "precision": 0.11213022086782452, "recall": 1.2425485069492226, "f1": 0.2056978317622456, "min_score": 0.05000010132789612, "AP": 38.38481398453024, "AP50": 57.64612146453866, "AP75": 40.84852040630519, "APs": 23.581125291063383, "APm": 42.013743957860314, "APl": 50.154230876933696}