{"quality": 27, "model": "X101", "elapsed": 2951.3592052459717, "tp": 22143, "fp": 9368, "precision": 0.7027069912094189, "recall": 0.6094124122746662, "f1": 0.6527429767414438, "min_score": 0.5000172257423401, "AP": 31.356043735719695, "AP50": 46.776989710415194, "AP75": 34.28821458402744, "APs": 14.326005842703507, "APm": 34.01652307972604, "APl": 44.37687476805684}