{"quality": 63, "model": "R50_FPN", "elapsed": 485.59863328933716, "tp": 41736, "fp": 106336, "precision": 0.28186287751904476, "recall": 1.1486445575891013, "f1": 0.45265092973694054, "min_score": 0.05000024661421776, "AP": 38.02370368160804, "AP50": 58.321102368781474, "AP75": 41.23521888622446, "APs": 21.270989407065624, "APm": 41.02875582969412, "APl": 50.44055433835969}