{"quality": 17, "model": "X101", "elapsed": 2944.7490558624268, "tp": 18109, "fp": 8584, "precision": 0.6784175626568764, "recall": 0.49838998211091234, "f1": 0.5746334962239005, "min_score": 0.5000125169754028, "AP": 23.09670024566971, "AP50": 35.815622555286964, "AP75": 25.063105767680803, "APs": 10.154766305698635, "APm": 26.282932802411118, "APl": 32.353449445133066}