{"quality": 72, "model": "R101_DC5", "elapsed": 1127.394238948822, "tp": 28075, "fp": 16473, "precision": 0.6302190895214151, "recall": 0.7726709783954865, "f1": 0.6942126281171569, "min_score": 0.5000022053718567, "AP": 36.83673320732628, "AP50": 54.985769133413676, "AP75": 39.93280512337268, "APs": 17.512929978349533, "APm": 40.839743120782614, "APl": 51.40254069125848}