{"quality": 47, "model": "R50_FPN", "elapsed": 485.2334909439087, "tp": 41233, "fp": 108292, "precision": 0.2757599063701722, "recall": 1.1348011559102793, "f1": 0.4436995588077048, "min_score": 0.05000045523047447, "AP": 36.69069845764415, "AP50": 56.70915556832388, "AP75": 39.678073524372905, "APs": 20.403006736101496, "APm": 39.85920889064992, "APl": 48.75857992652632}