{"quality": 39, "model": "R101_C4", "elapsed": 1607.3798332214355, "tp": 25780, "fp": 15448, "precision": 0.6253031920054332, "recall": 0.7095087381312783, "f1": 0.6647499452058327, "min_score": 0.5000131130218506, "AP": 34.04170945680963, "AP50": 50.26704977738782, "AP75": 36.694905617577916, "APs": 14.23205054265146, "APm": 38.21868219513422, "APl": 49.80238716361214}