{"quality": 34, "model": "R101_DC5", "elapsed": 1135.8656857013702, "tp": 41554, "fp": 128197, "precision": 0.24479384510253252, "recall": 1.1436356130452732, "f1": 0.4032685383771823, "min_score": 0.050000350922346115, "AP": 35.61670889432481, "AP50": 55.546260353452006, "AP75": 37.763635296487955, "APs": 16.910753478397403, "APm": 39.13820508815882, "APl": 49.91771545393448}