{"quality": 72, "model": "R50_FPN", "elapsed": 561.4328916072845, "tp": 24715, "fp": 10590, "precision": 0.7000424868998726, "recall": 0.6801981560478877, "f1": 0.6899776661083193, "min_score": 0.5000290870666504, "AP": 35.15855228874484, "AP50": 51.985552981368755, "AP75": 38.96601531655246, "APs": 17.45500443224016, "APm": 38.36083014504146, "APl": 48.107060545437506}