{"quality": 54, "model": "R101", "elapsed": 701.2041447162628, "tp": 17906, "fp": 3908, "precision": 0.8208489960575777, "recall": 0.4928030824274116, "f1": 0.6158661369928975, "min_score": 0.5000136494636536, "AP": 30.56360528856424, "AP50": 42.9153558313829, "AP75": 33.61632368691832, "APs": 12.452379733252195, "APm": 33.83803508965286, "APl": 43.7637118010627}