{"quality": 49, "model": "R101", "elapsed": 667.9929449558258, "tp": 44340, "fp": 339201, "precision": 0.11560693641618497, "recall": 1.2203109949084905, "f1": 0.21120521296763808, "min_score": 0.05000004917383194, "AP": 37.214289266850926, "AP50": 56.244114816009585, "AP75": 39.30678090502626, "APs": 19.326033109264813, "APm": 40.90564599428417, "APl": 49.45133225912669}