{"quality": 28, "model": "R101", "elapsed": 701.7169432640076, "tp": 15982, "fp": 3572, "precision": 0.8173263782346323, "recall": 0.4398513829640842, "f1": 0.5719193401205961, "min_score": 0.5000053644180298, "AP": 26.684251469896346, "AP50": 37.80454769863324, "AP75": 29.408727336274698, "APs": 10.077403940412614, "APm": 29.360818649009378, "APl": 38.63655290702716}