{"quality": 74, "model": "R50_FPN", "elapsed": 485.3011794090271, "tp": 42182, "fp": 105547, "precision": 0.28553635372878716, "recall": 1.1609192238888124, "f1": 0.4583405771905424, "min_score": 0.05000019818544388, "AP": 38.96575801477415, "AP50": 59.47485396308861, "AP75": 42.27437471173769, "APs": 22.441035468906083, "APm": 42.05521333302965, "APl": 51.067061835275986}