{"quality": 74, "model": "R101_DC5", "elapsed": 1127.2654328346252, "tp": 28149, "fp": 16592, "precision": 0.6291544668201426, "recall": 0.774707582220999, "f1": 0.6943855148255957, "min_score": 0.5000005960464478, "AP": 36.95095768484355, "AP50": 55.074228467453665, "AP75": 40.09357284520522, "APs": 17.717670533729656, "APm": 41.02498890780131, "APl": 51.60826445672897}