{"quality": 4, "model": "R101_FPN", "elapsed": 642.0164678096771, "tp": 4401, "fp": 70163, "precision": 0.05902312107719543, "recall": 0.1211228842713637, "f1": 0.07936951640682062, "min_score": 0.0500013530254364, "AP": 1.9892979507488342, "AP50": 3.5704235820163777, "AP75": 1.9500101748814491, "APs": 0.6361488266349096, "APm": 1.8487382261164451, "APl": 3.585317051953233}