{"quality": 36, "model": "X101", "elapsed": 2949.714763879776, "tp": 23616, "fp": 9320, "precision": 0.7170269613796454, "recall": 0.6499518370716939, "f1": 0.6818437730074633, "min_score": 0.5000085830688477, "AP": 34.62521972477728, "AP50": 51.13356743653485, "AP75": 37.76303395921242, "APs": 16.517875339542208, "APm": 37.84651928599232, "APl": 48.32806564648257}