{"quality": 86, "model": "R101_FPN", "elapsed": 647.7178122997284, "tp": 25778, "fp": 10288, "precision": 0.7147451893750346, "recall": 0.7094536947846429, "f1": 0.7120896120219334, "min_score": 0.5000014901161194, "AP": 37.93785868376875, "AP50": 54.83867806746821, "AP75": 41.83947607936365, "APs": 20.219058199134608, "APm": 41.46507080011759, "APl": 51.03711741456607}