{"quality": 70, "model": "R50", "elapsed": 484.01165413856506, "tp": 17795, "fp": 3925, "precision": 0.8192909760589319, "recall": 0.4897481766891427, "f1": 0.6130393592283181, "min_score": 0.5000202059745789, "AP": 30.006298276824722, "AP50": 42.266244689889085, "AP75": 33.02851952168887, "APs": 12.0666556446449, "APm": 33.14429482346731, "APl": 42.987868927201205}