{"quality": 99, "model": "X101", "elapsed": 2952.2979390621185, "tp": 41384, "fp": 69465, "precision": 0.37333670127831553, "recall": 1.1389569285812577, "f1": 0.5623437330144581, "min_score": 0.05000027269124985, "AP": 43.10160671704276, "AP50": 63.68158401060676, "AP75": 47.133904097684805, "APs": 27.035522430152923, "APm": 46.12387687896003, "APl": 54.91650782256998}