{"quality": 92, "model": "R101_FPN", "elapsed": 650.324738740921, "tp": 42362, "fp": 92545, "precision": 0.3140089098415946, "recall": 1.1658731250860053, "f1": 0.49476179909134443, "min_score": 0.05000035837292671, "AP": 41.78034184511781, "AP50": 62.17325893360985, "AP75": 45.695985910624145, "APs": 25.119987776064175, "APm": 45.14879234868063, "APl": 54.37478166562537}