{"quality": 73, "model": "R50_DC5", "elapsed": 1030.4693994522095, "tp": 27655, "fp": 17086, "precision": 0.6181131400728638, "recall": 0.7611118756020366, "f1": 0.682199417830184, "min_score": 0.500011146068573, "AP": 35.25878406086456, "AP50": 53.762597546874524, "AP75": 38.24778493684467, "APs": 16.847169907563696, "APm": 39.2319555273284, "APl": 48.943897218039425}