{"quality": 35, "model": "R101_C4", "elapsed": 1612.49658036232, "tp": 25455, "fp": 15555, "precision": 0.6207022677395757, "recall": 0.7005641943030136, "f1": 0.658219665136725, "min_score": 0.5000063180923462, "AP": 33.54167624210947, "AP50": 49.52533529981547, "AP75": 36.3354070185094, "APs": 13.942425828499866, "APm": 37.515441295200574, "APl": 49.156911456259735}