{"quality": 76, "model": "X101", "elapsed": 2951.9216628074646, "tp": 40732, "fp": 68287, "precision": 0.3736229464588741, "recall": 1.1210127975780928, "f1": 0.5604524127302999, "min_score": 0.05000083148479462, "AP": 41.716970511944915, "AP50": 62.38869804318272, "AP75": 45.06612900158589, "APs": 24.985283150405184, "APm": 44.84963490609847, "APl": 53.95554070711046}