{"quality": 1, "model": "R50_FPN", "elapsed": 479.6786594390869, "tp": 1636, "fp": 161656, "precision": 0.010018861916076722, "recall": 0.045025457547818906, "f1": 0.016390568410084808, "min_score": 0.05000054091215134, "AP": 0.7204237734755539, "AP50": 1.3614760206329837, "AP75": 0.6578206859201694, "APs": 0.2403222045485774, "APm": 0.7132127711206016, "APl": 1.328831316193132}