{"quality": 99, "model": "R101", "elapsed": 697.4691309928894, "tp": 19579, "fp": 4367, "precision": 0.8176313371753111, "recall": 0.5388468418879868, "f1": 0.6495910817670576, "min_score": 0.5000003576278687, "AP": 33.56527047968094, "AP50": 46.91757398080371, "AP75": 37.23044641320665, "APs": 15.065782435589096, "APm": 37.502122790940064, "APl": 46.15483460830472}