{"quality": 83, "model": "R50_C4", "elapsed": 1291.5391781330109, "tp": 42022, "fp": 134811, "precision": 0.23763664021986847, "recall": 1.1565157561579744, "f1": 0.3942618028972454, "min_score": 0.05000109598040581, "AP": 37.69496272842516, "AP50": 57.4858672875984, "AP75": 40.50642402748834, "APs": 19.15937674858685, "APm": 41.75110832716537, "APl": 52.22025956435997}