{"quality": 56, "model": "R50", "elapsed": 498.95500111579895, "tp": 44132, "fp": 365492, "precision": 0.10773782786164873, "recall": 1.214586486858401, "f1": 0.19791953968862608, "min_score": 0.05000099539756775, "AP": 35.81497188657119, "AP50": 54.46802383348967, "AP75": 37.907344296167054, "APs": 19.29171836275995, "APm": 39.0939894294988, "APl": 47.99171320145958}