{"quality": 22, "model": "R101_FPN", "elapsed": 649.2597930431366, "tp": 38342, "fp": 100166, "precision": 0.27682155543362114, "recall": 1.0552359983486996, "f1": 0.43858776159182805, "min_score": 0.05000033229589462, "AP": 31.290356845484002, "AP50": 49.426699261493106, "AP75": 33.18008870362889, "APs": 15.610139141351878, "APm": 34.1221197409545, "APl": 43.801418948344065}