{"quality": 50, "model": "R101", "elapsed": 701.782609462738, "tp": 17791, "fp": 3835, "precision": 0.8226671599001202, "recall": 0.4896380899958718, "f1": 0.6138955504563414, "min_score": 0.5000063180923462, "AP": 30.272979621187424, "AP50": 42.508517909039504, "AP75": 33.22421443223341, "APs": 12.076551199926772, "APm": 33.25138960616179, "APl": 43.1402068710525}