{"quality": 22, "model": "R101_DC5", "elapsed": 1132.6651780605316, "tp": 23486, "fp": 15401, "precision": 0.603955049245249, "recall": 0.6463740195403881, "f1": 0.6244449762037702, "min_score": 0.5000019669532776, "AP": 28.10587382791141, "AP50": 43.78058998402441, "AP75": 30.018632163364998, "APs": 11.486107826657497, "APm": 31.563772164624172, "APl": 40.56401480259504}