{"quality": 62, "model": "R50_C4", "elapsed": 1304.3977310657501, "tp": 41256, "fp": 139670, "precision": 0.22802692813636513, "recall": 1.1354341543965873, "f1": 0.3797828418353961, "min_score": 0.050001177936792374, "AP": 36.28989848294318, "AP50": 55.731755692742304, "AP75": 39.179644820081585, "APs": 17.92621175824526, "APm": 39.992884094351446, "APl": 51.20792105943547}