{"quality": 53, "model": "R101_C4", "elapsed": 1601.4813237190247, "tp": 41841, "fp": 126066, "precision": 0.24919151673247691, "recall": 1.151534333287464, "f1": 0.4097198421480401, "min_score": 0.050000131130218506, "AP": 38.20936407103182, "AP50": 57.7210553506901, "AP75": 40.66134587389962, "APs": 19.104513909441557, "APm": 42.659686916652, "APl": 53.51568053872161}