{"quality": 5, "model": "R101_DC5", "elapsed": 1122.3394799232483, "tp": 12556, "fp": 156333, "precision": 0.07434468793112636, "recall": 0.3455621301775148, "f1": 0.122363856079211, "min_score": 0.0500001534819603, "AP": 3.607167516876877, "AP50": 6.429714538506268, "AP75": 3.4658967093268647, "APs": 1.5280382322463395, "APm": 4.183564725846681, "APl": 5.969582374471563}