{"quality": 16, "model": "R50_FPN", "elapsed": 551.2570939064026, "tp": 16575, "fp": 8646, "precision": 0.6571904365409778, "recall": 0.4561717352415027, "f1": 0.5385340178049255, "min_score": 0.5000136494636536, "AP": 19.586071833879583, "AP50": 30.951976466206176, "AP75": 21.066405078408973, "APs": 8.400315565122641, "APm": 21.970019714129496, "APl": 28.619295102303766}