{"quality": 99, "model": "R50", "elapsed": 483.86340165138245, "tp": 18884, "fp": 4309, "precision": 0.8142111844090889, "recall": 0.5197192789321591, "f1": 0.634457734175514, "min_score": 0.5000064373016357, "AP": 31.610570997068173, "AP50": 44.399245736441095, "AP75": 35.16167621631179, "APs": 14.074878213420014, "APm": 34.81776910760349, "APl": 44.26728636276354}