{"quality": 8, "model": "R50_FPN", "elapsed": 480.42755460739136, "tp": 21535, "fp": 121654, "precision": 0.15039563094930478, "recall": 0.5926792348974818, "f1": 0.239912212294735, "min_score": 0.05000035837292671, "AP": 8.446616355454383, "AP50": 14.819310557763608, "AP75": 8.385134824401133, "APs": 4.423175439352136, "APm": 9.733177375463297, "APl": 12.190279330100328}