{"quality": 5, "model": "R101", "elapsed": 696.1602013111115, "tp": 1473, "fp": 687, "precision": 0.6819444444444445, "recall": 0.04053942479702766, "f1": 0.07652941940511754, "min_score": 0.5000383257865906, "AP": 2.251407454249576, "AP50": 3.5735976080789134, "AP75": 2.390964426158089, "APs": 0.4241805215666524, "APm": 2.5290389577892913, "APl": 3.5627597469058423}