{"quality": 91, "model": "X101", "elapsed": 2951.6675186157227, "tp": 41286, "fp": 68885, "precision": 0.37474471503390183, "recall": 1.1362598045961194, "f1": 0.5636083163829467, "min_score": 0.05000035837292671, "AP": 42.91639601623159, "AP50": 63.59948197849381, "AP75": 46.78047924855578, "APs": 26.961140562150064, "APm": 45.86377850570435, "APl": 55.02821073204781}