{"quality": 76, "model": "R50", "elapsed": 483.91461992263794, "tp": 18020, "fp": 3986, "precision": 0.8188675815686631, "recall": 0.4959405531856337, "f1": 0.6177473817726813, "min_score": 0.500004768371582, "AP": 30.381338199777343, "AP50": 42.8009382078957, "AP75": 33.330972011710436, "APs": 12.234419107039077, "APm": 33.604514456995496, "APl": 43.660896561590526}