{"quality": 19, "model": "R50_DC5", "elapsed": 1072.877675294876, "tp": 38688, "fp": 167365, "precision": 0.187757518696646, "recall": 1.0647584973166369, "f1": 0.31922372394673004, "min_score": 0.05000000819563866, "AP": 26.460942752372606, "AP50": 44.28703390299703, "AP75": 27.559443567904935, "APs": 12.061032314836304, "APm": 29.333419617414986, "APl": 37.892580313853195}