{"quality": 65, "model": "R101_FPN", "elapsed": 650.0278604030609, "tp": 41512, "fp": 90047, "precision": 0.31553903571781483, "recall": 1.1424797027659281, "f1": 0.4945024837099598, "min_score": 0.0500006228685379, "AP": 40.23598761733909, "AP50": 60.28447846416179, "AP75": 43.68847744729337, "APs": 22.30612322631418, "APm": 43.79160989886185, "APl": 53.33295119562402}