{"quality": 23, "model": "R50", "elapsed": 483.3676965236664, "tp": 14061, "fp": 3358, "precision": 0.8072219989666456, "recall": 0.38698224852071006, "f1": 0.5231610670833798, "min_score": 0.500006377696991, "AP": 21.97271653302358, "AP50": 31.735907110272255, "AP75": 24.22562245865457, "APs": 7.2412985385751725, "APm": 24.22589616861563, "APl": 33.2683591784883}