{"quality": 92, "model": "R50_FPN", "elapsed": 485.47145223617554, "tp": 42767, "fp": 107185, "precision": 0.2852045988049509, "recall": 1.177019402779689, "f1": 0.4591517389833965, "min_score": 0.050001583993434906, "AP": 39.97934760511995, "AP50": 60.66370292840338, "AP75": 43.596360442179076, "APs": 24.227080833229852, "APm": 43.215413833087965, "APl": 51.745240282310014}