{"quality": 77, "model": "R50", "elapsed": 498.5600678920746, "tp": 44747, "fp": 358779, "precision": 0.11089000460936842, "recall": 1.2315123159488097, "f1": 0.20345972932358178, "min_score": 0.05000009015202522, "AP": 37.45340224163059, "AP50": 56.55701326718463, "AP75": 39.69413594653509, "APs": 21.786891862461843, "APm": 40.819383081307265, "APl": 49.2877657700908}