{"quality": 21, "model": "R101_C4", "elapsed": 1660.6232504844666, "tp": 22850, "fp": 15714, "precision": 0.5925215226636241, "recall": 0.6288702353103068, "f1": 0.6101550087451102, "min_score": 0.5000319480895996, "AP": 27.984322211113533, "AP50": 42.28704882261502, "AP75": 30.12097420631916, "APs": 10.560693067075274, "APm": 31.211317687528773, "APl": 42.21700042310255}