{"quality": 23, "model": "R101_FPN", "elapsed": 649.3061702251434, "tp": 38755, "fp": 99532, "precision": 0.2802504935387997, "recall": 1.0666024494289252, "f1": 0.44387305150553763, "min_score": 0.05000024288892746, "AP": 32.08818156841115, "AP50": 50.43437872854323, "AP75": 34.0257476554211, "APs": 16.12752086764041, "APm": 34.91571354292731, "APl": 44.44760114210439}