{"quality": 25, "model": "X101", "elapsed": 2951.504516839981, "tp": 21650, "fp": 9269, "precision": 0.7002166952359391, "recall": 0.5958442273290216, "f1": 0.6438278764088382, "min_score": 0.5000068545341492, "AP": 30.3510232412883, "AP50": 45.64726578074315, "AP75": 32.81475857476438, "APs": 13.659618485236214, "APm": 33.544474712635406, "APl": 42.40700749783375}