{"quality": 94, "model": "R101", "elapsed": 667.8393664360046, "tp": 45559, "fp": 330465, "precision": 0.12115981958598387, "recall": 1.2538599146828127, "f1": 0.22096765197315932, "min_score": 0.050000034272670746, "AP": 40.23731257007028, "AP50": 60.00409734964046, "AP75": 42.849453264531334, "APs": 23.84833627594844, "APm": 44.2096887785071, "APl": 52.21205246444571}