{"quality": 89, "model": "R101_DC5", "elapsed": 1127.24525141716, "tp": 28934, "fp": 17308, "precision": 0.6257082306128627, "recall": 0.7963120957754232, "f1": 0.7007762452014483, "min_score": 0.5000088810920715, "AP": 37.898273273544156, "AP50": 56.29524963491996, "AP75": 41.43321539440535, "APs": 18.860456505271493, "APm": 42.26414128121512, "APl": 52.096418009410904}