{"quality": 34, "model": "R101", "elapsed": 701.7410526275635, "tp": 16727, "fp": 3702, "precision": 0.8187870184541584, "recall": 0.4603550295857988, "f1": 0.5893524064547954, "min_score": 0.5000536441802979, "AP": 28.200370264341313, "AP50": 39.80577389185841, "AP75": 31.159440909962022, "APs": 10.762074165518367, "APm": 30.915660056858762, "APl": 40.899443703778594}