{"quality": 38, "model": "R101_C4", "elapsed": 1608.4704744815826, "tp": 25733, "fp": 15516, "precision": 0.6238454265557953, "recall": 0.7082152194853447, "f1": 0.6633584244174057, "min_score": 0.500028133392334, "AP": 33.83193479024506, "AP50": 49.95474747868072, "AP75": 36.69426045163304, "APs": 14.126236173066356, "APm": 37.798853156798764, "APl": 50.04834848624034}