{"quality": 62, "model": "R101_FPN", "elapsed": 650.4513623714447, "tp": 41332, "fp": 90207, "precision": 0.31421859676597813, "recall": 1.1375258015687353, "f1": 0.49241693174642887, "min_score": 0.05000057816505432, "AP": 39.77975449050737, "AP50": 59.94563289001632, "AP75": 43.084843142300855, "APs": 21.9590847884417, "APm": 43.27692392517067, "APl": 52.70664763368025}