{"quality": 88, "model": "R101_DC5", "elapsed": 1126.7404384613037, "tp": 28909, "fp": 17344, "precision": 0.6250189176918254, "recall": 0.7956240539424797, "f1": 0.7000774930982709, "min_score": 0.5000006556510925, "AP": 37.86804981417442, "AP50": 56.24596871824803, "AP75": 41.35029160197286, "APs": 18.714448722193982, "APm": 42.16915248557396, "APl": 52.09040613587569}