{"quality": 70, "model": "R101_DC5", "elapsed": 1127.231030702591, "tp": 27923, "fp": 16346, "precision": 0.6307574148952992, "recall": 0.7684876840511903, "f1": 0.6928440275916828, "min_score": 0.5000362992286682, "AP": 36.577736327409255, "AP50": 54.76889745515157, "AP75": 39.86606893777631, "APs": 17.177802974451538, "APm": 40.68986691073935, "APl": 51.173627889881956}