{"quality": 18, "model": "R101_C4", "elapsed": 1688.0619897842407, "tp": 21496, "fp": 15708, "precision": 0.577787334695194, "recall": 0.59160588963809, "f1": 0.5846149662084064, "min_score": 0.5000096559524536, "AP": 25.199446692606475, "AP50": 38.635223707078694, "AP75": 27.274471152502596, "APs": 9.73822727942507, "APm": 27.866821539996188, "APl": 38.27765399703874}