{"quality": 83, "model": "R101_FPN", "elapsed": 650.459983587265, "tp": 42085, "fp": 91331, "precision": 0.31544192600587634, "recall": 1.158249621576992, "f1": 0.4958439125542707, "min_score": 0.050000619143247604, "AP": 41.37368073918077, "AP50": 61.658838156004926, "AP75": 44.898094011427794, "APs": 24.7828839269951, "APm": 44.588199172170285, "APl": 54.075633396684054}