{"quality": 92, "model": "R101", "elapsed": 696.6389167308807, "tp": 19416, "fp": 4351, "precision": 0.81693103883536, "recall": 0.5343608091371955, "f1": 0.6461016272337027, "min_score": 0.500007688999176, "AP": 33.284470366298244, "AP50": 46.44827910898737, "AP75": 36.79944695442157, "APs": 14.880571867965276, "APm": 36.8815682147562, "APl": 46.21028771163522}