{"quality": 32, "model": "R50_DC5", "elapsed": 1911.3339014053345, "tp": 25101, "fp": 16797, "precision": 0.5990978089646284, "recall": 0.6908215219485345, "f1": 0.6416985159715209, "min_score": 0.5000109672546387, "AP": 30.920158850488267, "AP50": 48.185507557954196, "AP75": 33.11294442471234, "APs": 12.840571134410173, "APm": 34.272510850721424, "APl": 44.60330822812642}