{"quality": 20, "model": "R50_DC5", "elapsed": 1040.447948217392, "tp": 22396, "fp": 17006, "precision": 0.5683975432719152, "recall": 0.616375395624054, "f1": 0.5914150283216921, "min_score": 0.5000044703483582, "AP": 24.998414134961624, "AP50": 40.07745522583931, "AP75": 26.725351907143548, "APs": 10.280435115604883, "APm": 27.703954519450335, "APl": 37.08545706086616}