{"quality": 13, "model": "R50_C4", "elapsed": 1699.5806546211243, "tp": 17199, "fp": 20556, "precision": 0.45554231227651965, "recall": 0.473345259391771, "f1": 0.4642731812660278, "min_score": 0.5000048279762268, "AP": 15.805206336531796, "AP50": 25.987458269097075, "AP75": 16.665872124978577, "APs": 5.7899296036389645, "APm": 17.58006123547274, "APl": 24.222979166999124}