{"quality": 98, "model": "X101", "elapsed": 2950.3643023967743, "tp": 26596, "fp": 10454, "precision": 0.7178407557354926, "recall": 0.7319664235585523, "f1": 0.7248347754990802, "min_score": 0.5000125169754028, "AP": 39.67129776653287, "AP50": 56.97263977923455, "AP75": 43.97483631503402, "APs": 22.53682580388517, "APm": 42.990777756286406, "APl": 52.16175817028412}