{"quality": 88, "model": "R50_DC5", "elapsed": 1023.2564029693604, "tp": 28581, "fp": 17678, "precision": 0.6178473378153441, "recall": 0.7865969450942617, "f1": 0.6920841707630094, "min_score": 0.5000017881393433, "AP": 36.501471344185546, "AP50": 55.33561053186145, "AP75": 39.885016532803846, "APs": 18.023100840897808, "APm": 40.68842251733781, "APl": 50.29203581369175}