{"quality": 7, "model": "X101", "elapsed": 2941.7270290851593, "tp": 15298, "fp": 61559, "precision": 0.1990449796375086, "recall": 0.4210265584147516, "f1": 0.2703017881122341, "min_score": 0.05000029504299164, "AP": 6.35907228871198, "AP50": 11.203987676394856, "AP75": 6.148255752118685, "APs": 2.859178184621381, "APm": 7.319381102283276, "APl": 8.717174162851101}