{"quality": 34, "model": "R50_C4", "elapsed": 1352.0516231060028, "tp": 40031, "fp": 157074, "precision": 0.20309479718931533, "recall": 1.1017201045823586, "f1": 0.3429660726525017, "min_score": 0.05000133439898491, "AP": 33.100306922691495, "AP50": 51.94975051458961, "AP75": 35.219465419164756, "APs": 15.096372659731793, "APm": 36.46569012726975, "APl": 47.86903312095414}