{"quality": 65, "model": "R101_DC5", "elapsed": 1127.3000133037567, "tp": 27697, "fp": 16317, "precision": 0.6292770482119325, "recall": 0.7622677858813816, "f1": 0.6894174165204295, "min_score": 0.5000008940696716, "AP": 36.356858979385116, "AP50": 54.36303177450136, "AP75": 39.36794773847304, "APs": 16.86042060197962, "APm": 40.4848209866573, "APl": 50.953924931044824}