{"quality": 12, "model": "X101", "elapsed": 2945.5908639431, "tp": 12999, "fp": 7095, "precision": 0.6469095252314123, "recall": 0.3577542314572726, "f1": 0.4607205514894824, "min_score": 0.5000128746032715, "AP": 14.556088769627676, "AP50": 23.096624605056196, "AP75": 15.502247699485924, "APs": 6.189792376687063, "APm": 16.7590597648233, "APl": 19.883973961179258}