{"quality": 28, "model": "R50_FPN", "elapsed": 560.2196836471558, "tp": 21293, "fp": 9703, "precision": 0.686959607691315, "recall": 0.5860189899545892, "f1": 0.6324872644101528, "min_score": 0.500003457069397, "AP": 28.92509886550228, "AP50": 44.07320815756003, "AP75": 31.84071443624255, "APs": 12.8497336119745, "APm": 31.93594318586784, "APl": 40.72922863994733}