{"quality": 9, "model": "R50", "elapsed": 501.94947504997253, "tp": 28830, "fp": 451523, "precision": 0.06001836149664934, "recall": 0.7934498417503785, "f1": 0.11159539219025795, "min_score": 0.050000034272670746, "AP": 9.900492405087004, "AP50": 17.162261786412095, "AP75": 9.674853337001506, "APs": 4.5312175993184125, "APm": 11.229232518140517, "APl": 14.634443930499447}