{"quality": 87, "model": "R101_DC5", "elapsed": 1132.7063093185425, "tp": 43521, "fp": 122164, "precision": 0.2626731448230075, "recall": 1.1977707444612633, "f1": 0.43085833085833086, "min_score": 0.05000034719705582, "AP": 40.15636485664651, "AP50": 61.159126014572394, "AP75": 42.98438659764221, "APs": 22.493823595793643, "APm": 44.29238189957906, "APl": 54.08363754221456}