{"quality": 52, "model": "R101_C4", "elapsed": 1598.412693977356, "tp": 26624, "fp": 15652, "precision": 0.6297662976629766, "recall": 0.732737030411449, "f1": 0.6773606747147346, "min_score": 0.5000513792037964, "AP": 35.46635413226477, "AP50": 52.22450630882891, "AP75": 38.39982338600528, "APs": 15.63993019336104, "APm": 39.59386580123127, "APl": 51.18363827193287}