{"quality": 35, "model": "R101_FPN", "elapsed": 647.1086406707764, "tp": 22775, "fp": 9029, "precision": 0.7161048924663564, "recall": 0.6268061098114766, "f1": 0.6684864761737037, "min_score": 0.5000022053718567, "AP": 32.79694936420482, "AP50": 48.509882693209356, "AP75": 36.11216656035189, "APs": 15.184585471459869, "APm": 35.85350396638234, "APl": 46.725239767770326}