{"quality": 12, "model": "R101", "elapsed": 671.6279811859131, "tp": 35494, "fp": 421766, "precision": 0.07762323404627564, "recall": 0.9768542727397825, "f1": 0.14381831258420363, "min_score": 0.050000179558992386, "AP": 17.3355600878853, "AP50": 28.801009122312525, "AP75": 17.649760276316304, "APs": 7.651021922434513, "APm": 19.653380257421407, "APl": 24.35071729548358}