{"quality": 81, "model": "R50_FPN", "elapsed": 485.14877915382385, "tp": 42301, "fp": 106027, "precision": 0.2851855347608004, "recall": 1.1641943030136233, "f1": 0.4581426707028479, "min_score": 0.05000006780028343, "AP": 39.426294087993284, "AP50": 59.7458217404168, "AP75": 42.786207440502686, "APs": 23.175285957063736, "APm": 42.512510005385586, "APl": 51.68059575617532}