{"quality": 6, "model": "R50_DC5", "elapsed": 1058.1453964710236, "tp": 16863, "fp": 234825, "precision": 0.06699961857537905, "recall": 0.4640979771570111, "f1": 0.11709481534460792, "min_score": 0.050000209361314774, "AP": 4.534632544189001, "AP50": 8.552156629741155, "AP75": 4.187018075866837, "APs": 2.4956625305223015, "APm": 5.634211511969528, "APl": 6.890549687341757}