{"quality": 9, "model": "R101_C4", "elapsed": 1835.4744527339935, "tp": 11959, "fp": 13743, "precision": 0.46529452960859075, "recall": 0.3291316912068254, "f1": 0.3855441107726034, "min_score": 0.5000074505805969, "AP": 10.388811132499761, "AP50": 16.870933206475573, "AP75": 10.710356697297419, "APs": 3.879874347965899, "APm": 11.66895012854326, "APl": 15.675301917332543}