{"quality": 82, "model": "X101", "elapsed": 2945.4447927474976, "tp": 26013, "fp": 10031, "precision": 0.7217012540228609, "recall": 0.7159212880143113, "f1": 0.7187996518327139, "min_score": 0.5000139474868774, "AP": 38.81414668682329, "AP50": 55.973834253358476, "AP75": 43.09051058791313, "APs": 21.511694795101068, "APm": 41.76842685888002, "APl": 51.81894558599478}