{"quality": 17, "model": "R50_DC5", "elapsed": 1044.7900249958038, "tp": 20877, "fp": 17131, "precision": 0.5492790991370238, "recall": 0.5745699738544103, "f1": 0.5616399661030628, "min_score": 0.5000056028366089, "AP": 21.964182434033553, "AP50": 35.75903924679464, "AP75": 23.024059978424262, "APs": 8.991388086615835, "APm": 24.755553284374017, "APl": 32.62351169237142}