{"quality": 44, "model": "R101_DC5", "elapsed": 1128.4830930233002, "tp": 26636, "fp": 15948, "precision": 0.6254931429644937, "recall": 0.7330672904912618, "f1": 0.6750212242932627, "min_score": 0.5000572800636292, "AP": 34.69628422566642, "AP50": 52.270377248754976, "AP75": 37.72454611508474, "APs": 15.566978833863104, "APm": 38.64937172977362, "APl": 49.105834480514496}