{"quality": 35, "model": "R50_C4", "elapsed": 1348.7386174201965, "tp": 40125, "fp": 155795, "precision": 0.20480298080849327, "recall": 1.1043071418742259, "f1": 0.3455253923489269, "min_score": 0.050000984221696854, "AP": 33.271971388027396, "AP50": 52.33286840519806, "AP75": 35.52766289849, "APs": 15.052400392007934, "APm": 36.97209729563591, "APl": 47.93756611924076}