{"quality": 78, "model": "R50_FPN", "elapsed": 485.4893717765808, "tp": 42278, "fp": 106067, "precision": 0.2849978091610772, "recall": 1.1635613045273152, "f1": 0.4578514186701321, "min_score": 0.050003331154584885, "AP": 39.141350098426585, "AP50": 59.64240837996675, "AP75": 42.5576958281675, "APs": 22.85400478617973, "APm": 42.138196860025246, "APl": 51.28493691441626}