{"quality": 24, "model": "R101", "elapsed": 669.7806587219238, "tp": 42413, "fp": 367817, "precision": 0.10338834312458864, "recall": 1.1672767304252099, "f1": 0.1899521906105494, "min_score": 0.05000012367963791, "AP": 31.313906637118084, "AP50": 48.88472477493491, "AP75": 32.75960918127916, "APs": 15.243510077472752, "APm": 34.571864454317485, "APl": 42.74818367448465}