{"quality": 61, "model": "R50_DC5", "elapsed": 994.4290449619293, "tp": 42217, "fp": 129303, "precision": 0.24613456156716418, "recall": 1.1618824824549332, "f1": 0.40621587164128836, "min_score": 0.05000158026814461, "AP": 36.844302284964094, "AP50": 57.58690209185613, "AP75": 39.528659679923884, "APs": 18.70299900437758, "APm": 40.81922578332584, "APl": 50.13016818306563}