{"quality": 41, "model": "R101", "elapsed": 668.6006758213043, "tp": 44108, "fp": 343492, "precision": 0.11379772961816305, "recall": 1.2139259666987754, "f1": 0.20808850413388844, "min_score": 0.05000011622905731, "AP": 36.191410352535165, "AP50": 54.97533196935321, "AP75": 38.26671361871261, "APs": 18.37657620461655, "APm": 39.85784206373377, "APl": 48.57979110542386}