{"quality": 98, "model": "R50_FPN", "elapsed": 545.8017680644989, "tp": 25933, "fp": 11443, "precision": 0.6938409674657534, "recall": 0.7137195541488922, "f1": 0.7036398909253707, "min_score": 0.5000038743019104, "AP": 36.73571311555763, "AP50": 54.05300535835814, "AP75": 40.84112966836547, "APs": 19.133560012418506, "APm": 40.254490755270886, "APl": 49.19827525953292}