{"quality": 45, "model": "R50_DC5", "elapsed": 1900.7529826164246, "tp": 26312, "fp": 16864, "precision": 0.6094126366499908, "recall": 0.7241502683363148, "f1": 0.6618455308070582, "min_score": 0.5000093579292297, "AP": 33.14179994417991, "AP50": 50.7641752179941, "AP75": 36.28886207176648, "APs": 14.62553766882799, "APm": 36.590987654004685, "APl": 46.87819274947629}