{"quality": 22, "model": "X101", "elapsed": 2951.3462274074554, "tp": 20777, "fp": 9252, "precision": 0.6918978320956409, "recall": 0.5718178065226366, "f1": 0.6261527334096799, "min_score": 0.5001009106636047, "AP": 28.176161758228567, "AP50": 42.79490175880809, "AP75": 30.406457098437528, "APs": 12.637963735042204, "APm": 31.38979521671301, "APl": 39.66575982894161}