{"quality": 60, "model": "R101_DC5", "elapsed": 1134.0616011619568, "tp": 42624, "fp": 121666, "precision": 0.259443666686956, "recall": 1.1730838034952524, "f1": 0.42491214953271034, "min_score": 0.05000051483511925, "AP": 38.2380854497412, "AP50": 58.765292486312205, "AP75": 40.984890433193534, "APs": 19.331058870840696, "APm": 42.25343626775282, "APl": 52.65043377983414}