{"quality": 30, "model": "R50_FPN", "elapsed": 564.4823729991913, "tp": 21637, "fp": 9731, "precision": 0.6897793930119868, "recall": 0.595486445575891, "f1": 0.6391740395551158, "min_score": 0.5000132918357849, "AP": 29.50313507104877, "AP50": 44.83147674390131, "AP75": 32.34079349761515, "APs": 13.171204462508756, "APm": 32.33573160912423, "APl": 41.381328481349314}