{"quality": 84, "model": "R101_DC5", "elapsed": 1127.661831855774, "tp": 28621, "fp": 16965, "precision": 0.6278462685912342, "recall": 0.7876978120269712, "f1": 0.6987463531939307, "min_score": 0.5000019669532776, "AP": 37.55092979038354, "AP50": 55.830827869074604, "AP75": 40.95125717576256, "APs": 18.55435232595535, "APm": 41.90007039601017, "APl": 51.627435463319884}