{"quality": 32, "model": "R50_FPN", "elapsed": 485.0639798641205, "tp": 40249, "fp": 112220, "precision": 0.2639815306718087, "recall": 1.1077198293656254, "f1": 0.4263574924260079, "min_score": 0.050000328570604324, "AP": 34.056616942744554, "AP50": 53.40421597405371, "AP75": 36.50426878572316, "APs": 17.916602218001604, "APm": 36.92711471048622, "APl": 45.96578658822529}