{"quality": 77, "model": "R50_FPN", "elapsed": 563.1776466369629, "tp": 24968, "fp": 10685, "precision": 0.7003057246234539, "recall": 0.6871611393972753, "f1": 0.6936711674167917, "min_score": 0.5000332593917847, "AP": 35.54860210021305, "AP50": 52.585691284900214, "AP75": 39.602712636868745, "APs": 17.85898012552996, "APm": 38.75988014758322, "APl": 48.52527328690247}