{"quality": 70, "model": "X101", "elapsed": 2949.9328560829163, "tp": 25498, "fp": 9791, "precision": 0.7225481028082406, "recall": 0.7017476262556763, "f1": 0.7119959790014521, "min_score": 0.5000108480453491, "AP": 38.018863157662075, "AP50": 55.077326660204015, "AP75": 41.91694114679077, "APs": 20.168371714553164, "APm": 41.279045180072856, "APl": 51.05370706432208}