{"quality": 42, "model": "R101", "elapsed": 701.4969844818115, "tp": 17272, "fp": 3795, "precision": 0.8198604452461196, "recall": 0.4753543415439659, "f1": 0.6017908783666075, "min_score": 0.5000222325325012, "AP": 29.39717020425723, "AP50": 41.1726498742238, "AP75": 32.39689816757792, "APs": 11.413766149288893, "APm": 32.44585894505066, "APl": 42.248611478900756}