{"quality": 92, "model": "R101_C4", "elapsed": 1594.4806032180786, "tp": 42954, "fp": 126381, "precision": 0.2536628576490389, "recall": 1.1821659556901059, "f1": 0.4176982544853406, "min_score": 0.050001390278339386, "AP": 40.70468285273897, "AP50": 60.847841632248425, "AP75": 43.73906149420246, "APs": 22.116841217243763, "APm": 45.08809741986755, "APl": 55.502862667564465}