{"quality": 66, "model": "R101_FPN", "elapsed": 649.9476685523987, "tp": 41552, "fp": 90270, "precision": 0.3152129386597078, "recall": 1.1435805696986376, "f1": 0.49420482049513254, "min_score": 0.05000016838312149, "AP": 40.252933672470405, "AP50": 60.41381875649813, "AP75": 43.554581622725316, "APs": 22.76797996738284, "APm": 43.83587617337562, "APl": 53.360385392985044}