{"quality": 36, "model": "X101", "elapsed": 2927.028940677643, "tp": 39364, "fp": 71689, "precision": 0.3544613833034677, "recall": 1.0833631484794275, "f1": 0.5341547480120499, "min_score": 0.05000009760260582, "AP": 38.02265661035069, "AP50": 58.03195239205531, "AP75": 40.600674072266415, "APs": 20.999755585548534, "APm": 41.243623164570344, "APl": 51.06146790710988}