{"quality": 34, "model": "R50_C4", "elapsed": 1347.9363148212433, "tp": 24673, "fp": 17333, "precision": 0.5873684711707852, "recall": 0.6790422457685428, "f1": 0.6298872876271685, "min_score": 0.5000079870223999, "AP": 30.556918681437217, "AP50": 46.72861150549024, "AP75": 33.13600350912857, "APs": 12.44262866529953, "APm": 33.49629538633058, "APl": 45.57810631419514}