{"quality": 40, "model": "R50_DC5", "elapsed": 1905.1888887882233, "tp": 26010, "fp": 16706, "precision": 0.6089053282142523, "recall": 0.715838722994358, "f1": 0.6580561915725291, "min_score": 0.5000019669532776, "AP": 32.490188011611885, "AP50": 50.06534413694722, "AP75": 35.125479724630196, "APs": 14.196509372378236, "APm": 35.91803127591237, "APl": 46.11610633064683}