{"quality": 19, "model": "X101", "elapsed": 2946.3335156440735, "tp": 35819, "fp": 82197, "precision": 0.30350969360086766, "recall": 0.9857988165680474, "f1": 0.4641239771689201, "min_score": 0.05000146105885506, "AP": 28.732681625055147, "AP50": 46.135060611428344, "AP75": 30.11728506267594, "APs": 14.139265658706494, "APm": 31.92632194344468, "APl": 39.037637828363984}