{"quality": 79, "model": "R101_DC5", "elapsed": 1127.4735968112946, "tp": 28336, "fp": 16662, "precision": 0.6297168763056136, "recall": 0.779854135131416, "f1": 0.6967897409415612, "min_score": 0.5000143051147461, "AP": 37.21506167265659, "AP50": 55.53341216312915, "AP75": 40.74435454440103, "APs": 17.955838699212084, "APm": 41.46027871262088, "APl": 51.088338091454624}