{"quality": 57, "model": "R101_C4", "elapsed": 1596.8803601264954, "tp": 26869, "fp": 15768, "precision": 0.6301803597814105, "recall": 0.7394798403742947, "f1": 0.6804690269969103, "min_score": 0.5000512599945068, "AP": 35.8493232501557, "AP50": 52.7907223538983, "AP75": 38.85461076547799, "APs": 16.113078366532346, "APm": 39.89815950064402, "APl": 51.356049684044045}