{"quality": 100, "model": "R101", "elapsed": 667.4637877941132, "tp": 45550, "fp": 330323, "precision": 0.12118454903650967, "recall": 1.253612219622953, "f1": 0.22100492955013004, "min_score": 0.050000205636024475, "AP": 40.420754051037974, "AP50": 60.23218159484176, "AP75": 43.2526388721196, "APs": 23.868734273346128, "APm": 44.42142229365429, "APl": 52.154041406168616}