{"quality": 94, "model": "R50_DC5", "elapsed": 1023.2664711475372, "tp": 28842, "fp": 18118, "precision": 0.6141822827938671, "recall": 0.7937801018301913, "f1": 0.6925265622186206, "min_score": 0.500000536441803, "AP": 36.6894496170309, "AP50": 55.49316801846431, "AP75": 40.298419801931594, "APs": 18.01636044526634, "APm": 41.15296280837864, "APl": 50.32202844370926}