{"quality": 19, "model": "R101_FPN", "elapsed": 645.3786633014679, "tp": 18734, "fp": 8347, "precision": 0.6917765222849969, "recall": 0.5155910279344984, "f1": 0.5908288129178756, "min_score": 0.5000386834144592, "AP": 24.665698345631863, "AP50": 37.84518568581867, "AP75": 26.67663249674474, "APs": 10.780410791873166, "APm": 27.128219126164936, "APl": 35.78419927778195}