{"quality": 87, "model": "R50_FPN", "elapsed": 485.6023302078247, "tp": 42650, "fp": 106402, "precision": 0.2861417491882028, "recall": 1.1737993670015137, "f1": 0.46011856279027114, "min_score": 0.0500013493001461, "AP": 39.78137431030986, "AP50": 60.49520806122016, "AP75": 43.32911767065088, "APs": 23.35265093452323, "APm": 42.95681431764469, "APl": 51.69780174971519}