{"quality": 60, "model": "R50_DC5", "elapsed": 1882.3899896144867, "tp": 26940, "fp": 16811, "precision": 0.6157573541176201, "recall": 0.7414338791798541, "f1": 0.6727767649776489, "min_score": 0.5000010132789612, "AP": 34.3635812771044, "AP50": 52.46945148094384, "AP75": 37.57938162314448, "APs": 15.524372166329403, "APm": 38.204741406229566, "APl": 47.84610341248553}