{"quality": 32, "model": "R101_C4", "elapsed": 1617.3180801868439, "tp": 24992, "fp": 15528, "precision": 0.616781836130306, "recall": 0.6878216595569011, "f1": 0.6503675753041442, "min_score": 0.5000512003898621, "AP": 32.54697242602881, "AP50": 48.394035028533, "AP75": 35.1965029345752, "APs": 13.183200706945652, "APm": 36.48147676183484, "APl": 48.45192288284462}