{"quality": 83, "model": "R50_FPN", "elapsed": 485.2857756614685, "tp": 42394, "fp": 106246, "precision": 0.28521259418729816, "recall": 1.1667538186321729, "f1": 0.45837545614272196, "min_score": 0.05000003054738045, "AP": 39.40991076284105, "AP50": 59.91959428796814, "AP75": 42.80636384326538, "APs": 22.783190498249564, "APm": 42.63840365458287, "APl": 51.61752084846422}