{"quality": 72, "model": "R101_DC5", "elapsed": 1131.868673324585, "tp": 42992, "fp": 120881, "precision": 0.2623495023585337, "recall": 1.18321177927618, "f1": 0.4294733477183728, "min_score": 0.05000052973628044, "AP": 39.20140962189373, "AP50": 59.984233174038025, "AP75": 41.81189951215463, "APs": 20.395776217513138, "APm": 43.288552450975956, "APl": 53.485345554799956}