{"quality": 39, "model": "X101", "elapsed": 2923.3053874969482, "tp": 39555, "fp": 70970, "precision": 0.3578828319384755, "recall": 1.0886197880831154, "f1": 0.5386762903445459, "min_score": 0.05000009387731552, "AP": 38.60683939789606, "AP50": 58.699430341336, "AP75": 41.33518541966435, "APs": 21.48107176731576, "APm": 41.68614445346207, "APl": 51.58948219369807}