{"quality": 37, "model": "X101", "elapsed": 2922.8827710151672, "tp": 39525, "fp": 71480, "precision": 0.35606504211522005, "recall": 1.0877941378835834, "f1": 0.5365141848785123, "min_score": 0.05000114068388939, "AP": 38.235003264318024, "AP50": 58.17863579452971, "AP75": 40.91328755604064, "APs": 21.228601792284277, "APm": 41.343733818518714, "APl": 50.9848914509835}