{"quality": 101, "model": "X101", "elapsed": 2673.6397240161896, "tp": 41408, "fp": 69608, "precision": 0.37299128053613895, "recall": 1.1396174487408834, "f1": 0.5620321545154088, "min_score": 0.05000010505318642, "AP": 43.04694767895803, "AP50": 63.651725008975, "AP75": 46.888370922210456, "APs": 27.205004042412035, "APm": 46.09338674890619, "APl": 54.89015450506829}