{"quality": 47, "model": "R101_C4", "elapsed": 1603.8190178871155, "tp": 41700, "fp": 126975, "precision": 0.24722098710538018, "recall": 1.147653777349663, "f1": 0.40680942393054004, "min_score": 0.05000167340040207, "AP": 37.89898876503857, "AP50": 57.27140529846169, "AP75": 40.45266415182993, "APs": 18.522755545252004, "APm": 42.29250123358971, "APl": 53.41398938925095}