{"quality": 43, "model": "R101_FPN", "elapsed": 647.3563542366028, "tp": 23393, "fp": 9187, "precision": 0.7180171884591774, "recall": 0.6438145039218385, "f1": 0.6788942900674744, "min_score": 0.5000052452087402, "AP": 33.9017010449295, "AP50": 49.84953834498078, "AP75": 37.08245903390409, "APs": 15.81552439495177, "APm": 37.09459082768268, "APl": 47.90916428908832}