{"quality": 63, "model": "R50_DC5", "elapsed": 1880.6931993961334, "tp": 27130, "fp": 16915, "precision": 0.6159609490294018, "recall": 0.7466629971102243, "f1": 0.6750435431699429, "min_score": 0.500002384185791, "AP": 34.640957686551054, "AP50": 52.860549750693906, "AP75": 37.81643943143849, "APs": 16.118810399265982, "APm": 38.61208169644057, "APl": 47.98374097468945}