{"quality": 100, "model": "R101_DC5", "elapsed": 1132.93367934227, "tp": 43687, "fp": 123813, "precision": 0.2608179104477612, "recall": 1.2023393422320077, "f1": 0.4286506242794417, "min_score": 0.0500003844499588, "AP": 40.66278702548335, "AP50": 61.68973751097416, "AP75": 44.01432226894471, "APs": 23.29418030407545, "APm": 44.979056263012396, "APl": 54.46615040409446}