{"quality": 93, "model": "R50", "elapsed": 498.7165746688843, "tp": 45088, "fp": 358748, "precision": 0.11164928337245812, "recall": 1.2408972065501582, "f1": 0.20486583623182808, "min_score": 0.05000027269124985, "AP": 38.38834297722089, "AP50": 57.65613350413431, "AP75": 41.01301670001048, "APs": 23.718119849662607, "APm": 41.94763406336382, "APl": 50.065928691795115}