{"quality": 75, "model": "X101", "elapsed": 2949.720682144165, "tp": 25666, "fp": 9815, "precision": 0.7233730729122629, "recall": 0.7063712673730563, "f1": 0.7147710816531134, "min_score": 0.5000123381614685, "AP": 38.36134620456176, "AP50": 55.46609850354489, "AP75": 42.48481504946039, "APs": 20.680249139939168, "APm": 41.455945975633696, "APl": 51.46609655159787}