{"quality": 19, "model": "R50_FPN", "elapsed": 553.0494985580444, "tp": 18408, "fp": 9045, "precision": 0.6705278111681784, "recall": 0.5066189624329159, "f1": 0.5771618486235657, "min_score": 0.5000205636024475, "AP": 22.777276716545494, "AP50": 35.56140514866133, "AP75": 24.672655983820242, "APs": 10.006497641247654, "APm": 25.325126015420597, "APl": 32.67506079440423}