{"quality": 9, "model": "R101", "elapsed": 698.5097398757935, "tp": 6046, "fp": 1606, "precision": 0.7901202300052274, "recall": 0.16639603687904225, "f1": 0.27489940209607383, "min_score": 0.5000059008598328, "AP": 7.706685924312374, "AP50": 11.871265924058921, "AP75": 8.339025364875305, "APs": 2.03549676153314, "APm": 8.844759978075963, "APl": 11.691976692955535}