{"quality": 22, "model": "R50_C4", "elapsed": 1456.0902149677277, "tp": 38475, "fp": 190622, "precision": 0.16794196344779722, "recall": 1.0588963808999587, "f1": 0.28990475903432894, "min_score": 0.05000019073486328, "AP": 28.101705848721934, "AP50": 45.13742265261679, "AP75": 29.58360642533004, "APs": 11.817327357031635, "APm": 30.83699493667983, "APl": 41.276508761266456}