{"quality": 50, "model": "R50", "elapsed": 499.5661861896515, "tp": 43949, "fp": 368359, "precision": 0.1065926443338475, "recall": 1.209550020641255, "f1": 0.19591969561544478, "min_score": 0.0500001460313797, "AP": 35.115387694805975, "AP50": 53.52552486706676, "AP75": 37.039376195291, "APs": 18.79064317204332, "APm": 38.32198859180892, "APl": 47.22160322009838}