{"quality": 50, "model": "R101_FPN", "elapsed": 647.6573333740234, "tp": 23887, "fp": 9290, "precision": 0.7199867378002833, "recall": 0.6574102105408008, "f1": 0.6872770169179422, "min_score": 0.5000062584877014, "AP": 34.75645558174803, "AP50": 50.91224215258693, "AP75": 38.20637085389714, "APs": 16.639121132690228, "APm": 37.91943020525044, "APl": 48.71545307771819}