{"quality": 13, "model": "R50", "elapsed": 482.5555396080017, "tp": 9422, "fp": 2389, "precision": 0.7977309287951909, "recall": 0.2593092059997248, "f1": 0.3913928467577784, "min_score": 0.5000052452087402, "AP": 12.745519405939703, "AP50": 19.107504866253343, "AP75": 13.961319960008813, "APs": 3.942464296012535, "APm": 14.574749320792924, "APl": 19.314901668554604}