{"quality": 73, "model": "R101_DC5", "elapsed": 1127.0022377967834, "tp": 28132, "fp": 16602, "precision": 0.6288728931014441, "recall": 0.7742397137745975, "f1": 0.694026076552073, "min_score": 0.500012993812561, "AP": 36.843718394407496, "AP50": 55.00099582025483, "AP75": 40.11041562883563, "APs": 17.553806521181293, "APm": 40.91115625868949, "APl": 51.38711621422066}