{"quality": 33, "model": "R50_DC5", "elapsed": 1911.566062450409, "tp": 25230, "fp": 16819, "precision": 0.6000142690670408, "recall": 0.6943718178065227, "f1": 0.6437538273116963, "min_score": 0.5000364780426025, "AP": 31.254652940896914, "AP50": 48.524276157087115, "AP75": 33.833361789646176, "APs": 13.148248407931309, "APm": 34.575586688495264, "APl": 44.756139007466636}