{"quality": 86, "model": "R101_C4", "elapsed": 1593.5649819374084, "tp": 42892, "fp": 125695, "precision": 0.25442056623583076, "recall": 1.1804596119444062, "f1": 0.4186178155590908, "min_score": 0.050000179558992386, "AP": 40.506310545644304, "AP50": 60.4505997983952, "AP75": 43.40741172001257, "APs": 21.36706597773935, "APm": 44.55093054545471, "APl": 55.64031399865165}