{"quality": 45, "model": "R101_FPN", "elapsed": 649.7371444702148, "tp": 40869, "fp": 91442, "precision": 0.3088858825041002, "recall": 1.1247832668226228, "f1": 0.4846720349133688, "min_score": 0.05000104382634163, "AP": 38.37582635956465, "AP50": 58.374353207643914, "AP75": 41.144467601489396, "APs": 21.225075139967938, "APm": 41.33572645623103, "APl": 51.607886016383674}