{"quality": 29, "model": "R101", "elapsed": 701.5435605049133, "tp": 16084, "fp": 3607, "precision": 0.8168198669442893, "recall": 0.44265859364249344, "f1": 0.5741619962160425, "min_score": 0.5000014901161194, "AP": 26.752747718067983, "AP50": 38.06449293897837, "AP75": 29.41626339357166, "APs": 10.127027047113925, "APm": 29.435003905783468, "APl": 38.71116975564028}