{"quality": 4, "model": "R101", "elapsed": 666.8664839267731, "tp": 10665, "fp": 386532, "precision": 0.02685065597172184, "recall": 0.2935186459336728, "f1": 0.049200520376811864, "min_score": 0.05000005662441254, "AP": 1.9646700038123368, "AP50": 3.59094127138236, "AP75": 1.8628728880245204, "APs": 0.5518887706056159, "APm": 2.125328021003236, "APl": 3.53057514637826}