{"quality": 27, "model": "R101_C4", "elapsed": 1630.168920993805, "tp": 24314, "fp": 15420, "precision": 0.6119192630996124, "recall": 0.6691619650474749, "f1": 0.6392617229094638, "min_score": 0.5000415444374084, "AP": 31.358639077311572, "AP50": 46.83474319456174, "AP75": 34.06324880579841, "APs": 12.544266669204255, "APm": 35.245117427993975, "APl": 46.785353457739866}