{"quality": 58, "model": "R101_FPN", "elapsed": 647.4497635364532, "tp": 24268, "fp": 9429, "precision": 0.7201828055910021, "recall": 0.667895968074859, "f1": 0.6930546036097783, "min_score": 0.5000186562538147, "AP": 35.61457855694479, "AP50": 51.83885223468893, "AP75": 39.148860840214454, "APs": 17.34215832729778, "APm": 38.81811690406355, "APl": 49.24362069064873}