{"quality": 82, "model": "R101_DC5", "elapsed": 1127.3901896476746, "tp": 28537, "fp": 16832, "precision": 0.628997773810311, "recall": 0.7853859914682813, "f1": 0.6985459708215019, "min_score": 0.5000073909759521, "AP": 37.29673966180536, "AP50": 55.52054528765476, "AP75": 40.8148156467887, "APs": 18.21421896104042, "APm": 41.47606847742689, "APl": 51.37737312719723}