{"quality": 13, "model": "R101_FPN", "elapsed": 646.9494826793671, "tp": 32091, "fp": 108199, "precision": 0.2287475942690142, "recall": 0.8831980184395212, "f1": 0.363380042462845, "min_score": 0.05000055581331253, "AP": 19.487203543017532, "AP50": 32.22532154443778, "AP75": 20.19698344510001, "APs": 9.439233801240995, "APm": 21.216425904488595, "APl": 27.959707580982357}