{"quality": 22, "model": "R50", "elapsed": 483.2441647052765, "tp": 13751, "fp": 3302, "precision": 0.8063683809300416, "recall": 0.3784505297922114, "f1": 0.5151344871506706, "min_score": 0.5000089406967163, "AP": 21.31172129854096, "AP50": 31.003042806708702, "AP75": 23.442347742704804, "APs": 7.135195048317473, "APm": 23.48722954143322, "APl": 31.987805241260308}