{"quality": 39, "model": "R50", "elapsed": 499.51224541664124, "tp": 43442, "fp": 374792, "precision": 0.10387008229842624, "recall": 1.195596532269162, "f1": 0.19113489921222082, "min_score": 0.0500001385807991, "AP": 33.96665423047144, "AP50": 52.15595783494431, "AP75": 35.609939216998804, "APs": 17.70912502243111, "APm": 37.34439108682855, "APl": 45.92000041058937}