{"quality": 58, "model": "R101_FPN", "elapsed": 649.5255362987518, "tp": 41234, "fp": 90009, "precision": 0.3141805658206533, "recall": 1.1348286775835972, "f1": 0.4921171036770936, "min_score": 0.05000022426247597, "AP": 39.476838368627085, "AP50": 59.49911881299539, "AP75": 42.574436235182986, "APs": 21.790364367915004, "APm": 42.767456445362214, "APl": 52.2978610121245}