{"quality": 55, "model": "R101_C4", "elapsed": 1601.819902896881, "tp": 41926, "fp": 125765, "precision": 0.2500193808850803, "recall": 1.1538736755194716, "f1": 0.41098683501122407, "min_score": 0.05000044032931328, "AP": 38.34282226964098, "AP50": 57.922402958160305, "AP75": 41.16524817708241, "APs": 19.74390983167606, "APm": 42.788383068757724, "APl": 53.886368747922454}