{"quality": 94, "model": "R50_DC5", "elapsed": 993.3776023387909, "tp": 43444, "fp": 129252, "precision": 0.25156344095983696, "recall": 1.1956515756157975, "f1": 0.4156704029545857, "min_score": 0.05000113323330879, "AP": 38.979794079646894, "AP50": 60.396449833180064, "AP75": 42.10732882055174, "APs": 21.15175626383214, "APm": 43.349871589244486, "APl": 52.37854487749346}