{"quality": 70, "model": "R50_DC5", "elapsed": 989.8882532119751, "tp": 42594, "fp": 127766, "precision": 0.2500234796900681, "recall": 1.1722581532957204, "f1": 0.412143496456131, "min_score": 0.05000021681189537, "AP": 37.45264261141679, "AP50": 58.61858331467259, "AP75": 39.85917243082092, "APs": 20.223967774336863, "APm": 41.68002090109607, "APl": 51.014032014819065}