{"quality": 2, "model": "R101_C4", "elapsed": 1846.8315143585205, "tp": 2684, "fp": 143328, "precision": 0.018382050790345997, "recall": 0.07386817118480804, "f1": 0.029438378476201968, "min_score": 0.050001002848148346, "AP": 0.8292713582077955, "AP50": 1.5380719485403564, "AP75": 0.7715574492492939, "APs": 0.25942951442291773, "APm": 0.7269036226221661, "APl": 1.7501878872545722}