{"quality": 14, "model": "R50", "elapsed": 482.18458366394043, "tp": 10092, "fp": 2532, "precision": 0.7994296577946768, "recall": 0.27774872712260906, "f1": 0.4122633223717805, "min_score": 0.500006914138794, "AP": 13.919968369362604, "AP50": 20.737331227412653, "AP75": 15.328101927043367, "APs": 4.172712902029961, "APm": 15.898060084288526, "APl": 21.03226219034939}