{"quality": 34, "model": "R101_DC5", "elapsed": 1129.3324308395386, "tp": 25735, "fp": 15799, "precision": 0.6196128473058218, "recall": 0.7082702628319801, "f1": 0.6609819055079685, "min_score": 0.5000020861625671, "AP": 33.10601424721919, "AP50": 50.24671529734108, "AP75": 35.76281968696888, "APs": 14.426110259361474, "APm": 36.56251220948658, "APl": 47.61745642717001}