{"quality": 57, "model": "R50_C4", "elapsed": 1310.091524362564, "tp": 41041, "fp": 141014, "precision": 0.22543187498283485, "recall": 1.1295169946332737, "f1": 0.37585054260726225, "min_score": 0.050000034272670746, "AP": 35.983763610211625, "AP50": 55.49183022434975, "AP75": 38.83413644648543, "APs": 17.52635343342552, "APm": 39.71475053025072, "APl": 50.93658704344819}