{"quality": 27, "model": "R50_DC5", "elapsed": 1060.0296785831451, "tp": 40521, "fp": 147780, "precision": 0.2151926967992735, "recall": 1.11520572450805, "f1": 0.36077031286169625, "min_score": 0.05000077560544014, "AP": 31.70512321572164, "AP50": 51.20041620590741, "AP75": 33.19240206717368, "APs": 14.755203477288243, "APm": 34.86737533060663, "APl": 44.51364028962128}