{"quality": 61, "model": "R101_C4", "elapsed": 1595.6782927513123, "tp": 26964, "fp": 15736, "precision": 0.6314754098360655, "recall": 0.7420943993394798, "f1": 0.6823306130195482, "min_score": 0.5000301003456116, "AP": 36.166862195630806, "AP50": 53.08222263821405, "AP75": 39.28733875311577, "APs": 16.508785166679992, "APm": 40.12360126185753, "APl": 51.609069535648885}