{"quality": 53, "model": "R50_C4", "elapsed": 1367.2844607830048, "tp": 26083, "fp": 16789, "precision": 0.608392423959694, "recall": 0.7178478051465529, "f1": 0.6586034062645979, "min_score": 0.5000070929527283, "AP": 32.90939942277137, "AP50": 49.72372221114214, "AP75": 36.06180104643724, "APs": 13.81422056582529, "APm": 36.41116985317196, "APl": 48.05207163420898}