{"quality": 9, "model": "R50_C4", "elapsed": 1831.436692237854, "tp": 25447, "fp": 298962, "precision": 0.07844110366851721, "recall": 0.7003440209164717, "f1": 0.1410806555341184, "min_score": 0.05000043660402298, "AP": 10.383157793513183, "AP50": 18.133482509449276, "AP75": 10.393405242588594, "APs": 4.2711598013115575, "APm": 11.826563770417117, "APl": 16.47912211249327}