{"quality": 8, "model": "R101_DC5", "elapsed": 1128.1576166152954, "tp": 10108, "fp": 10957, "precision": 0.47984808924756706, "recall": 0.27818907389569286, "f1": 0.35219512195121955, "min_score": 0.5000234842300415, "AP": 8.104965250240289, "AP50": 13.605842385494366, "AP75": 8.30236507939606, "APs": 2.8599906772855834, "APm": 9.24843954713024, "APl": 11.777245623697162}