{"quality": 10, "model": "R101", "elapsed": 698.8993580341339, "tp": 7147, "fp": 1895, "precision": 0.7904224729042247, "recall": 0.1966973992018715, "f1": 0.3150053992110541, "min_score": 0.5000019073486328, "AP": 9.18140670424763, "AP50": 13.91852540680312, "AP75": 9.897177556861323, "APs": 2.7683127800432343, "APm": 10.57576078223432, "APl": 13.846413269754246}