{"quality": 75, "model": "R101", "elapsed": 697.1435582637787, "tp": 18715, "fp": 4063, "precision": 0.8216261304767758, "recall": 0.5150681161414614, "f1": 0.6331940520697646, "min_score": 0.5000402331352234, "AP": 32.01768739630664, "AP50": 44.628055838466835, "AP75": 35.43791481821555, "APs": 13.189253110179862, "APm": 35.54499416555443, "APl": 45.49576245002317}