{"quality": 63, "model": "R50_DC5", "elapsed": 993.0556221008301, "tp": 42320, "fp": 129098, "precision": 0.2468818910499481, "recall": 1.1647172148066602, "f1": 0.4074068725842707, "min_score": 0.05000170320272446, "AP": 37.03281266563256, "AP50": 57.920248393449214, "AP75": 39.738776063798284, "APs": 18.874471826613714, "APm": 41.12683178226631, "APl": 50.232155411478395}