{"quality": 5, "model": "X101", "elapsed": 2946.8443892002106, "tp": 7551, "fp": 41060, "precision": 0.15533521219477073, "recall": 0.2078161552222375, "f1": 0.17778353306806674, "min_score": 0.05000000819563866, "AP": 3.26125337477026, "AP50": 5.737805845789411, "AP75": 3.246986524530371, "APs": 1.4861217620730782, "APm": 3.6012603202451055, "APl": 4.723958788344223}