{"quality": 79, "model": "R50_FPN", "elapsed": 559.2390496730804, "tp": 25050, "fp": 10784, "precision": 0.6990567617346654, "recall": 0.6894179166093298, "f1": 0.6942038825534509, "min_score": 0.5000266432762146, "AP": 35.562598019928664, "AP50": 52.59899933336383, "AP75": 39.28647311843488, "APs": 17.818522957282216, "APm": 38.664751123615844, "APl": 48.402162648107584}