{"quality": 43, "model": "R101_C4", "elapsed": 1606.903987646103, "tp": 41533, "fp": 128234, "precision": 0.24464707510882563, "recall": 1.1430576579056007, "f1": 0.40303344945706493, "min_score": 0.050000086426734924, "AP": 37.131455472329314, "AP50": 56.36856447442121, "AP75": 39.67154167932069, "APs": 17.617261325758506, "APm": 41.310280308237246, "APl": 52.53005728215998}