{"quality": 82, "model": "R101_FPN", "elapsed": 647.4492890834808, "tp": 25453, "fp": 10036, "precision": 0.7172081490039167, "recall": 0.7005091509563781, "f1": 0.7087603029627979, "min_score": 0.5000539422035217, "AP": 37.46359986717428, "AP50": 54.231843520733506, "AP75": 41.462557261219, "APs": 19.835774798698164, "APm": 40.94993141729221, "APl": 50.81517816094585}