{"quality": 37, "model": "R101_C4", "elapsed": 1610.1237623691559, "tp": 25649, "fp": 15576, "precision": 0.6221710127349909, "recall": 0.7059033989266548, "f1": 0.661397627643115, "min_score": 0.5000148415565491, "AP": 33.79488659983728, "AP50": 49.96771592712823, "AP75": 36.738386391799345, "APs": 14.055442755419396, "APm": 37.66116550831159, "APl": 49.73476565713737}