{"quality": 61, "model": "X101", "elapsed": 2952.4346849918365, "tp": 40245, "fp": 69213, "precision": 0.3676752727073398, "recall": 1.1076097426723546, "f1": 0.5520841192649852, "min_score": 0.0500011146068573, "AP": 40.810343928882276, "AP50": 61.04474299839546, "AP75": 44.31263957469058, "APs": 23.506352442568225, "APm": 44.06644120138566, "APl": 53.35366716654909}