{"quality": 15, "model": "R101_C4", "elapsed": 1733.0108666419983, "tp": 35785, "fp": 176283, "precision": 0.16874304468378068, "recall": 0.9848630796752442, "f1": 0.2881205138424254, "min_score": 0.050000227987766266, "AP": 23.850591534630066, "AP50": 38.49607773087092, "AP75": 24.92825798099935, "APs": 9.808385182207727, "APm": 26.289997649938137, "APl": 35.99658779046079}