{"quality": 63, "model": "R101_FPN", "elapsed": 647.6685101985931, "tp": 24565, "fp": 9534, "precision": 0.7204023578404058, "recall": 0.676069905050227, "f1": 0.6975324417184882, "min_score": 0.5000012516975403, "AP": 36.189157632507495, "AP50": 52.55815765001197, "AP75": 39.89550778587447, "APs": 17.882121314956624, "APm": 39.71688052499988, "APl": 49.71087533933122}