{"quality": 64, "model": "R101", "elapsed": 667.9110474586487, "tp": 44737, "fp": 333109, "precision": 0.11840008892511764, "recall": 1.2312370992156323, "f1": 0.2160263266542888, "min_score": 0.05000005662441254, "AP": 38.35881175764279, "AP50": 57.54402938996465, "AP75": 40.828881248681256, "APs": 20.487051957740846, "APm": 42.269028171950566, "APl": 50.326177945703776}