{"quality": 32, "model": "X101", "elapsed": 2951.340207338333, "tp": 23048, "fp": 9405, "precision": 0.7101962838566542, "recall": 0.6343195266272189, "f1": 0.6701168808513113, "min_score": 0.5000110268592834, "AP": 33.46505117230952, "AP50": 49.556677705204706, "AP75": 36.57591369713822, "APs": 15.54519900212307, "APm": 36.61988816237679, "APl": 46.74737817586793}