{"quality": 86, "model": "R50_C4", "elapsed": 1360.5525751113892, "tp": 27696, "fp": 17375, "precision": 0.6144971267555634, "recall": 0.7622402642080639, "f1": 0.6804412451170676, "min_score": 0.5000249743461609, "AP": 35.327827482746116, "AP50": 52.62153287061794, "AP75": 38.72859028836258, "APs": 16.499976264639287, "APm": 39.10698721226369, "APl": 50.240617337486704}