{"quality": 5, "model": "R50_C4", "elapsed": 1847.304966211319, "tp": 11322, "fp": 282385, "precision": 0.03854862158545762, "recall": 0.31160038530342643, "f1": 0.068609449706401, "min_score": 0.05000001937150955, "AP": 3.1486266334131865, "AP50": 5.861492748014531, "AP75": 3.021289364658293, "APs": 1.4200500126957472, "APm": 3.4545154198659676, "APl": 5.23611298618225}