{"quality": 17, "model": "R101_DC5", "elapsed": 1135.5508742332458, "tp": 21135, "fp": 15027, "precision": 0.584453293512527, "recall": 0.5816705655703867, "f1": 0.5830586093217651, "min_score": 0.5000033974647522, "AP": 23.85597418407301, "AP50": 37.73386188232294, "AP75": 25.504119380905273, "APs": 9.499377680461828, "APm": 27.129698236944904, "APl": 34.2366488573219}