{"quality": 35, "model": "R50", "elapsed": 483.86126732826233, "tp": 15977, "fp": 3678, "precision": 0.812872042737217, "recall": 0.43971377459749555, "f1": 0.5707090551884265, "min_score": 0.5000009536743164, "AP": 26.31322960108647, "AP50": 37.410936797813505, "AP75": 29.11102968567592, "APs": 9.02088725963013, "APm": 28.73156579693995, "APl": 39.23673443373909}