{"quality": 95, "model": "R50", "elapsed": 498.49652123451233, "tp": 45224, "fp": 358237, "precision": 0.112090140063104, "recall": 1.2446401541213705, "f1": 0.20565898734867988, "min_score": 0.050000015646219254, "AP": 38.5128008250572, "AP50": 57.82089234841663, "AP75": 41.19430773982828, "APs": 23.146823672513268, "APm": 42.19163204120422, "APl": 50.20645343223651}