{"quality": 28, "model": "R101_FPN", "elapsed": 647.1357355117798, "tp": 21746, "fp": 8894, "precision": 0.7097258485639687, "recall": 0.5984863079675244, "f1": 0.6493766330720417, "min_score": 0.5000389814376831, "AP": 30.747059337660865, "AP50": 45.585135514789876, "AP75": 33.84203664410255, "APs": 13.861751285976709, "APm": 33.39072944466508, "APl": 44.15555956382354}