{"quality": 48, "model": "R101_DC5", "elapsed": 1133.610613822937, "tp": 42388, "fp": 123464, "precision": 0.25557726165496947, "recall": 1.1665886885922665, "f1": 0.4192950090757566, "min_score": 0.050001610070466995, "AP": 37.480750176224795, "AP50": 57.85463554551742, "AP75": 40.06976005384786, "APs": 18.730266647132698, "APm": 41.4057310419738, "APl": 51.66884667372463}