{"quality": 45, "model": "R101_C4", "elapsed": 1606.9565358161926, "tp": 41573, "fp": 128038, "precision": 0.24510792342477788, "recall": 1.1441585248383102, "f1": 0.4037271906227846, "min_score": 0.050000619143247604, "AP": 37.657093388675776, "AP50": 57.06951404043258, "AP75": 40.24371002197679, "APs": 18.14412958870872, "APm": 41.88144479930314, "APl": 53.0156614657201}