{"quality": 86, "model": "R101_DC5", "elapsed": 1127.015790939331, "tp": 28744, "fp": 17158, "precision": 0.6262036512570258, "recall": 0.791082977845053, "f1": 0.6990527378187434, "min_score": 0.5000033974647522, "AP": 37.56790994057589, "AP50": 55.96264857215506, "AP75": 40.83179196239827, "APs": 18.608473740592974, "APm": 41.78458822446496, "APl": 51.73833798508195}