{"quality": 7, "model": "R50_DC5", "elapsed": 1062.4854662418365, "tp": 20465, "fp": 231464, "precision": 0.08123320459335766, "recall": 0.5632310444475024, "f1": 0.14198789998057337, "min_score": 0.05000040680170059, "AP": 6.388441439866442, "AP50": 11.689748351371867, "AP75": 6.11809725108815, "APs": 2.9549205352185717, "APm": 7.896294068835082, "APl": 9.37120306851429}