{"quality": 31, "model": "R101", "elapsed": 669.7246477603912, "tp": 43510, "fp": 354114, "precision": 0.10942498440737984, "recall": 1.1974680060547682, "f1": 0.20052585612926566, "min_score": 0.05000027269124985, "AP": 34.17101412465961, "AP50": 52.34116759923968, "AP75": 35.9657824283861, "APs": 16.94949592996886, "APm": 37.62983756918612, "APl": 45.84501035439762}