{"quality": 24, "model": "R101_C4", "elapsed": 1645.5851800441742, "tp": 39704, "fp": 143443, "precision": 0.21678760776862302, "recall": 1.0927205174074583, "f1": 0.36179732278729004, "min_score": 0.05000031366944313, "AP": 32.62100701721213, "AP50": 50.43191381560733, "AP75": 34.44314679126867, "APs": 14.24976548101943, "APm": 36.471474011082975, "APl": 47.39096540254897}