{"quality": 95, "model": "R101_FPN", "elapsed": 730.1328747272491, "tp": 26132, "fp": 10622, "precision": 0.710997442455243, "recall": 0.719196367139122, "f1": 0.7150734036585533, "min_score": 0.5000144243240356, "AP": 38.20621227088583, "AP50": 55.28647930658678, "AP75": 42.30194181358178, "APs": 20.853411355160528, "APm": 41.91354473013902, "APl": 51.02870636546648}