{"quality": 75, "model": "R101_FPN", "elapsed": 647.837278842926, "tp": 25062, "fp": 9901, "precision": 0.7168149186282642, "recall": 0.6897481766891427, "f1": 0.703021122612135, "min_score": 0.5000141859054565, "AP": 36.86853033638208, "AP50": 53.374425654624126, "AP75": 40.960148372253656, "APs": 18.93236553885721, "APm": 40.2825404089437, "APl": 50.600494987553276}