{"quality": 8, "model": "R101_FPN", "elapsed": 640.7889268398285, "tp": 6695, "fp": 4950, "precision": 0.5749248604551309, "recall": 0.18425760286225404, "f1": 0.2790746144226761, "min_score": 0.5000455379486084, "AP": 7.0526214457768965, "AP50": 11.453758949229599, "AP75": 7.446181919153147, "APs": 3.0206313851034183, "APm": 7.789481786345273, "APl": 10.37914648773042}