{"quality": 23, "model": "X101", "elapsed": 2949.8062818050385, "tp": 37468, "fp": 78064, "precision": 0.32430841671571514, "recall": 1.0311820558689968, "f1": 0.4934317527836858, "min_score": 0.05000043287873268, "AP": 32.81371036826361, "AP50": 51.782037913517, "AP75": 34.59142411304422, "APs": 17.05352214673929, "APm": 35.98184501585853, "APl": 44.68537052512632}