{"quality": 95, "model": "R50_DC5", "elapsed": 987.689857006073, "tp": 43401, "fp": 129491, "precision": 0.25102954445549824, "recall": 1.1944681436631348, "f1": 0.41486997376055673, "min_score": 0.05000046640634537, "AP": 38.988788004247205, "AP50": 60.417911403520094, "AP75": 42.03531364313999, "APs": 21.417328332248246, "APm": 43.427695069974924, "APl": 52.26060749638691}