{"quality": 97, "model": "R101_FPN", "elapsed": 650.1615235805511, "tp": 42482, "fp": 93150, "precision": 0.3132151704612481, "recall": 1.1691757258841338, "f1": 0.4940715369809324, "min_score": 0.050000227987766266, "AP": 41.99550904307479, "AP50": 62.381955615080976, "AP75": 45.89629095374572, "APs": 25.377302637271566, "APm": 45.471919017690624, "APl": 54.68678698790812}