{"quality": 3, "model": "X101", "elapsed": 2938.8295629024506, "tp": 563, "fp": 1463, "precision": 0.27788746298124384, "recall": 0.015494702077886335, "f1": 0.029352728031073225, "min_score": 0.5000301599502563, "AP": 0.7751633112272043, "AP50": 1.398435809425898, "AP75": 0.7227055544266453, "APs": 0.15581456815266356, "APm": 0.780813549532693, "APl": 1.365649715980893}