{"quality": 101, "model": "R50", "elapsed": 499.31567096710205, "tp": 45300, "fp": 358261, "precision": 0.1122506882478733, "recall": 1.2467318012935187, "f1": 0.20595777183697966, "min_score": 0.050001293420791626, "AP": 38.680062304662414, "AP50": 57.99630816533926, "AP75": 41.496807331252285, "APs": 23.34830661031759, "APm": 42.303528281361494, "APl": 50.31798590406332}