{"quality": 55, "model": "R50_DC5", "elapsed": 1889.0506055355072, "tp": 26839, "fp": 16823, "precision": 0.6146992808391737, "recall": 0.7386541901747626, "f1": 0.6710001625060941, "min_score": 0.5000025629997253, "AP": 33.88524644387781, "AP50": 51.928838147786905, "AP75": 37.11315095848375, "APs": 15.432577634886696, "APm": 37.63789410908557, "APl": 47.51086799365917}