{"quality": 11, "model": "R50", "elapsed": 502.2506413459778, "tp": 32847, "fp": 445758, "precision": 0.06863070799511078, "recall": 0.9040044034677308, "f1": 0.12757602827513884, "min_score": 0.05000052601099014, "AP": 13.913182504557172, "AP50": 23.66984771551947, "AP75": 13.906844772334198, "APs": 6.367308909150301, "APm": 15.86418947733123, "APl": 19.611105081319323}