{"quality": 64, "model": "R101_C4", "elapsed": 1594.1500418186188, "tp": 27130, "fp": 15775, "precision": 0.6323272345880433, "recall": 0.7466629971102243, "f1": 0.6847551741544674, "min_score": 0.500030517578125, "AP": 36.33052649098106, "AP50": 53.34429715834024, "AP75": 39.34239557494802, "APs": 16.446756373082344, "APm": 40.39180882068531, "APl": 52.00125077460629}