{"quality": 26, "model": "R50_C4", "elapsed": 1404.0736961364746, "tp": 39135, "fp": 174250, "precision": 0.183400895095719, "recall": 1.0770606852896656, "f1": 0.31343104276790007, "min_score": 0.05000212416052818, "AP": 30.429966792987805, "AP50": 48.356783742260745, "AP75": 32.225459000350206, "APs": 13.68235611053817, "APm": 33.437595540124065, "APl": 44.62437891578113}