{"quality": 23, "model": "R50_C4", "elapsed": 1436.3321390151978, "tp": 22807, "fp": 18778, "precision": 0.5484429481784298, "recall": 0.6276868033576442, "f1": 0.5853952772073923, "min_score": 0.5000155568122864, "AP": 26.474575419069346, "AP50": 41.34560114201224, "AP75": 28.524659439542944, "APs": 10.413509755776298, "APm": 29.320673154327594, "APl": 39.81286730646082}