{"quality": 96, "model": "R101_DC5", "elapsed": 1132.3233661651611, "tp": 43669, "fp": 123852, "precision": 0.2606777657726494, "recall": 1.2018439521122883, "f1": 0.42842987206655675, "min_score": 0.05000031739473343, "AP": 40.62783948220162, "AP50": 61.652208258840716, "AP75": 44.02116183776481, "APs": 23.329149492637335, "APm": 45.02626397913965, "APl": 54.29311053403937}