{"quality": 90, "model": "R50_FPN", "elapsed": 565.7550120353699, "tp": 25639, "fp": 11202, "precision": 0.6959365923834858, "recall": 0.7056281821934773, "f1": 0.7007488794140155, "min_score": 0.5000260472297668, "AP": 36.4232541548249, "AP50": 53.62915616831017, "AP75": 40.380158468553965, "APs": 18.9138809342061, "APm": 39.76017526858424, "APl": 49.09399037388286}