{"quality": 76, "model": "R50", "elapsed": 499.23065733909607, "tp": 44726, "fp": 359162, "precision": 0.11073862060769323, "recall": 1.2309343608091372, "f1": 0.2031970160577707, "min_score": 0.050000205636024475, "AP": 37.39012633876017, "AP50": 56.53447382539286, "AP75": 39.48419406600209, "APs": 21.536404758381114, "APm": 40.78948972928224, "APl": 49.24163150304823}