{"quality": 85, "model": "R101", "elapsed": 667.5062680244446, "tp": 45413, "fp": 329643, "precision": 0.12108325156776588, "recall": 1.249841750378423, "f1": 0.22077780019494836, "min_score": 0.05000097304582596, "AP": 39.7457357139629, "AP50": 59.33459353768961, "AP75": 42.27302878288143, "APs": 23.043288549798813, "APm": 43.65693540226048, "APl": 51.40780613030991}