{"quality": 99, "model": "R101_FPN", "elapsed": 650.2463665008545, "tp": 42564, "fp": 93272, "precision": 0.31334844960098945, "recall": 1.1714325030961883, "f1": 0.49443866853302826, "min_score": 0.050000645220279694, "AP": 42.04368011353992, "AP50": 62.49805552246603, "AP75": 45.91557723206311, "APs": 25.296168782368177, "APm": 45.455654813075476, "APl": 54.64414562118858}