{"quality": 96, "model": "R50_DC5", "elapsed": 1023.46999168396, "tp": 28897, "fp": 18152, "precision": 0.614189462050203, "recall": 0.7952937938626669, "f1": 0.6931065911925549, "min_score": 0.5000002980232239, "AP": 36.72571532178618, "AP50": 55.603876114118265, "AP75": 40.29184089968846, "APs": 18.18567190204056, "APm": 41.23229300449115, "APl": 50.25365182866561}