{"quality": 93, "model": "R101_FPN", "elapsed": 647.6898393630981, "tp": 26066, "fp": 10613, "precision": 0.7106518716431746, "recall": 0.7173799367001513, "f1": 0.714000054784014, "min_score": 0.5000041723251343, "AP": 38.20292963782447, "AP50": 55.241138136877886, "AP75": 42.34251905509247, "APs": 20.618457376149276, "APm": 41.94088477667168, "APl": 51.15051275264661}