{"quality": 74, "model": "R101_C4", "elapsed": 1590.9887201786041, "tp": 27717, "fp": 16160, "precision": 0.6316977003897258, "recall": 0.7628182193477363, "f1": 0.6910936019548197, "min_score": 0.5000185370445251, "AP": 37.01279292902484, "AP50": 54.29565717377224, "AP75": 40.354255698060534, "APs": 16.821703434026443, "APm": 41.136456754246154, "APl": 52.796238339061105}