{"quality": 83, "model": "R50_DC5", "elapsed": 1023.4526219367981, "tp": 28146, "fp": 17262, "precision": 0.6198467230443975, "recall": 0.7746250172010458, "f1": 0.6886461226037702, "min_score": 0.5000415444374084, "AP": 35.97052404219048, "AP50": 54.51866098018757, "AP75": 39.18773800979867, "APs": 17.61032107352694, "APm": 39.99489212111976, "APl": 49.65845293504259}