{"quality": 21, "model": "R50_C4", "elapsed": 1467.0053486824036, "tp": 22130, "fp": 18953, "precision": 0.5386656281186866, "recall": 0.6090546305215357, "f1": 0.5717016714459171, "min_score": 0.5000068545341492, "AP": 25.001042772018316, "AP50": 39.1950483990472, "AP75": 26.842362027270223, "APs": 9.412543575869172, "APm": 27.375463497170383, "APl": 38.28151373692064}