{"quality": 78, "model": "X101", "elapsed": 2949.213014602661, "tp": 25845, "fp": 9914, "precision": 0.7227551106015269, "recall": 0.7112976468969313, "f1": 0.7169806086498184, "min_score": 0.5000014901161194, "AP": 38.63056258123097, "AP50": 55.73031805525238, "AP75": 42.80199355549261, "APs": 20.83589782882502, "APm": 41.70093264787792, "APl": 51.600660540822375}