{"quality": 97, "model": "R50_C4", "elapsed": 1302.925761461258, "tp": 42331, "fp": 138005, "precision": 0.23473405199183747, "recall": 1.1650199532131553, "f1": 0.39073987751014205, "min_score": 0.050000954419374466, "AP": 38.32375117373202, "AP50": 58.65845521267947, "AP75": 41.16454916979927, "APs": 20.598072303880446, "APm": 42.57457643529633, "APl": 52.91213611264157}