{"quality": 80, "model": "R50_DC5", "elapsed": 1025.8388261795044, "tp": 28001, "fp": 17193, "precision": 0.6195733946984113, "recall": 0.7706343745699739, "f1": 0.6868966870684051, "min_score": 0.5000098943710327, "AP": 35.753427450407735, "AP50": 54.17013377451882, "AP75": 39.03286289005065, "APs": 17.57562753945307, "APm": 39.6013722678602, "APl": 49.454630252625805}