{"quality": 11, "model": "R50_DC5", "elapsed": 1090.278757095337, "tp": 31087, "fp": 212373, "precision": 0.12768832662449683, "recall": 0.8555662584285124, "f1": 0.2222126914348005, "min_score": 0.05000099912285805, "AP": 14.583979429445609, "AP50": 25.74777801781321, "AP75": 14.486861983827678, "APs": 6.297467436367543, "APm": 16.833577130396314, "APl": 21.396096386222315}