{"quality": 52, "model": "R50_DC5", "elapsed": 1893.8567049503326, "tp": 26667, "fp": 16862, "precision": 0.6126260653816995, "recall": 0.7339204623641118, "f1": 0.6678102774717019, "min_score": 0.5000155568122864, "AP": 33.81007607097561, "AP50": 51.769910760853264, "AP75": 36.868878734994176, "APs": 15.531377354217394, "APm": 37.52209200560927, "APl": 47.4295862102893}