{"quality": 9, "model": "R101_DC5", "elapsed": 1140.7500364780426, "tp": 27200, "fp": 187074, "precision": 0.12694027273490952, "recall": 0.7485895142424659, "f1": 0.2170712145214258, "min_score": 0.05000001937150955, "AP": 11.81740102141095, "AP50": 20.41151973169341, "AP75": 12.020166239694102, "APs": 5.071249333866919, "APm": 13.271247348693263, "APl": 17.033242071901793}