{"quality": 4, "model": "R101_C4", "elapsed": 1847.4085116386414, "tp": 1862, "fp": 9742, "precision": 0.16046190968631507, "recall": 0.05124535571762763, "f1": 0.07768205427731074, "min_score": 0.5000022053718567, "AP": 1.773994324495204, "AP50": 2.9026798433758922, "AP75": 1.8506693408330892, "APs": 0.5114211659826609, "APm": 1.7242965007809867, "APl": 2.828030551292998}