{"quality": 33, "model": "R101_C4", "elapsed": 1615.366301059723, "tp": 25243, "fp": 15538, "precision": 0.6189892351830509, "recall": 0.6947295995596532, "f1": 0.6546760724103948, "min_score": 0.5000104308128357, "AP": 33.17824606366725, "AP50": 49.09543719328513, "AP75": 35.810968877471424, "APs": 13.782752756788833, "APm": 36.88002675468197, "APl": 48.896688690520186}