{"quality": 96, "model": "R101_FPN", "elapsed": 650.0740368366241, "tp": 42520, "fp": 93143, "precision": 0.3134237043261611, "recall": 1.1702215494702077, "f1": 0.49442435377155547, "min_score": 0.050000160932540894, "AP": 42.02914590150703, "AP50": 62.46800429213854, "AP75": 45.8635598981772, "APs": 25.312695462820123, "APm": 45.48407112365942, "APl": 54.76599666443545}