{"quality": 24, "model": "R101", "elapsed": 701.269225358963, "tp": 15239, "fp": 3470, "precision": 0.8145277673846811, "recall": 0.4194027796890051, "f1": 0.5537024925514133, "min_score": 0.5000173449516296, "AP": 24.758288733103452, "AP50": 35.573402103871956, "AP75": 27.192514112774308, "APs": 8.675251740506445, "APm": 27.498468886419257, "APl": 36.013195695333465}