{"quality": 93, "model": "R101", "elapsed": 667.1657700538635, "tp": 45493, "fp": 330658, "precision": 0.12094345090136674, "recall": 1.252043484243842, "f1": 0.22057960755031686, "min_score": 0.050000354647636414, "AP": 40.17054986841663, "AP50": 59.889115621693655, "AP75": 42.87623010595576, "APs": 23.77699387774378, "APm": 44.166188193055746, "APl": 52.34513210396108}