{"quality": 18, "model": "R101", "elapsed": 701.3317074775696, "tp": 13205, "fp": 3169, "precision": 0.8064614632954684, "recall": 0.36342369616072656, "f1": 0.5010529511089188, "min_score": 0.5000062584877014, "AP": 20.35260048168215, "AP50": 29.885343170831106, "AP75": 22.39129850709038, "APs": 7.071151521454591, "APm": 22.815788943169583, "APl": 29.632682756515376}