{"quality": 16, "model": "R50_DC5", "elapsed": 1077.8044662475586, "tp": 37122, "fp": 181054, "precision": 0.17014703725432678, "recall": 1.0216595569010596, "f1": 0.291712342492073, "min_score": 0.05000169947743416, "AP": 23.108398484655968, "AP50": 39.232195279689165, "AP75": 23.62672340987292, "APs": 11.432286246143315, "APm": 25.661347784811266, "APl": 33.83602409213413}