{"quality": 39, "model": "R50", "elapsed": 483.90771985054016, "tp": 16325, "fp": 3724, "precision": 0.8142550750660881, "recall": 0.44929131691206825, "f1": 0.5790649829738932, "min_score": 0.500002384185791, "AP": 27.079122227556418, "AP50": 38.369519867334326, "AP75": 29.807950408353534, "APs": 9.658675627102788, "APm": 29.85398913148709, "APl": 40.36977024158237}