{"quality": 29, "model": "R101_C4", "elapsed": 1624.8478474617004, "tp": 24675, "fp": 15404, "precision": 0.6156590733301729, "recall": 0.6790972891151782, "f1": 0.6458240636532573, "min_score": 0.5000017881393433, "AP": 32.066236119050906, "AP50": 47.892341368449735, "AP75": 34.85471020881919, "APs": 12.80315031044252, "APm": 35.87535453868322, "APl": 47.421243790147635}