{"quality": 1, "model": "R101", "elapsed": 693.7853193283081, "tp": 231, "fp": 293, "precision": 0.44083969465648853, "recall": 0.006357506536397413, "f1": 0.01253425215008546, "min_score": 0.5003063082695007, "AP": 0.5671451826642953, "AP50": 0.9650738272972293, "AP75": 0.5907816686047532, "APs": 0.1372153776156327, "APm": 0.4696930627731791, "APl": 1.0520014398117505}