{"quality": 35, "model": "X101", "elapsed": 2928.4876663684845, "tp": 39334, "fp": 72069, "precision": 0.3530784628780194, "recall": 1.0825374982798954, "f1": 0.5324831796829522, "min_score": 0.05000004544854164, "AP": 37.69058551547303, "AP50": 57.58246552696246, "AP75": 40.37972345524524, "APs": 20.760860112389295, "APm": 40.80766222835643, "APl": 50.857110223331205}