{"quality": 19, "model": "R50", "elapsed": 501.36728072166443, "tp": 40196, "fp": 414935, "precision": 0.08831742948733441, "recall": 1.1062611806797853, "f1": 0.1635759136949453, "min_score": 0.05000017210841179, "AP": 25.464180996770857, "AP50": 40.93485949343428, "AP75": 26.43845921984988, "APs": 11.909282100630927, "APm": 28.038300584230758, "APl": 35.17314029434363}