{"quality": 54, "model": "R101_FPN", "elapsed": 647.6207337379456, "tp": 24139, "fp": 9342, "precision": 0.7209760759833935, "recall": 0.6643456722168708, "f1": 0.6915033803139682, "min_score": 0.5000538229942322, "AP": 35.28740997375239, "AP50": 51.634371932636604, "AP75": 38.72822199983631, "APs": 16.902904941628993, "APm": 38.73222843284847, "APl": 48.87555218582596}