{"quality": 71, "model": "X101", "elapsed": 2947.584025621414, "tp": 40613, "fp": 68251, "precision": 0.3730618018812463, "recall": 1.117737718453282, "f1": 0.5594115661953595, "min_score": 0.05000082030892372, "AP": 41.552444653906434, "AP50": 62.04896862719789, "AP75": 44.69372760244742, "APs": 24.67523178598815, "APm": 44.89048554280335, "APl": 54.18324205378855}