{"quality": 88, "model": "R50_C4", "elapsed": 1294.100254058838, "tp": 42191, "fp": 135707, "precision": 0.2371639928498353, "recall": 1.1611669189486722, "f1": 0.3938795610386822, "min_score": 0.050000209361314774, "AP": 38.091767782927526, "AP50": 58.08170065734885, "AP75": 40.97671077699673, "APs": 19.800911316960264, "APm": 42.17689082594462, "APl": 52.72489456316652}