{"quality": 48, "model": "R50_C4", "elapsed": 1373.4052181243896, "tp": 25807, "fp": 16865, "precision": 0.604775965504312, "recall": 0.7102518233108573, "f1": 0.6532838862379283, "min_score": 0.5000067353248596, "AP": 32.50252835889406, "AP50": 49.15636245681533, "AP75": 35.37337351712796, "APs": 13.702088728759776, "APm": 35.891367075247715, "APl": 47.79225092034747}