{"quality": 33, "model": "R101_FPN", "elapsed": 649.991327047348, "tp": 40190, "fp": 94643, "precision": 0.2980724303397536, "recall": 1.106096050639879, "f1": 0.4695971209571883, "min_score": 0.05000089108943939, "AP": 36.30164480036183, "AP50": 55.85630519417043, "AP75": 39.169601720146375, "APs": 19.40624415492683, "APm": 39.34393344290522, "APl": 49.73240682327012}