{"quality": 84, "model": "R101_DC5", "elapsed": 1132.7807929515839, "tp": 43434, "fp": 121895, "precision": 0.26271253077197587, "recall": 1.19537635888262, "f1": 0.4307561091716916, "min_score": 0.050000306218862534, "AP": 39.91404853301606, "AP50": 60.86136451834185, "AP75": 42.82545968774399, "APs": 22.245922375080855, "APm": 44.24354102610032, "APl": 53.79990369646354}