{"quality": 37, "model": "R101_C4", "elapsed": 1612.754492521286, "tp": 41319, "fp": 131017, "precision": 0.23975837898059604, "recall": 1.137168019815605, "f1": 0.39602052992509734, "min_score": 0.05000099167227745, "AP": 36.4780613009585, "AP50": 55.50679642735871, "AP75": 39.03916635513146, "APs": 16.931088556789085, "APm": 40.56379428331176, "APl": 51.98699186753397}