{"quality": 32, "model": "R50", "elapsed": 483.77852416038513, "tp": 15625, "fp": 3621, "precision": 0.8118570092486751, "recall": 0.43002614558965185, "f1": 0.5622424929382344, "min_score": 0.5000163912773132, "AP": 25.643525950515084, "AP50": 36.56745532564109, "AP75": 28.43978776745616, "APs": 8.889860715307176, "APm": 27.958965595906744, "APl": 38.53153016235288}