{"quality": 3, "model": "R50_FPN", "elapsed": 478.7690327167511, "tp": 2272, "fp": 170320, "precision": 0.013163993696115695, "recall": 0.06252924177790009, "f1": 0.021749223412962423, "min_score": 0.05000072717666626, "AP": 1.0065649539125183, "AP50": 1.9264758661010173, "AP75": 0.9850628021776066, "APs": 0.48674197294364013, "APm": 0.9787522981540349, "APl": 1.715291078054766}