{"quality": 15, "model": "R50_DC5", "elapsed": 1082.8310556411743, "tp": 36257, "fp": 186980, "precision": 0.16241483266662785, "recall": 0.9978533094812164, "f1": 0.27935986932334766, "min_score": 0.05000070109963417, "AP": 21.70611739563468, "AP50": 36.873944245952586, "AP75": 22.440083838763062, "APs": 10.251857997707042, "APm": 24.27648896410984, "APl": 31.849714201228334}