{"quality": 38, "model": "R50", "elapsed": 499.7815787792206, "tp": 43418, "fp": 375352, "precision": 0.10367982424720014, "recall": 1.1949360121095363, "f1": 0.190804319882225, "min_score": 0.05000026151537895, "AP": 33.82632237245447, "AP50": 51.98308265059923, "AP75": 35.668200871215724, "APs": 17.11296042913655, "APm": 37.194711550566204, "APl": 45.69406455168986}