{"quality": 77, "model": "R50_DC5", "elapsed": 1034.9275305271149, "tp": 27906, "fp": 17284, "precision": 0.6175260013277274, "recall": 0.7680198156047888, "f1": 0.6845998160073598, "min_score": 0.5000059008598328, "AP": 35.659809519266425, "AP50": 54.210707439027075, "AP75": 38.88472195120205, "APs": 17.205740004484326, "APm": 39.50313569941847, "APl": 49.43486504967346}