{"quality": 6, "model": "R50", "elapsed": 500.2827522754669, "tp": 18379, "fp": 451908, "precision": 0.03908039133550364, "recall": 0.5058208339067015, "f1": 0.07255508051367686, "min_score": 0.05000094324350357, "AP": 4.415180747043747, "AP50": 7.82239775415368, "AP75": 4.2781925018963465, "APs": 1.8264859505781204, "APm": 5.179189339428449, "APl": 6.696051299753718}