{"quality": 48, "model": "R50_FPN", "elapsed": 485.80172181129456, "tp": 41156, "fp": 108044, "precision": 0.2758445040214477, "recall": 1.1326819870648135, "f1": 0.44364675128681924, "min_score": 0.05000057443976402, "AP": 36.76637221365813, "AP50": 56.77348312131024, "AP75": 39.60854018263707, "APs": 20.165855374305657, "APm": 40.02160276782039, "APl": 49.01814202361233}