{"quality": 31, "model": "X101", "elapsed": 2950.3429181575775, "tp": 22930, "fp": 9285, "precision": 0.7117802266025144, "recall": 0.6310719691757258, "f1": 0.6690007293946024, "min_score": 0.5000728964805603, "AP": 33.15193806769462, "AP50": 49.22479699874713, "AP75": 36.11412775900558, "APs": 15.65008861382719, "APm": 35.972124755535404, "APl": 46.3982791068059}