{"quality": 88, "model": "X101", "elapsed": 2950.7759339809418, "tp": 26288, "fp": 10264, "precision": 0.7191945721164369, "recall": 0.7234897481766891, "f1": 0.7213357663232125, "min_score": 0.5000085830688477, "AP": 39.252140529502825, "AP50": 56.5543404522423, "AP75": 43.41880367437007, "APs": 22.01462269284283, "APm": 42.40722113430284, "APl": 52.02460329213332}