{"quality": 17, "model": "X101", "elapsed": 2945.666106700897, "tp": 34558, "fp": 83064, "precision": 0.2938055805886654, "recall": 0.95109398651438, "f1": 0.4489305455419371, "min_score": 0.05000102147459984, "AP": 26.442585566763217, "AP50": 42.94366242833178, "AP75": 27.77253670429965, "APs": 13.22593389597699, "APm": 29.482492986867044, "APl": 35.90286233425877}