{"quality": 37, "model": "R50", "elapsed": 499.67621541023254, "tp": 43417, "fp": 376679, "precision": 0.10335018662400974, "recall": 1.1949084904362186, "f1": 0.1902456231062307, "min_score": 0.05000096186995506, "AP": 33.61504111990593, "AP50": 51.59714884851858, "AP75": 35.479414009365996, "APs": 17.104034689551344, "APm": 36.75324815918957, "APl": 45.19463699023188}