{"quality": 68, "model": "R101_DC5", "elapsed": 1127.1892478466034, "tp": 27814, "fp": 16344, "precision": 0.6298745414194483, "recall": 0.7654878216595569, "f1": 0.691091150783298, "min_score": 0.5000137090682983, "AP": 36.50856814851058, "AP50": 54.58735208363913, "AP75": 39.58992416284849, "APs": 16.920471942201154, "APm": 40.57255705242063, "APl": 51.193216456299716}