{"quality": 75, "model": "R50_FPN", "elapsed": 562.0717985630035, "tp": 24866, "fp": 10574, "precision": 0.7016365688487585, "recall": 0.6843539287188661, "f1": 0.6928874956461164, "min_score": 0.5000280141830444, "AP": 35.38570933816904, "AP50": 52.25217256472199, "AP75": 39.17339180252462, "APs": 17.54136323196444, "APm": 38.69555215392102, "APl": 48.32603950802765}