{"quality": 62, "model": "R50_FPN", "elapsed": 485.2679076194763, "tp": 41737, "fp": 106369, "precision": 0.28180492350073594, "recall": 1.1486720792624192, "f1": 0.45257833128209013, "min_score": 0.050002727657556534, "AP": 38.02076322656281, "AP50": 58.18364501544963, "AP75": 41.268877324546644, "APs": 21.25736298905322, "APm": 41.05017148876564, "APl": 50.29902633373678}