{"quality": 98, "model": "R101", "elapsed": 667.5117976665497, "tp": 45564, "fp": 330313, "precision": 0.12122050564413359, "recall": 1.2539975230494014, "f1": 0.22107071118744726, "min_score": 0.05000041052699089, "AP": 40.42076958105794, "AP50": 60.23905508705957, "AP75": 43.164983184726665, "APs": 24.038835082368884, "APm": 44.39085441259931, "APl": 52.190180967824354}