{"quality": 62, "model": "X101", "elapsed": 2951.2812390327454, "tp": 25117, "fp": 9514, "precision": 0.7252750425918975, "recall": 0.6912618687216183, "f1": 0.707860102020686, "min_score": 0.5000112652778625, "AP": 37.48873884470131, "AP50": 54.335585634287, "AP75": 41.51953991196658, "APs": 19.295940593225982, "APm": 40.902209295187866, "APl": 50.393073674247155}