{"quality": 52, "model": "R101_DC5", "elapsed": 1128.0694274902344, "tp": 27088, "fp": 16168, "precision": 0.6262252635472536, "recall": 0.7455070868308793, "f1": 0.6806799763792388, "min_score": 0.5000123381614685, "AP": 35.33250464803558, "AP50": 53.23210656407657, "AP75": 38.34275144280725, "APs": 16.12123702778444, "APm": 39.12939535779121, "APl": 49.803139770359564}