{"quality": 38, "model": "R50_DC5", "elapsed": 1046.177917957306, "tp": 41519, "fp": 136508, "precision": 0.2332174333106776, "recall": 1.1426723544791524, "f1": 0.38737276196340775, "min_score": 0.050000015646219254, "AP": 34.72123817627644, "AP50": 55.12962185557516, "AP75": 36.91626033180024, "APs": 16.540173898713665, "APm": 38.380309357493076, "APl": 48.274677419081236}