{"quality": 10, "model": "R50_C4", "elapsed": 1810.5153539180756, "tp": 27722, "fp": 290105, "precision": 0.08722355243575908, "recall": 0.762955827714325, "f1": 0.15654982748007973, "min_score": 0.050000179558992386, "AP": 12.371516052071314, "AP50": 21.379390559065712, "AP75": 12.512859580139704, "APs": 4.965621177452231, "APm": 13.896835735477358, "APl": 19.35538786828993}