{"quality": 65, "model": "R50_C4", "elapsed": 1368.6573388576508, "tp": 26594, "fp": 16697, "precision": 0.614307823797094, "recall": 0.7319113802119169, "f1": 0.6679727727124306, "min_score": 0.5000201463699341, "AP": 34.04394916714909, "AP50": 50.92867578755769, "AP75": 37.09562650305601, "APs": 15.302343157344097, "APm": 37.47182206902335, "APl": 48.947832039733306}