{"quality": 49, "model": "X101", "elapsed": 2948.751875638962, "tp": 39921, "fp": 69595, "precision": 0.3645220789656306, "recall": 1.0986927205174075, "f1": 0.5474216837731658, "min_score": 0.0500006340444088, "AP": 39.787387699939444, "AP50": 59.935333957762346, "AP75": 42.70005607918385, "APs": 22.40764600374893, "APm": 42.82719506521111, "APl": 52.73357002444452}