{"quality": 14, "model": "R101_C4", "elapsed": 1746.9558420181274, "tp": 18688, "fp": 15435, "precision": 0.5476657972628433, "recall": 0.5143250309618825, "f1": 0.5304720542734678, "min_score": 0.5000277161598206, "AP": 19.84919580930855, "AP50": 31.104748259911446, "AP75": 21.280039182334274, "APs": 7.327176327371062, "APm": 22.122678400662203, "APl": 30.284369583442416}