{"quality": 96, "model": "X101", "elapsed": 2949.311393737793, "tp": 26590, "fp": 10432, "precision": 0.7182215979687753, "recall": 0.731801293518646, "f1": 0.7249478577368214, "min_score": 0.5000118613243103, "AP": 39.61146246326759, "AP50": 56.98109999737247, "AP75": 43.924465912146985, "APs": 22.55306596198266, "APm": 42.87123714670779, "APl": 52.14685095805528}