{"quality": 46, "model": "R50_DC5", "elapsed": 1902.4476668834686, "tp": 26385, "fp": 16787, "precision": 0.6111600111183174, "recall": 0.7261593504885097, "f1": 0.6637151445784648, "min_score": 0.5000189542770386, "AP": 33.35031536765477, "AP50": 51.153531712626396, "AP75": 36.50304134268856, "APs": 14.719130535363616, "APm": 36.8878879130532, "APl": 46.89527610001182}