{"quality": 44, "model": "R101_DC5", "elapsed": 1135.5955231189728, "tp": 42190, "fp": 124152, "precision": 0.2536340791862548, "recall": 1.1611393972753543, "f1": 0.4163274569882128, "min_score": 0.05000003054738045, "AP": 37.117315266550214, "AP50": 57.43828167426766, "AP75": 39.69530083176041, "APs": 18.23146643392226, "APm": 41.060908256204755, "APl": 51.37076479700918}