{"quality": 42, "model": "X101", "elapsed": 2950.627866744995, "tp": 24033, "fp": 9420, "precision": 0.7184109048515828, "recall": 0.6614283748451906, "f1": 0.6887430503811544, "min_score": 0.5000316500663757, "AP": 35.48173811480384, "AP50": 51.957683378644745, "AP75": 38.896127676053496, "APs": 17.285747663462917, "APm": 38.55949982967398, "APl": 48.726121160186004}