{"quality": 28, "model": "R101_DC5", "elapsed": 1130.7174746990204, "tp": 24937, "fp": 15749, "precision": 0.6129135329105835, "recall": 0.6863079675244255, "f1": 0.6475376845275964, "min_score": 0.5000059604644775, "AP": 31.32843062750159, "AP50": 48.19445161058168, "AP75": 33.6092248824709, "APs": 13.298316855337406, "APm": 34.7946711486903, "APl": 45.3066201852663}