{"quality": 63, "model": "R50", "elapsed": 483.641352891922, "tp": 17492, "fp": 3865, "precision": 0.81902888982535, "recall": 0.4814091096738682, "f1": 0.6063925674270263, "min_score": 0.5000036358833313, "AP": 29.533955370170396, "AP50": 41.63036254495993, "AP75": 32.48457285277914, "APs": 11.491648842262068, "APm": 32.55765021044167, "APl": 42.77057946700935}