{"quality": 4, "model": "R50_FPN", "elapsed": 478.93866777420044, "tp": 4566, "fp": 148251, "precision": 0.029878874732523215, "recall": 0.12566396036879043, "f1": 0.048278633057012355, "min_score": 0.0500001385807991, "AP": 1.6516829108643383, "AP50": 3.100197120255507, "AP75": 1.5573517906256777, "APs": 0.6771534085865714, "APm": 1.7529699385351132, "APl": 2.7976001543388334}