{"quality": 81, "model": "R101_DC5", "elapsed": 1132.81236743927, "tp": 43324, "fp": 121072, "precision": 0.26353439256429595, "recall": 1.192348974817669, "f1": 0.43166227438711513, "min_score": 0.05000009760260582, "AP": 39.66127702676111, "AP50": 60.48134548629515, "AP75": 42.76337820050491, "APs": 21.160769564100928, "APm": 43.732338608220175, "APl": 53.557179844611305}