{"quality": 34, "model": "X101", "elapsed": 2923.289273262024, "tp": 39159, "fp": 72115, "precision": 0.3519150924744325, "recall": 1.0777212054492913, "f1": 0.5305774038168404, "min_score": 0.050000209361314774, "AP": 37.40927769917317, "AP50": 57.19008075111647, "AP75": 39.885805467735835, "APs": 20.409090374364798, "APm": 40.442063362150435, "APl": 50.415363790375736}