{"quality": 58, "model": "R101", "elapsed": 668.3973064422607, "tp": 44682, "fp": 335592, "precision": 0.11749948721185251, "recall": 1.2297234071831566, "f1": 0.21450328725495607, "min_score": 0.050000861287117004, "AP": 37.887139190290796, "AP50": 57.0125613857715, "AP75": 40.16993912098569, "APs": 19.981662821312597, "APm": 41.641793195200556, "APl": 49.73727335861279}