{"quality": 9, "model": "R50_DC5", "elapsed": 1038.0388736724854, "tp": 11919, "fp": 15405, "precision": 0.4362099253403601, "recall": 0.32803082427411584, "f1": 0.37446394068395666, "min_score": 0.5000528693199158, "AP": 9.128097100675879, "AP50": 15.696135148692536, "AP75": 9.184621150695534, "APs": 3.902576321208198, "APm": 10.75707242595923, "APl": 13.163280247099577}