{"quality": 98, "model": "R50_FPN", "elapsed": 485.7667737007141, "tp": 42780, "fp": 107731, "precision": 0.2842317172831222, "recall": 1.1773771845328196, "f1": 0.45791721524678086, "min_score": 0.05000055581331253, "AP": 40.25215083589571, "AP50": 60.969454667971625, "AP75": 43.87250593730084, "APs": 24.133546626945158, "APm": 43.560794250630714, "APl": 51.94335253032452}