{"quality": 98, "model": "R50", "elapsed": 484.1476683616638, "tp": 18866, "fp": 4341, "precision": 0.8129443702331193, "recall": 0.5192238888124397, "f1": 0.6337039400759127, "min_score": 0.5000004768371582, "AP": 31.57566183280447, "AP50": 44.40667073624877, "AP75": 35.00869043169449, "APs": 14.03355615727249, "APm": 34.88697351578512, "APl": 44.100840629163024}