{"quality": 61, "model": "X101", "elapsed": 2949.097329854965, "tp": 25076, "fp": 9544, "precision": 0.7243212016175621, "recall": 0.6901334801155911, "f1": 0.7068141780001409, "min_score": 0.500031054019928, "AP": 37.39028943542556, "AP50": 54.2189875157523, "AP75": 41.30787991982005, "APs": 19.402328234432943, "APm": 40.679355079726534, "APl": 50.5061674090239}