{"quality": 18, "model": "R50_FPN", "elapsed": 484.105530500412, "tp": 36842, "fp": 123840, "precision": 0.22928517195454376, "recall": 1.013953488372093, "f1": 0.3739981828979225, "min_score": 0.05000026896595955, "AP": 25.75498188231311, "AP50": 42.37709310911377, "AP75": 26.984453577024343, "APs": 12.899263740551364, "APm": 28.2292034286563, "APl": 36.00656480879184}