{"quality": 38, "model": "R50_C4", "elapsed": 1338.4347093105316, "tp": 40402, "fp": 152502, "precision": 0.20944096545431926, "recall": 1.1119306453832394, "f1": 0.35248801469208996, "min_score": 0.050000499933958054, "AP": 33.96771427608972, "AP50": 52.931710276901825, "AP75": 36.361714004139586, "APs": 15.506107515394168, "APm": 37.73965132661968, "APl": 48.73394752118295}