{"quality": 61, "model": "R50_DC5", "elapsed": 1888.3932790756226, "tp": 26966, "fp": 16846, "precision": 0.6154934721080982, "recall": 0.7421494426861153, "f1": 0.6729135214044194, "min_score": 0.5000408291816711, "AP": 34.415108344257824, "AP50": 52.42822246191404, "AP75": 37.61228440588141, "APs": 15.996850119841058, "APm": 38.29861330474381, "APl": 47.78459824877095}