{"quality": 37, "model": "X101", "elapsed": 2951.6923813819885, "tp": 23689, "fp": 9381, "precision": 0.7163289990928334, "recall": 0.6519609192238888, "f1": 0.6826309343707226, "min_score": 0.5000197291374207, "AP": 34.803021284587935, "AP50": 51.223649278878824, "AP75": 37.9797128450837, "APs": 16.68007751754205, "APm": 37.802070027163964, "APl": 48.40413622743867}