{"quality": 74, "model": "R50_C4", "elapsed": 1296.275297164917, "tp": 41693, "fp": 135877, "precision": 0.23479754463028665, "recall": 1.1474611256364387, "f1": 0.3898272597648489, "min_score": 0.05000043660402298, "AP": 37.16305722271299, "AP50": 57.07912683593883, "AP75": 39.62629652731378, "APs": 19.350161225347286, "APm": 41.10575494404643, "APl": 52.279766139702964}