{"quality": 29, "model": "R101_C4", "elapsed": 1628.3285109996796, "tp": 40517, "fp": 137298, "precision": 0.22786041672524815, "recall": 1.1150956378147792, "f1": 0.3783983189353257, "min_score": 0.05000019818544388, "AP": 34.706944310836995, "AP50": 53.255550638703866, "AP75": 37.08680897638762, "APs": 15.389053277647898, "APm": 38.570943572839084, "APl": 49.92484063024084}