{"quality": 19, "model": "R50_FPN", "elapsed": 484.30279779434204, "tp": 37418, "fp": 123254, "precision": 0.23288438558056165, "recall": 1.0298059722031099, "f1": 0.379864674859269, "min_score": 0.050000403076410294, "AP": 26.70299668680257, "AP50": 43.6660789718866, "AP75": 27.90270357340905, "APs": 13.698834907742235, "APm": 29.16424215409798, "APl": 36.90095271235766}