{"quality": 64, "model": "R50_C4", "elapsed": 1370.5780301094055, "tp": 26493, "fp": 16824, "precision": 0.611607452039615, "recall": 0.7291316912068254, "f1": 0.6652187013508764, "min_score": 0.5000253319740295, "AP": 33.766125538639294, "AP50": 50.72914768175502, "AP75": 36.926302973745834, "APs": 15.169000841745635, "APm": 37.15767019575099, "APl": 48.61166823818315}