{"quality": 38, "model": "R50", "elapsed": 484.19571328163147, "tp": 16272, "fp": 3691, "precision": 0.8151079497069579, "recall": 0.44783266822622814, "f1": 0.5780667164020037, "min_score": 0.50002521276474, "AP": 27.038439933148535, "AP50": 38.399778579630386, "AP75": 29.925833905156978, "APs": 10.105905077740042, "APm": 29.790665578865706, "APl": 40.125608903567276}