{"quality": 94, "model": "R101", "elapsed": 696.4024577140808, "tp": 19542, "fp": 4355, "precision": 0.8177595514081265, "recall": 0.5378285399752305, "f1": 0.6488909549741002, "min_score": 0.5000024437904358, "AP": 33.36823953899828, "AP50": 46.640705667389376, "AP75": 36.81712447605539, "APs": 15.071317487514225, "APm": 37.06038351636005, "APl": 45.9650037799034}