{"quality": 15, "model": "R50_C4", "elapsed": 1632.4854056835175, "tp": 34759, "fp": 238415, "precision": 0.12724124550652696, "recall": 0.9566258428512453, "f1": 0.22460736198301176, "min_score": 0.050000060349702835, "AP": 20.900156346523815, "AP50": 34.853548157713206, "AP75": 21.57575771314598, "APs": 8.414837336357458, "APm": 23.28632532701182, "APl": 31.769214282580254}