{"quality": 75, "model": "R50_FPN", "elapsed": 485.57172679901123, "tp": 42135, "fp": 105636, "precision": 0.2851371378687293, "recall": 1.1596257052428787, "f1": 0.4577254407786818, "min_score": 0.05000121891498566, "AP": 39.03235296945996, "AP50": 59.49594109490752, "AP75": 42.36179675568547, "APs": 22.66125461973862, "APm": 42.22532971511201, "APl": 51.10552509989559}