{"quality": 17, "model": "R101_C4", "elapsed": 1703.0743653774261, "tp": 37267, "fp": 165143, "precision": 0.1841163974111951, "recall": 1.0256501995321317, "f1": 0.31219083122159624, "min_score": 0.05000064894556999, "AP": 26.806874055766677, "AP50": 42.83712060403187, "AP75": 27.988810242318422, "APs": 11.647149394089471, "APm": 29.77323257806979, "APl": 39.3692782868363}