{"quality": 14, "model": "R101_FPN", "elapsed": 647.7906205654144, "tp": 33306, "fp": 108122, "precision": 0.23549792120372204, "recall": 0.9166368515205725, "f1": 0.3747236489033151, "min_score": 0.05000177398324013, "AP": 21.01540409639032, "AP50": 34.69938727690338, "AP75": 21.751717608636056, "APs": 10.094403689674456, "APm": 23.252557509357086, "APl": 29.249780055232005}