{"quality": 26, "model": "R50_DC5", "elapsed": 1061.1740159988403, "tp": 40485, "fp": 149473, "precision": 0.21312605944471935, "recall": 1.1142149442686116, "f1": 0.3578104492847768, "min_score": 0.050000570714473724, "AP": 31.324150148226472, "AP50": 50.63841615637313, "AP75": 33.1967872758885, "APs": 15.304633009549912, "APm": 34.64780093493411, "APl": 44.10108042495182}