{"quality": 77, "model": "X101", "elapsed": 2953.4675617218018, "tp": 40850, "fp": 68366, "precision": 0.3740294462349839, "recall": 1.1242603550295858, "f1": 0.5613152778064047, "min_score": 0.05000011995434761, "AP": 41.97674114845756, "AP50": 62.542692060256, "AP75": 45.38464000760254, "APs": 25.274956406169075, "APm": 45.1420025573029, "APl": 54.064586212668786}