{"quality": 60, "model": "R50_DC5", "elapsed": 993.9950773715973, "tp": 42193, "fp": 129559, "precision": 0.2456623503656435, "recall": 1.1612219622953075, "f1": 0.40553230139316726, "min_score": 0.05000065639615059, "AP": 36.78743450565377, "AP50": 57.60180469626208, "AP75": 39.49574362104351, "APs": 18.028364741224696, "APm": 40.690075828843156, "APl": 50.36572994540227}