{"quality": 61, "model": "R101_DC5", "elapsed": 1133.8334197998047, "tp": 42580, "fp": 121945, "precision": 0.25880565263637745, "recall": 1.171872849869272, "f1": 0.4239768993328687, "min_score": 0.05000021681189537, "AP": 38.298513704262795, "AP50": 58.92420593454927, "AP75": 40.6552339001609, "APs": 19.499936719127035, "APm": 42.31738823130158, "APl": 52.51689874807421}