{"quality": 42, "model": "R50", "elapsed": 484.12580490112305, "tp": 16496, "fp": 3641, "precision": 0.8191885583751304, "recall": 0.4539975230494014, "f1": 0.5842187278651367, "min_score": 0.5000063180923462, "AP": 27.382054981461057, "AP50": 38.837296463040126, "AP75": 30.16436531985035, "APs": 9.992365966427577, "APm": 30.05898671625269, "APl": 40.61073338646367}