{"quality": 13, "model": "R50_DC5", "elapsed": 1082.5445868968964, "tp": 34256, "fp": 198923, "precision": 0.14690859811561074, "recall": 0.9427824411724233, "f1": 0.2542057184413426, "min_score": 0.05000004917383194, "AP": 18.62937546037002, "AP50": 32.108251231540606, "AP75": 19.105696169747105, "APs": 8.84006584559163, "APm": 20.873460008175584, "APl": 27.12522763095857}