{"quality": 43, "model": "R50", "elapsed": 483.89003920555115, "tp": 16525, "fp": 3692, "precision": 0.8173814116832369, "recall": 0.4547956515756158, "f1": 0.5844178808883859, "min_score": 0.5000002980232239, "AP": 27.456400056493564, "AP50": 38.804359338193976, "AP75": 30.211982200159753, "APs": 10.333510891241374, "APm": 30.268295188039957, "APl": 40.613672886154745}