{"quality": 25, "model": "R50", "elapsed": 483.9008204936981, "tp": 14537, "fp": 3458, "precision": 0.8078355098638511, "recall": 0.4000825650199532, "f1": 0.5351371249769925, "min_score": 0.500006377696991, "AP": 23.176093388259222, "AP50": 33.44271726532384, "AP75": 25.754529992164855, "APs": 7.807177230887094, "APm": 25.780117248170953, "APl": 34.98036752231882}