{"quality": 87, "model": "R101_FPN", "elapsed": 647.9969174861908, "tp": 25798, "fp": 10374, "precision": 0.713203582881787, "recall": 0.7100041282509977, "f1": 0.7116002592853103, "min_score": 0.5000112056732178, "AP": 37.951246380130264, "AP50": 54.771539961365434, "AP75": 41.79611817425017, "APs": 20.140748454283973, "APm": 41.4428058080961, "APl": 51.05665947971938}