{"quality": 46, "model": "R101_DC5", "elapsed": 1133.8682296276093, "tp": 42319, "fp": 123864, "precision": 0.2546530030147488, "recall": 1.1646896931333426, "f1": 0.41792828291806156, "min_score": 0.05000089108943939, "AP": 37.360028161832815, "AP50": 57.81095071645069, "AP75": 40.07515465543629, "APs": 18.419114904711098, "APm": 41.391111216396425, "APl": 51.60167153893336}