{"quality": 57, "model": "R50_DC5", "elapsed": 982.9278790950775, "tp": 42197, "fp": 130130, "precision": 0.24486586547668096, "recall": 1.1613320489885786, "f1": 0.4044531347346426, "min_score": 0.0500006377696991, "AP": 36.52668650664525, "AP50": 57.36783207857186, "AP75": 39.4254637459563, "APs": 18.16610859490623, "APm": 40.353819835782815, "APl": 50.10753082713576}