{"quality": 5, "model": "R50", "elapsed": 478.5475125312805, "tp": 1232, "fp": 1245, "precision": 0.497375857892612, "recall": 0.03390670152745287, "f1": 0.06348551994228589, "min_score": 0.500018835067749, "AP": 1.9157213828572706, "AP50": 3.0912589885966355, "AP75": 2.047285873877539, "APs": 0.5686834433094274, "APm": 2.1185759695226043, "APl": 2.796655460721083}