{"quality": 33, "model": "R50", "elapsed": 499.6740417480469, "tp": 43066, "fp": 381556, "precision": 0.10142197059973342, "recall": 1.1852483831016927, "f1": 0.18685473916222123, "min_score": 0.05000058561563492, "AP": 32.84466272487572, "AP50": 50.74593038559766, "AP75": 34.560565740730084, "APs": 18.005855234925296, "APm": 35.987268631161925, "APl": 44.62028342392689}