{"quality": 79, "model": "R101_FPN", "elapsed": 648.2046391963959, "tp": 25283, "fp": 10011, "precision": 0.7163540545135151, "recall": 0.6958304664923627, "f1": 0.7059431235951918, "min_score": 0.5000710487365723, "AP": 37.31942456748955, "AP50": 54.10919971457966, "AP75": 41.40177160277217, "APs": 19.470865562573962, "APm": 40.88465009077717, "APl": 50.552499768556636}