{"quality": 76, "model": "R50_C4", "elapsed": 1297.3202192783356, "tp": 41669, "fp": 136038, "precision": 0.23448147793840424, "recall": 1.146800605476813, "f1": 0.38935349137085246, "min_score": 0.050000060349702835, "AP": 37.32185631248451, "AP50": 57.140277703377585, "AP75": 40.1962286884009, "APs": 18.83957261191351, "APm": 41.27426658054615, "APl": 52.41692207217967}