{"quality": 35, "model": "R101_DC5", "elapsed": 1135.4879758358002, "tp": 41663, "fp": 127829, "precision": 0.24581101172916717, "recall": 1.1466354754369066, "f1": 0.4048351285302706, "min_score": 0.050000835210084915, "AP": 35.67244884624438, "AP50": 55.72123670617447, "AP75": 37.708543883083046, "APs": 17.092529324118047, "APm": 39.19350590244333, "APl": 49.63154601464706}