{"quality": 64, "model": "R101_C4", "elapsed": 1598.5673789978027, "tp": 42047, "fp": 124437, "precision": 0.2525588044496768, "recall": 1.1572037979909178, "f1": 0.4146258486630937, "min_score": 0.05000053718686104, "AP": 39.004703429397956, "AP50": 58.652564659901685, "AP75": 41.62532155710563, "APs": 19.730991948265324, "APm": 43.367495828071505, "APl": 54.27809471600204}