{"quality": 21, "model": "X101", "elapsed": 2950.8126406669617, "tp": 20351, "fp": 9178, "precision": 0.689186901012564, "recall": 0.5600935736892803, "f1": 0.617970363172598, "min_score": 0.5000172853469849, "AP": 27.510694977959062, "AP50": 41.96592613820184, "AP75": 29.851139444927604, "APs": 12.056192804001938, "APm": 30.825020198438335, "APl": 38.46883288943076}