{"quality": 28, "model": "R101_C4", "elapsed": 1630.536340713501, "tp": 40354, "fp": 137868, "precision": 0.2264254693584406, "recall": 1.110609605063988, "f1": 0.3761611133638147, "min_score": 0.05000055208802223, "AP": 34.27616607026096, "AP50": 52.678319540538645, "AP75": 36.35358993013183, "APs": 15.479068370465484, "APm": 38.17786748198396, "APl": 49.60550378487571}