{"quality": 58, "model": "R50_DC5", "elapsed": 990.1151969432831, "tp": 42141, "fp": 129905, "precision": 0.24494030666217176, "recall": 1.1597908352827853, "f1": 0.40446105930962994, "min_score": 0.050000015646219254, "AP": 36.66065104605674, "AP50": 57.370716738779, "AP75": 39.5147425857448, "APs": 18.10165114706433, "APm": 40.47498871531741, "APl": 50.24582305231402}