{"quality": 37, "model": "R101", "elapsed": 701.9740264415741, "tp": 16936, "fp": 3738, "precision": 0.8191931895133985, "recall": 0.466107059309206, "f1": 0.5941518005928889, "min_score": 0.5000033974647522, "AP": 28.672360473436836, "AP50": 40.31217015964531, "AP75": 31.80564848199316, "APs": 11.21860894240191, "APm": 31.419908263275904, "APl": 41.50507104636081}