{"quality": 31, "model": "R101", "elapsed": 701.8136603832245, "tp": 16339, "fp": 3668, "precision": 0.8166641675413605, "recall": 0.4496766203385166, "f1": 0.5799936104504633, "min_score": 0.5000631213188171, "AP": 27.405139846934677, "AP50": 38.80259505863625, "AP75": 30.135401321554173, "APs": 10.209219885321493, "APm": 30.227475375672718, "APl": 39.575347564906785}