{"quality": 28, "model": "R50_DC5", "elapsed": 1058.9339356422424, "tp": 40771, "fp": 145708, "precision": 0.2186358785707774, "recall": 1.1220861428374844, "f1": 0.36596443670505446, "min_score": 0.050000716000795364, "AP": 32.18438451493331, "AP50": 51.79105406638848, "AP75": 33.6669452334118, "APs": 14.81409852809367, "APm": 35.6137480241922, "APl": 45.41076836506858}