{"quality": 38, "model": "R101", "elapsed": 701.5526661872864, "tp": 17070, "fp": 3758, "precision": 0.8195698098713271, "recall": 0.46979496353378286, "f1": 0.5972394730857373, "min_score": 0.5000004768371582, "AP": 29.034576786780804, "AP50": 40.88187155640144, "AP75": 32.00975687661209, "APs": 11.406101020629231, "APm": 31.88914846076668, "APl": 41.671812791994924}