{"quality": 101, "model": "R50_DC5", "elapsed": 967.1840031147003, "tp": 43399, "fp": 129690, "precision": 0.25073228223630617, "recall": 1.1944131003164993, "f1": 0.4144606157842463, "min_score": 0.050002571195364, "AP": 39.05237365622733, "AP50": 60.484178057967306, "AP75": 42.29009653606845, "APs": 21.44914996781, "APm": 43.53202204598796, "APl": 52.55883546600083}