{"quality": 69, "model": "R50_FPN", "elapsed": 485.25852394104004, "tp": 41915, "fp": 105761, "precision": 0.283830818819578, "recall": 1.1535709371129765, "f1": 0.4555705908885882, "min_score": 0.05000282824039459, "AP": 38.708605898851, "AP50": 59.08534194089556, "AP75": 42.05781344095211, "APs": 22.287960322258545, "APm": 41.63297867408426, "APl": 50.91267344664121}