{"quality": 17, "model": "R101_C4", "elapsed": 1699.1312673091888, "tp": 20893, "fp": 15673, "precision": 0.5713777826396106, "recall": 0.5750103206274941, "f1": 0.5731882964568388, "min_score": 0.5000469088554382, "AP": 24.097109228598693, "AP50": 37.22092529025596, "AP75": 25.79764655188067, "APs": 9.22830509901526, "APm": 26.922843688448257, "APl": 36.09884832309271}