{"quality": 39, "model": "X101", "elapsed": 2948.220303297043, "tp": 23892, "fp": 9423, "precision": 0.7171544349392166, "recall": 0.6575478189073896, "f1": 0.6860588657573583, "min_score": 0.5000154376029968, "AP": 35.242594724145555, "AP50": 51.86793334840753, "AP75": 38.52752793210092, "APs": 17.165012174726147, "APm": 38.33138561135275, "APl": 48.77941326557412}