{"quality": 30, "model": "R101_DC5", "elapsed": 1130.161281824112, "tp": 25240, "fp": 15816, "precision": 0.6147700701480904, "recall": 0.6946470345397, "f1": 0.6522722280368519, "min_score": 0.5000163316726685, "AP": 32.00323361365304, "AP50": 48.939827970217934, "AP75": 34.37469236897605, "APs": 13.744992289114164, "APm": 35.740531032383934, "APl": 45.6021031520652}