{"quality": 26, "model": "R101_C4", "elapsed": 1633.9933795928955, "tp": 24063, "fp": 15479, "precision": 0.6085428152344343, "recall": 0.6622540250447227, "f1": 0.6342633472593803, "min_score": 0.5000243782997131, "AP": 30.9407023740586, "AP50": 46.29264212103195, "AP75": 33.787334259474406, "APs": 12.27717112753532, "APm": 34.59006884353254, "APl": 45.97368245640185}