{"quality": 67, "model": "R101_C4", "elapsed": 1593.2120778560638, "tp": 27322, "fp": 15982, "precision": 0.6309347866247922, "recall": 0.7519471583872299, "f1": 0.6861462348849182, "min_score": 0.5000054836273193, "AP": 36.684523250004, "AP50": 53.854863186664744, "AP75": 39.731407534431916, "APs": 16.769414605064647, "APm": 40.69131750584189, "APl": 52.29523238216242}