{"quality": 87, "model": "R50_C4", "elapsed": 1360.2469000816345, "tp": 27770, "fp": 17343, "precision": 0.6155653581007692, "recall": 0.7642768680335764, "f1": 0.681907474707789, "min_score": 0.5000211000442505, "AP": 35.4383425018556, "AP50": 52.813161015875885, "AP75": 38.66944351044545, "APs": 16.61909148209698, "APm": 39.06843590822147, "APl": 50.38800785765005}