{"quality": 76, "model": "R50_C4", "elapsed": 1365.677724123001, "tp": 27158, "fp": 16869, "precision": 0.6168487519022418, "recall": 0.747433603963121, "f1": 0.6758915905527488, "min_score": 0.5000047087669373, "AP": 34.75883333466637, "AP50": 51.92153366972254, "AP75": 38.03413155450078, "APs": 15.783975099068579, "APm": 38.29371790587786, "APl": 50.28772070755638}