{"quality": 36, "model": "R101_DC5", "elapsed": 1135.398817539215, "tp": 41740, "fp": 126993, "precision": 0.24737306869432774, "recall": 1.1487546442823724, "f1": 0.40708447929467295, "min_score": 0.0500003956258297, "AP": 35.976407376785374, "AP50": 56.11767147425406, "AP75": 38.20836796994839, "APs": 17.500882039116775, "APm": 39.618764883826444, "APl": 49.97579632034439}