{"quality": 36, "model": "R101", "elapsed": 668.5044589042664, "tp": 43720, "fp": 347662, "precision": 0.11170672131063769, "recall": 1.2032475574514931, "f1": 0.204434240397272, "min_score": 0.050000015646219254, "AP": 35.5620538435339, "AP50": 54.12938240254675, "AP75": 37.74930339932203, "APs": 17.72714563288807, "APm": 38.8914344562909, "APl": 47.74346969644592}