{"quality": 95, "model": "R50_DC5", "elapsed": 1022.6698904037476, "tp": 28843, "fp": 18102, "precision": 0.6143998295878156, "recall": 0.793807623503509, "f1": 0.6926753121998079, "min_score": 0.5000000596046448, "AP": 36.67652499820664, "AP50": 55.46804570298291, "AP75": 40.19137688041102, "APs": 18.130159105626316, "APm": 41.16694907316657, "APl": 50.18931943094748}