{"quality": 40, "model": "R50", "elapsed": 499.6749086380005, "tp": 43510, "fp": 374093, "precision": 0.10418986453641377, "recall": 1.1974680060547682, "f1": 0.19170018813141884, "min_score": 0.05000012367963791, "AP": 34.03316261572844, "AP50": 52.264508061213036, "AP75": 35.85336538618978, "APs": 17.35755014153735, "APm": 37.35073379280839, "APl": 46.03621518326133}