{"quality": 30, "model": "R101_DC5", "elapsed": 1136.522787809372, "tp": 41205, "fp": 130638, "precision": 0.2397828250205129, "recall": 1.1340305490573828, "f1": 0.39586315556879204, "min_score": 0.05000022426247597, "AP": 34.50231558097194, "AP50": 54.2250802745738, "AP75": 36.34768771289472, "APs": 16.126363427750505, "APm": 38.287496483285395, "APl": 48.33182639184962}