{"quality": 13, "model": "R50_FPN", "elapsed": 550.3767743110657, "tp": 14039, "fp": 7765, "precision": 0.643872683911209, "recall": 0.38637677170771983, "f1": 0.4829460431035966, "min_score": 0.5000256896018982, "AP": 15.327250159121355, "AP50": 24.701736659494617, "AP75": 16.465926164866534, "APs": 6.508455741422062, "APm": 17.292759965028228, "APl": 22.445417727482283}