{"quality": 48, "model": "R101_C4", "elapsed": 1600.3973236083984, "tp": 26415, "fp": 15597, "precision": 0.6287489288774636, "recall": 0.7269850006880418, "f1": 0.6743078867091273, "min_score": 0.5000069737434387, "AP": 35.18343041156999, "AP50": 51.68252136793656, "AP75": 38.25539786212584, "APs": 15.496954438260829, "APm": 39.24723874057679, "APl": 50.8609847361282}