{"quality": 29, "model": "R101_FPN", "elapsed": 648.9403176307678, "tp": 39683, "fp": 95896, "precision": 0.2926928211596191, "recall": 1.0921425622677858, "f1": 0.4616610630896843, "min_score": 0.050000060349702835, "AP": 35.12061537495592, "AP50": 54.35885823343464, "AP75": 37.538861812598284, "APs": 18.280717387327606, "APm": 38.40966879753029, "APl": 47.85662276516337}