{"quality": 11, "model": "X101", "elapsed": 2947.327752351761, "tp": 26988, "fp": 82661, "precision": 0.24613083566653596, "recall": 0.7427549194991055, "f1": 0.3697391494958352, "min_score": 0.05000114440917969, "AP": 15.020532839512487, "AP50": 25.579601954119507, "AP75": 15.232969483120604, "APs": 7.070199232120262, "APm": 17.298520485226014, "APl": 20.3616160076417}