{"quality": 73, "model": "R50_FPN", "elapsed": 557.892005443573, "tp": 24763, "fp": 10561, "precision": 0.7010247990035103, "recall": 0.6815191963671391, "f1": 0.6911344004242314, "min_score": 0.5000083446502686, "AP": 35.28504004307232, "AP50": 52.011960886607596, "AP75": 39.185668393495064, "APs": 17.57884611885044, "APm": 38.41893126298842, "APl": 48.233743274891715}