{"quality": 45, "model": "R50_C4", "elapsed": 1324.0002312660217, "tp": 40734, "fp": 147103, "precision": 0.21685823346837949, "recall": 1.1210678409247283, "f1": 0.36341737594347195, "min_score": 0.050000980496406555, "AP": 34.73356211894447, "AP50": 54.078379111759055, "AP75": 37.259846200648646, "APs": 16.522365200308958, "APm": 38.36750148808319, "APl": 49.46665930745117}