{"quality": 86, "model": "R101_C4", "elapsed": 1589.2791550159454, "tp": 28406, "fp": 16589, "precision": 0.6313145905100567, "recall": 0.7817806522636577, "f1": 0.6985368252797246, "min_score": 0.5000063180923462, "AP": 37.89528262715899, "AP50": 55.25776885621087, "AP75": 41.203363023159845, "APs": 18.396513704335053, "APm": 41.84932423430344, "APl": 53.27352642841225}