{"quality": 97, "model": "R50_DC5", "elapsed": 993.9149689674377, "tp": 43393, "fp": 129520, "precision": 0.25095279128810444, "recall": 1.194247970276593, "f1": 0.4147518733751338, "min_score": 0.05000089108943939, "AP": 39.01196737035264, "AP50": 60.46031210495251, "AP75": 42.06074297062805, "APs": 21.474523127220824, "APm": 43.38255272616777, "APl": 52.240006837088174}