{"quality": 29, "model": "R101_DC5", "elapsed": 1135.8252210617065, "tp": 41097, "fp": 131429, "precision": 0.23820757451050856, "recall": 1.131058208339067, "f1": 0.39353445593002045, "min_score": 0.05000188946723938, "AP": 34.15075364021397, "AP50": 53.66591159197653, "AP75": 35.95636853718338, "APs": 15.932463541078947, "APm": 37.723622170153384, "APl": 48.1691190195219}