{"quality": 68, "model": "R50_C4", "elapsed": 1364.4075706005096, "tp": 26711, "fp": 16839, "precision": 0.6133409873708381, "recall": 0.7351314159900922, "f1": 0.6687363084433874, "min_score": 0.5000075101852417, "AP": 34.20502400570374, "AP50": 51.097935882589496, "AP75": 37.31036596423877, "APs": 14.956460375686923, "APm": 37.743643850081405, "APl": 49.60969053414453}