{"quality": 23, "model": "R50_DC5", "elapsed": 1062.4402039051056, "tp": 39973, "fp": 155870, "precision": 0.20410737172122567, "recall": 1.1001238475299298, "f1": 0.3443306428688334, "min_score": 0.05000010505318642, "AP": 29.867795472469716, "AP50": 48.92119553788541, "AP75": 31.223319009473432, "APs": 13.886403643072878, "APm": 32.89776320044255, "APl": 42.097975191311235}