{"quality": 77, "model": "R50_C4", "elapsed": 1361.5990180969238, "tp": 27246, "fp": 16945, "precision": 0.6165508814011903, "recall": 0.7498555112150819, "f1": 0.6767006929438939, "min_score": 0.5000007748603821, "AP": 34.82973589950535, "AP50": 51.874600256246964, "AP75": 37.98619748712213, "APs": 15.610671935910169, "APm": 38.48023255556398, "APl": 50.15425409890392}