{"quality": 97, "model": "R50_C4", "elapsed": 1371.591694355011, "tp": 28243, "fp": 18034, "precision": 0.6103031743630746, "recall": 0.7772946195128664, "f1": 0.6837505447150536, "min_score": 0.500024139881134, "AP": 35.82967555709025, "AP50": 53.57057516118861, "AP75": 39.120453792268336, "APs": 17.261514089096035, "APm": 39.6963764447316, "APl": 50.69907449248223}