{"quality": 4, "model": "R50_C4", "elapsed": 1844.3762395381927, "tp": 7061, "fp": 252691, "precision": 0.027183621300317224, "recall": 0.19433053529654604, "f1": 0.04769544086704245, "min_score": 0.050000086426734924, "AP": 1.8140421274438525, "AP50": 3.516429021282147, "AP75": 1.669210092538161, "APs": 0.8229333959048162, "APm": 2.057149989882304, "APl": 3.3177428731040903}