{"quality": 91, "model": "R101_DC5", "elapsed": 1126.3537902832031, "tp": 28935, "fp": 17377, "precision": 0.6247840732423562, "recall": 0.7963396174487409, "f1": 0.7002069040618534, "min_score": 0.5000116229057312, "AP": 37.93846981611539, "AP50": 56.27216558680146, "AP75": 41.48428963338479, "APs": 19.068640689625973, "APm": 42.21413583259578, "APl": 52.20008043941423}