{"quality": 76, "model": "R101_DC5", "elapsed": 1126.109766960144, "tp": 28237, "fp": 16609, "precision": 0.6296436694465504, "recall": 0.77712948947296, "f1": 0.6956553873443294, "min_score": 0.5000113844871521, "AP": 36.989539718965986, "AP50": 55.15687025687242, "AP75": 40.53108477634487, "APs": 17.696770892251042, "APm": 40.946440206517906, "APl": 51.4564144591226}