{"quality": 53, "model": "R50_FPN", "elapsed": 485.4610559940338, "tp": 41277, "fp": 107456, "precision": 0.27752415402096375, "recall": 1.1360121095362599, "f1": 0.446073875548447, "min_score": 0.05000036582350731, "AP": 37.2453493630584, "AP50": 57.321037389059924, "AP75": 40.4739762237127, "APs": 20.6804727760044, "APm": 40.47160389557274, "APl": 49.76654264551672}