{"quality": 44, "model": "R50_FPN", "elapsed": 555.149986743927, "tp": 23204, "fp": 9932, "precision": 0.7002655721873491, "recall": 0.6386129076647861, "f1": 0.6680197492478875, "min_score": 0.5000196099281311, "AP": 32.73761634240247, "AP50": 48.87302047333896, "AP75": 36.119691232031506, "APs": 15.446105020339171, "APm": 35.83148037557076, "APl": 45.658740413216606}