{"quality": 69, "model": "R101_FPN", "elapsed": 647.6045813560486, "tp": 24857, "fp": 9700, "precision": 0.719304337760801, "recall": 0.6841062336590065, "f1": 0.7012638943745415, "min_score": 0.500008761882782, "AP": 36.642884139798205, "AP50": 53.196299890892796, "AP75": 40.49613934533314, "APs": 18.341675818763274, "APm": 40.17142421814921, "APl": 50.2833010122089}