{"quality": 64, "model": "R50_FPN", "elapsed": 485.161208152771, "tp": 41872, "fp": 105957, "precision": 0.28324618308992144, "recall": 1.1523875051603139, "f1": 0.45472513629156625, "min_score": 0.050000447779893875, "AP": 38.14063043259477, "AP50": 58.39765631303688, "AP75": 41.40892749843331, "APs": 21.265234158174913, "APm": 41.22503842965655, "APl": 50.478632766330534}