{"quality": 97, "model": "R50_FPN", "elapsed": 485.2959485054016, "tp": 42795, "fp": 107875, "precision": 0.28403132674055886, "recall": 1.1777900096325857, "f1": 0.45768829710435555, "min_score": 0.05000010505318642, "AP": 40.17149281291113, "AP50": 60.920388752125746, "AP75": 43.737191825069296, "APs": 24.003603301531147, "APm": 43.463853740644595, "APl": 51.795444751721256}