{"quality": 58, "model": "R101_C4", "elapsed": 1597.4800386428833, "tp": 26890, "fp": 15712, "precision": 0.6311910238955918, "recall": 0.7400577955139672, "f1": 0.6813028111025249, "min_score": 0.5000001788139343, "AP": 36.055364741012305, "AP50": 52.95800879456153, "AP75": 39.37200225379545, "APs": 16.12792866230896, "APm": 40.22430640986327, "APl": 51.80153316485424}