{"quality": 22, "model": "R101", "elapsed": 669.527464389801, "tp": 41929, "fp": 375058, "precision": 0.1005522953953001, "recall": 1.1539562405394248, "f1": 0.18498550699061594, "min_score": 0.050000254064798355, "AP": 29.917945691216307, "AP50": 47.0784895945751, "AP75": 31.24987755460292, "APs": 14.177181405001887, "APm": 32.95859661479364, "APl": 40.87559755547015}