{"quality": 38, "model": "R101_FPN", "elapsed": 649.9261739253998, "tp": 40520, "fp": 92503, "precision": 0.30460897739488657, "recall": 1.1151782028347323, "f1": 0.478512972519751, "min_score": 0.05000102519989014, "AP": 37.53490163983728, "AP50": 57.346051484799275, "AP75": 40.36588127516448, "APs": 20.260138577630478, "APm": 40.491786014608046, "APl": 50.74775816630037}