{"quality": 21, "model": "R101_FPN", "elapsed": 645.6541137695312, "tp": 19813, "fp": 8411, "precision": 0.7019912131519275, "recall": 0.5452869134443374, "f1": 0.6137951331340324, "min_score": 0.5000147819519043, "AP": 26.48908782022478, "AP50": 40.302560218657156, "AP75": 28.781548361844173, "APs": 11.243755301390832, "APm": 29.119595297040274, "APl": 38.40539216997457}