{"quality": 53, "model": "R50_DC5", "elapsed": 997.3619651794434, "tp": 42157, "fp": 130801, "precision": 0.2437412551023948, "recall": 1.160231182055869, "f1": 0.4028515048281596, "min_score": 0.05000029131770134, "AP": 36.22390352191655, "AP50": 56.97788966053032, "AP75": 38.69718564061388, "APs": 17.994483756748764, "APm": 40.03241817199046, "APl": 49.85179492262446}