{"quality": 67, "model": "R50", "elapsed": 484.1633517742157, "tp": 17633, "fp": 3899, "precision": 0.8189206762028609, "recall": 0.4852896656116692, "f1": 0.6094319733181262, "min_score": 0.5000102519989014, "AP": 29.836543658362963, "AP50": 41.96803808897106, "AP75": 32.860265862413506, "APs": 11.697541072607997, "APm": 32.95243687367789, "APl": 42.699722415435915}