{"quality": 96, "model": "R50_FPN", "elapsed": 484.9896423816681, "tp": 42794, "fp": 107965, "precision": 0.2838570168281827, "recall": 1.1777624879592679, "f1": 0.45745988647417873, "min_score": 0.050000082701444626, "AP": 40.15507733727225, "AP50": 60.94236573718508, "AP75": 43.85738762671554, "APs": 24.102607131215734, "APm": 43.36642481712278, "APl": 51.92468650514189}