{"quality": 95, "model": "R101_C4", "elapsed": 1590.4252500534058, "tp": 28781, "fp": 17165, "precision": 0.6264092630479259, "recall": 0.7921012797578093, "f1": 0.6995782744497515, "min_score": 0.5000065565109253, "AP": 38.424755685012066, "AP50": 56.13443031992682, "AP75": 41.951899400976245, "APs": 18.889574854774953, "APm": 42.75876116236755, "APl": 53.608479187407056}