{"quality": 57, "model": "X101", "elapsed": 2923.2761356830597, "tp": 40173, "fp": 69352, "precision": 0.3667929696416343, "recall": 1.1056281821934775, "f1": 0.5508432743726862, "min_score": 0.05000113695859909, "AP": 40.478380807731675, "AP50": 60.665088499260946, "AP75": 43.80278762363733, "APs": 23.666441358799286, "APm": 43.55633768016721, "APl": 52.95543946054323}