{"quality": 26, "model": "R101", "elapsed": 701.4331367015839, "tp": 15623, "fp": 3592, "precision": 0.8130627114233672, "recall": 0.4299711022430164, "f1": 0.5624842484248425, "min_score": 0.5000121593475342, "AP": 25.682353284383304, "AP50": 36.815687436196754, "AP75": 28.337871436050577, "APs": 9.379537704210012, "APm": 28.514652352997512, "APl": 37.1830114703506}