{"quality": 99, "model": "R50_DC5", "elapsed": 990.35404920578, "tp": 43388, "fp": 129728, "precision": 0.2506296356200467, "recall": 1.1941103619100042, "f1": 0.41430215181593794, "min_score": 0.05000024661421776, "AP": 39.03170284777903, "AP50": 60.42264257271982, "AP75": 42.1259412655947, "APs": 21.45313340618512, "APm": 43.47874981439679, "APl": 52.53185416363944}