{"quality": 46, "model": "R101", "elapsed": 668.7667298316956, "tp": 44356, "fp": 340498, "precision": 0.11525409635861911, "recall": 1.2207513416815743, "f1": 0.21062278454565528, "min_score": 0.05000027269124985, "AP": 36.918379644745556, "AP50": 55.77775366901414, "AP75": 38.85340509621476, "APs": 19.07341060802674, "APm": 40.72154623232135, "APl": 48.87016455549484}