{"quality": 17, "model": "R50_DC5", "elapsed": 1073.6900408267975, "tp": 37708, "fp": 174784, "precision": 0.1774560924646575, "recall": 1.0377872574652538, "f1": 0.30308607988682895, "min_score": 0.05000005289912224, "AP": 24.44365678684461, "AP50": 41.31441676403064, "AP75": 24.8449982930219, "APs": 11.941977781731703, "APm": 27.165597479638233, "APl": 35.54843439708687}