{"quality": 81, "model": "X101", "elapsed": 2947.880616426468, "tp": 25953, "fp": 10013, "precision": 0.7215981760551632, "recall": 0.714269987615247, "f1": 0.7179153815299926, "min_score": 0.5000126957893372, "AP": 38.62259865319355, "AP50": 55.88458202744876, "AP75": 42.72816702099931, "APs": 21.247571019763722, "APm": 41.649106139784784, "APl": 51.49073707758753}