{"quality": 57, "model": "X101", "elapsed": 2951.287764310837, "tp": 24936, "fp": 9606, "precision": 0.7219037693243009, "recall": 0.6862804458511077, "f1": 0.7036415198160193, "min_score": 0.500027060508728, "AP": 36.99598295580908, "AP50": 53.75962244499044, "AP75": 40.73338438484517, "APs": 18.59807079839685, "APm": 40.03139927174258, "APl": 50.15602705650477}