{"quality": 30, "model": "R101_FPN", "elapsed": 649.558168888092, "tp": 39872, "fp": 95483, "precision": 0.2945735288685309, "recall": 1.0973441585248382, "f1": 0.4644650241714718, "min_score": 0.05000020191073418, "AP": 35.51751113352547, "AP50": 54.718090110917394, "AP75": 38.155216704219725, "APs": 18.853395906678347, "APm": 38.51038123945688, "APl": 48.602845856228505}