{"quality": 98, "model": "R101", "elapsed": 697.6103956699371, "tp": 19568, "fp": 4365, "precision": 0.8176158442318138, "recall": 0.5385441034814916, "f1": 0.6493661644653879, "min_score": 0.5000030994415283, "AP": 33.62085105817525, "AP50": 46.97835918272285, "AP75": 37.215407407904706, "APs": 15.043417678016215, "APm": 37.55871613776592, "APl": 46.21816635395687}