{"quality": 6, "model": "R101", "elapsed": 696.62171459198, "tp": 2374, "fp": 918, "precision": 0.721142162818955, "recall": 0.06533645245630934, "f1": 0.11981729628788451, "min_score": 0.5000885128974915, "AP": 3.3298843275993804, "AP50": 5.1777664874627005, "AP75": 3.5912247205676486, "APs": 0.8214020467645631, "APm": 3.740835885453892, "APl": 5.2347662408881686}