{"quality": 77, "model": "R101_DC5", "elapsed": 1132.6408383846283, "tp": 43071, "fp": 121335, "precision": 0.26197948979964236, "recall": 1.1853859914682812, "f1": 0.4291201099924779, "min_score": 0.05000251904129982, "AP": 39.50506739778406, "AP50": 60.343318575522744, "AP75": 42.54669040050903, "APs": 20.58363769679913, "APm": 43.57413646565399, "APl": 53.68680545956545}