{"quality": 71, "model": "R50_FPN", "elapsed": 485.68492245674133, "tp": 42175, "fp": 105480, "precision": 0.28563204767871053, "recall": 1.1607265721755882, "f1": 0.4584488287406925, "min_score": 0.050000257790088654, "AP": 38.8497999347228, "AP50": 59.25384888199723, "AP75": 42.25940795923567, "APs": 22.217338107835733, "APm": 41.81385869333735, "APl": 51.22695308568615}