{"quality": 30, "model": "R50", "elapsed": 500.29857206344604, "tp": 42804, "fp": 385399, "precision": 0.09996193394254595, "recall": 1.1780377046924453, "f1": 0.1842863231856167, "min_score": 0.05000032112002373, "AP": 32.09546550530255, "AP50": 49.59801064884242, "AP75": 34.06137338871322, "APs": 17.182427503273065, "APm": 35.22026464116482, "APl": 43.6147515679306}