{"quality": 12, "model": "R101_C4", "elapsed": 1785.754682302475, "tp": 16421, "fp": 15036, "precision": 0.5220141780843691, "recall": 0.45193339755057105, "f1": 0.48445244276610805, "min_score": 0.5000012516975403, "AP": 16.4123269348088, "AP50": 25.816787544356167, "AP75": 17.270803667330785, "APs": 6.173166689765165, "APm": 18.24212143414009, "APl": 25.310996327589898}