{"quality": 41, "model": "R50_FPN", "elapsed": 485.4432351589203, "tp": 40908, "fp": 108969, "precision": 0.2729438139274205, "recall": 1.1258566120820146, "f1": 0.43937018022469015, "min_score": 0.05000206455588341, "AP": 36.121620339724615, "AP50": 56.02650710018755, "AP75": 38.882635842562166, "APs": 19.880548253752814, "APm": 39.113839055426624, "APl": 48.671209595670874}