{"quality": 18, "model": "R101_DC5", "elapsed": 1135.1314494609833, "tp": 21709, "fp": 14971, "precision": 0.5918484187568157, "recall": 0.5974680060547681, "f1": 0.5946449359720605, "min_score": 0.5000016093254089, "AP": 24.790259445479958, "AP50": 39.155961243029914, "AP75": 26.36729660647458, "APs": 9.99441886588308, "APm": 28.223615675978227, "APl": 35.73053333661015}