{"quality": 8, "model": "R50_DC5", "elapsed": 1032.949437379837, "tp": 10060, "fp": 14839, "precision": 0.40403229045343186, "recall": 0.27686803357644146, "f1": 0.3285756279191299, "min_score": 0.5000077486038208, "AP": 7.308181721267848, "AP50": 12.70390511976742, "AP75": 7.215904213976787, "APs": 3.3063915158474635, "APm": 8.686095743362168, "APl": 10.03734438750303}