{"quality": 79, "model": "R50_C4", "elapsed": 1362.3207063674927, "tp": 27287, "fp": 16869, "precision": 0.6179681130537187, "recall": 0.7509838998211091, "f1": 0.6780136909716615, "min_score": 0.5000127553939819, "AP": 34.66929298547341, "AP50": 51.903053544542445, "AP75": 37.75169106744043, "APs": 15.737088766607563, "APm": 38.099997409450424, "APl": 49.74569425258037}