{"quality": 47, "model": "R50_DC5", "elapsed": 1046.601650238037, "tp": 41994, "fp": 132660, "precision": 0.24044110069050809, "recall": 1.1557451493050777, "f1": 0.39806814573271593, "min_score": 0.050001706928014755, "AP": 35.8268333410938, "AP50": 56.506360881239225, "AP75": 38.32215390592587, "APs": 17.614656321076684, "APm": 39.67557493313582, "APl": 49.570049121884715}