{"quality": 55, "model": "R50_C4", "elapsed": 1366.3558785915375, "tp": 26190, "fp": 16879, "precision": 0.6080939887157817, "recall": 0.7207926241915509, "f1": 0.6596645005289407, "min_score": 0.50001460313797, "AP": 33.09109640109336, "AP50": 49.90845882463023, "AP75": 36.10411843817366, "APs": 13.951767526974884, "APm": 36.502682263971664, "APl": 48.68505230121881}