{"quality": 7, "model": "R50_C4", "elapsed": 1841.302155971527, "tp": 7687, "fp": 18407, "precision": 0.29458879435885643, "recall": 0.21155910279344983, "f1": 0.24626375562639158, "min_score": 0.5000011324882507, "AP": 5.513607751428693, "AP50": 9.38171127517106, "AP75": 5.651141380771007, "APs": 2.048363417845891, "APm": 6.733326137796662, "APl": 8.484149618010388}