{"quality": 99, "model": "R101_C4", "elapsed": 1589.1260831356049, "tp": 28783, "fp": 17232, "precision": 0.6255134195371075, "recall": 0.7921563231044447, "f1": 0.6990406800242865, "min_score": 0.5000125765800476, "AP": 38.47171883498721, "AP50": 56.21413616978328, "AP75": 41.9738434256589, "APs": 19.08720598873298, "APm": 42.677286990961356, "APl": 53.636029300271716}