{"quality": 75, "model": "R50_DC5", "elapsed": 1031.27623128891, "tp": 27800, "fp": 16977, "precision": 0.6208544565290216, "recall": 0.7651025182331086, "f1": 0.6854719400335338, "min_score": 0.5000136494636536, "AP": 35.35840189627596, "AP50": 53.865508457331714, "AP75": 38.43533598121587, "APs": 16.922091766878356, "APm": 39.524589872080334, "APl": 48.71874611158431}