{"quality": 97, "model": "R101", "elapsed": 696.787101984024, "tp": 19563, "fp": 4360, "precision": 0.8177486101241483, "recall": 0.538406495114903, "f1": 0.6493079757044707, "min_score": 0.5000004172325134, "AP": 33.6301774629427, "AP50": 47.03141131717455, "AP75": 37.19588318650379, "APs": 15.3493088720628, "APm": 37.52676549680644, "APl": 46.119970927290154}