{"quality": 73, "model": "R50_C4", "elapsed": 1366.3124532699585, "tp": 27013, "fp": 16758, "precision": 0.6171437709899248, "recall": 0.743442961332049, "f1": 0.6744313784235887, "min_score": 0.5000025629997253, "AP": 34.399981879042876, "AP50": 51.640534911086064, "AP75": 37.66319028444121, "APs": 15.5140676187558, "APm": 37.950502985664436, "APl": 49.87392941930507}