{"quality": 29, "model": "R50_C4", "elapsed": 1379.1069746017456, "tp": 24097, "fp": 17746, "precision": 0.5758908300074086, "recall": 0.6631897619375258, "f1": 0.6164649901506817, "min_score": 0.5000011324882507, "AP": 29.19252568626452, "AP50": 44.863553476499504, "AP75": 31.43795187451493, "APs": 12.028368080697794, "APm": 31.989911045401065, "APl": 43.372973671670316}