{"quality": 3, "model": "R50_FPN", "elapsed": 546.9620087146759, "tp": 559, "fp": 7732, "precision": 0.06742250633216741, "recall": 0.015384615384615385, "f1": 0.025052659884372337, "min_score": 0.5000287294387817, "AP": 0.7794697462861541, "AP50": 1.390531559511573, "AP75": 0.7892004897062113, "APs": 0.25396745668754483, "APm": 0.7364301526280387, "APl": 1.305807662248704}