{"quality": 3, "model": "X101", "elapsed": 2938.853630542755, "tp": 1782, "fp": 19796, "precision": 0.08258411344888313, "recall": 0.04904362185220861, "f1": 0.06154058674218224, "min_score": 0.050003062933683395, "AP": 0.9615866949223003, "AP50": 1.8182096745231586, "AP75": 0.8896561991609347, "APs": 0.2699853407097878, "APm": 0.9202180516937556, "APl": 1.8873238214771308}