{"quality": 7, "model": "R101_DC5", "elapsed": 1123.180245399475, "tp": 8123, "fp": 9951, "precision": 0.4494301206152484, "recall": 0.22355855235998348, "f1": 0.29859030675072135, "min_score": 0.5000361204147339, "AP": 6.256879816450539, "AP50": 10.558055380122536, "AP75": 6.314144321952973, "APs": 2.3366379680796268, "APm": 7.258082794717775, "APl": 8.88223240804437}