{"quality": 55, "model": "R50", "elapsed": 499.40452313423157, "tp": 44080, "fp": 366166, "precision": 0.10744772648605959, "recall": 1.2131553598458786, "f1": 0.19741099598952935, "min_score": 0.05000036582350731, "AP": 35.7195434248457, "AP50": 54.332219810721426, "AP75": 37.73038005206325, "APs": 18.954031123120668, "APm": 39.10036286160815, "APl": 47.78197064039914}