{"quality": 68, "model": "X101", "elapsed": 2947.819985151291, "tp": 40611, "fp": 68713, "precision": 0.37147378434744427, "recall": 1.1176826751066464, "f1": 0.5576174489732869, "min_score": 0.05000004544854164, "AP": 41.27456597197773, "AP50": 61.6787565261425, "AP75": 44.82402526442542, "APs": 24.23170872663523, "APm": 44.64368140739992, "APl": 54.01324159881942}