{"quality": 9, "model": "X101", "elapsed": 2917.490108013153, "tp": 8494, "fp": 5375, "precision": 0.6124450212704593, "recall": 0.2337690931608642, "f1": 0.33837941199904387, "min_score": 0.5000110864639282, "AP": 8.764368608093847, "AP50": 14.217130670787064, "AP75": 9.196476353455584, "APs": 3.415308207945994, "APm": 10.258061021572038, "APl": 12.167893062126309}