{"quality": 101, "model": "R101", "elapsed": 668.4405298233032, "tp": 45557, "fp": 330518, "precision": 0.12113807086352456, "recall": 1.2538048713361771, "f1": 0.22093062728837806, "min_score": 0.050000160932540894, "AP": 40.39770426347224, "AP50": 60.250119798054605, "AP75": 43.18813315869904, "APs": 24.025374543076275, "APm": 44.34015592069553, "APl": 52.18457899388492}