{"quality": 92, "model": "R50_C4", "elapsed": 1296.4677166938782, "tp": 42141, "fp": 136277, "precision": 0.23619253662747033, "recall": 1.1597908352827853, "f1": 0.3924601751779952, "min_score": 0.05000023543834686, "AP": 38.21489560841355, "AP50": 58.27573929694259, "AP75": 41.337201036418925, "APs": 20.942701350863175, "APm": 42.443471793460695, "APl": 52.569524170892315}