{"quality": 45, "model": "R101", "elapsed": 700.6594829559326, "tp": 17515, "fp": 3752, "precision": 0.82357643297127, "recall": 0.4820421081601761, "f1": 0.6081386062983923, "min_score": 0.5000306963920593, "AP": 29.862645577063855, "AP50": 41.88389681717777, "AP75": 32.925324519698506, "APs": 11.82948672487377, "APm": 32.92444062916806, "APl": 42.71939804420349}