{"quality": 80, "model": "R50", "elapsed": 483.98670625686646, "tp": 18203, "fp": 4061, "precision": 0.8175979159180741, "recall": 0.5009770194027797, "f1": 0.6212734005699756, "min_score": 0.5000001192092896, "AP": 30.70516959713927, "AP50": 43.293043385578, "AP75": 33.72395728227772, "APs": 12.386632718062343, "APm": 33.93102675029886, "APl": 43.748350366582464}