{"quality": 78, "model": "R50_FPN", "elapsed": 562.0585834980011, "tp": 24974, "fp": 10784, "precision": 0.6984171374237933, "recall": 0.6873262694371818, "f1": 0.6928273202668775, "min_score": 0.5000194907188416, "AP": 35.50230045302238, "AP50": 52.447456456334905, "AP75": 39.410695314094454, "APs": 17.883891284514117, "APm": 38.43840506963457, "APl": 48.5621349865972}