{"quality": 31, "model": "R50_FPN", "elapsed": 485.7958254814148, "tp": 40197, "fp": 112741, "precision": 0.2628319972799435, "recall": 1.1062887023531032, "f1": 0.4247515493493525, "min_score": 0.0500006265938282, "AP": 33.82862944552483, "AP50": 53.14222624712459, "AP75": 36.08419341638371, "APs": 17.991219771958157, "APm": 36.730065099119685, "APl": 45.57853511686354}