{"quality": 44, "model": "X101", "elapsed": 2928.910339832306, "tp": 39842, "fp": 70534, "precision": 0.36096615206204247, "recall": 1.0965185083253062, "f1": 0.5431358248529422, "min_score": 0.05000137537717819, "AP": 39.223741202702996, "AP50": 59.27892167748696, "AP75": 42.100981980107264, "APs": 22.11099618889366, "APm": 42.23523680817962, "APl": 51.7749002444497}