{"quality": 43, "model": "R50_C4", "elapsed": 1327.1616690158844, "tp": 40709, "fp": 148435, "precision": 0.21522755149515713, "recall": 1.1203797990917848, "f1": 0.3610890592915526, "min_score": 0.05000084638595581, "AP": 34.589573752981885, "AP50": 53.968815636000166, "AP75": 37.16040308122667, "APs": 16.531202581956443, "APm": 38.17531772883575, "APl": 49.755180948700165}