{"quality": 92, "model": "R50", "elapsed": 483.9202299118042, "tp": 18741, "fp": 4231, "precision": 0.8158192582274073, "recall": 0.5157836796477225, "f1": 0.6319995953260155, "min_score": 0.5000019073486328, "AP": 31.38014025931937, "AP50": 43.999171222916154, "AP75": 34.75428849189776, "APs": 13.224721556094229, "APm": 34.752927111712786, "APl": 44.48651124597516}