{"quality": 8, "model": "R101_C4", "elapsed": 1850.637173652649, "tp": 23859, "fp": 218169, "precision": 0.09857950319797709, "recall": 0.6566396036879042, "f1": 0.17142364466541887, "min_score": 0.05000012367963791, "AP": 9.661230988582368, "AP50": 16.386273000160458, "AP75": 9.681681514516338, "APs": 3.518925309657751, "APm": 10.785597457126103, "APl": 15.352547930485477}