{"quality": 101, "model": "R101_FPN", "elapsed": 647.7983953952789, "tp": 26198, "fp": 10751, "precision": 0.7090313675606917, "recall": 0.7210127975780928, "f1": 0.714971890180667, "min_score": 0.500007688999176, "AP": 38.40025611269156, "AP50": 55.46023383158635, "AP75": 42.62757390262754, "APs": 20.78174797380921, "APm": 42.119611470484, "APl": 51.18715172749047}