{"quality": 62, "model": "R101_FPN", "elapsed": 648.0720603466034, "tp": 24473, "fp": 9472, "precision": 0.7209603770805715, "recall": 0.6735379111049952, "f1": 0.6964428002276608, "min_score": 0.5000079870223999, "AP": 35.99746599082627, "AP50": 52.49443891048784, "AP75": 39.71918232107797, "APs": 17.969993856466164, "APm": 39.484508690865574, "APl": 49.40835322279}