{"quality": 12, "model": "R50_FPN", "elapsed": 482.5011405944824, "tp": 30797, "fp": 128200, "precision": 0.19369547853104147, "recall": 0.8475849731663685, "f1": 0.3153297974730203, "min_score": 0.05000004544854164, "AP": 16.76694704808384, "AP50": 28.356607505221877, "AP75": 17.374917195083253, "APs": 7.956868397170758, "APm": 18.849104302336826, "APl": 24.06718749047951}