{"quality": 34, "model": "R50", "elapsed": 500.06222462654114, "tp": 43095, "fp": 380296, "precision": 0.10178534735032158, "recall": 1.186046511627907, "f1": 0.18748123882486525, "min_score": 0.05000041052699089, "AP": 32.96622851934211, "AP50": 50.80967931468492, "AP75": 34.71406850011161, "APs": 17.998203223933455, "APm": 36.33607609770345, "APl": 44.486166158575365}