{"quality": 24, "model": "R101_FPN", "elapsed": 649.3594241142273, "tp": 38793, "fp": 98409, "precision": 0.28274369178291864, "recall": 1.0676482730149992, "f1": 0.4470862121622478, "min_score": 0.05000176653265953, "AP": 32.64382411613209, "AP50": 51.2341985933609, "AP75": 34.66165147986623, "APs": 16.62972435717905, "APm": 35.53059344522388, "APl": 45.05468834778275}