{"quality": 25, "model": "R50_C4", "elapsed": 1415.2633800506592, "tp": 38935, "fp": 177631, "precision": 0.17978353019402862, "recall": 1.071556350626118, "f1": 0.3079070466308951, "min_score": 0.05000012367963791, "AP": 29.964970171699772, "AP50": 47.757430337134, "AP75": 31.726043057874424, "APs": 13.338347896552543, "APm": 32.934445320406574, "APl": 43.70196001424628}