{"quality": 38, "model": "R50_FPN", "elapsed": 557.9984204769135, "tp": 22702, "fp": 9947, "precision": 0.6953352323195198, "recall": 0.6247970276592817, "f1": 0.6581816073292358, "min_score": 0.5000020861625671, "AP": 31.818230835903517, "AP50": 47.72483458252588, "AP75": 35.1614678579576, "APs": 14.834758076094948, "APm": 34.909510158658804, "APl": 44.99691990763907}