{"quality": 42, "model": "R50_C4", "elapsed": 1396.5916006565094, "tp": 25463, "fp": 16915, "precision": 0.6008542168106092, "recall": 0.7007843676895555, "f1": 0.6469833445555372, "min_score": 0.5000026226043701, "AP": 31.79551151499986, "AP50": 48.42319370523033, "AP75": 34.72219100711437, "APs": 13.265170836936257, "APm": 34.96289008269657, "APl": 47.07529050740047}