{"quality": 33, "model": "R50", "elapsed": 483.98762607574463, "tp": 15763, "fp": 3598, "precision": 0.8141624916068385, "recall": 0.4338241365074997, "f1": 0.5660370583165758, "min_score": 0.5000017881393433, "AP": 26.06159157128331, "AP50": 37.07008875108583, "AP75": 28.79902395467639, "APs": 8.931974936918554, "APm": 28.465730596076405, "APl": 39.100176156979366}