{"quality": 33, "model": "X101", "elapsed": 2951.0423283576965, "tp": 23246, "fp": 9321, "precision": 0.7137900328553444, "recall": 0.639768817944131, "f1": 0.6747554497692374, "min_score": 0.5000059604644775, "AP": 33.815296337289034, "AP50": 50.07683023248762, "AP75": 36.84876342849016, "APs": 15.805562665215142, "APm": 37.103164404940884, "APl": 47.104367016539676}