{"quality": 42, "model": "R101_FPN", "elapsed": 650.0636494159698, "tp": 40752, "fp": 91372, "precision": 0.3084375283824286, "recall": 1.1215632310444474, "f1": 0.4838209890833971, "min_score": 0.05000004544854164, "AP": 37.97162826131093, "AP50": 57.84798739481312, "AP75": 40.592175889958284, "APs": 20.44776617272807, "APm": 40.928296783501374, "APl": 51.18841258433699}