{"quality": 48, "model": "X101", "elapsed": 2951.6771273612976, "tp": 24410, "fp": 9498, "precision": 0.7198891117140498, "recall": 0.6718040456859777, "f1": 0.6950158734678189, "min_score": 0.5000091791152954, "AP": 36.274680118231124, "AP50": 52.937183318701045, "AP75": 39.522396814339295, "APs": 17.829760885609396, "APm": 39.3120642963976, "APl": 50.11123986474731}