{"quality": 94, "model": "R50_FPN", "elapsed": 547.4032244682312, "tp": 25841, "fp": 11423, "precision": 0.6934574924860455, "recall": 0.7111875602036604, "f1": 0.7022106278617916, "min_score": 0.500016450881958, "AP": 36.56448149682747, "AP50": 53.81336210502994, "AP75": 40.51068200713774, "APs": 19.22658955186052, "APm": 40.01892268024495, "APl": 48.902746830803494}