{"quality": 86, "model": "R50", "elapsed": 483.7037465572357, "tp": 18529, "fp": 4198, "precision": 0.8152857834294012, "recall": 0.5099490849043622, "f1": 0.6274423487182961, "min_score": 0.5000069737434387, "AP": 31.201605822805945, "AP50": 43.738646719315334, "AP75": 34.51481984358965, "APs": 12.869671708316782, "APm": 34.495978326879616, "APl": 44.471079584397586}