{"quality": 95, "model": "R101_C4", "elapsed": 1595.3419032096863, "tp": 43149, "fp": 127528, "precision": 0.2528108649671602, "recall": 1.1875326819870649, "f1": 0.41687438409367583, "min_score": 0.050000254064798355, "AP": 41.01495928165262, "AP50": 61.255445023316504, "AP75": 44.17122217074279, "APs": 22.244507876780624, "APm": 45.48221207320869, "APl": 55.91604214488104}