{"quality": 23, "model": "R101_C4", "elapsed": 1651.5394110679626, "tp": 39390, "fp": 146634, "precision": 0.21174687137143594, "recall": 1.0840787119856887, "f1": 0.3542919333150446, "min_score": 0.050001244992017746, "AP": 32.14498296481599, "AP50": 50.02321435924865, "AP75": 33.92259236004771, "APs": 15.104834965706516, "APm": 35.85121361988974, "APl": 46.60838166683886}