{"quality": 47, "model": "X101", "elapsed": 2951.865576982498, "tp": 24349, "fp": 9381, "precision": 0.7218796323747406, "recall": 0.6701252236135957, "f1": 0.6950403197031328, "min_score": 0.5000163316726685, "AP": 36.14634547934665, "AP50": 52.74231127340278, "AP75": 39.742697618011974, "APs": 17.538882933852204, "APm": 39.283674324648075, "APl": 49.927511814632844}