{"quality": 81, "model": "R101", "elapsed": 697.2670876979828, "tp": 19012, "fp": 4088, "precision": 0.823030303030303, "recall": 0.5232420531168295, "f1": 0.6397577185160258, "min_score": 0.5000210404396057, "AP": 32.46401753684096, "AP50": 45.50031034884161, "AP75": 35.805554095217786, "APs": 14.408991846166671, "APm": 35.96601503474919, "APl": 45.196463422139}