{"quality": 45, "model": "R101_C4", "elapsed": 1603.0185408592224, "tp": 26239, "fp": 15498, "precision": 0.6286747969427606, "recall": 0.72214118618412, "f1": 0.6721744031150733, "min_score": 0.5000109672546387, "AP": 34.95965077551734, "AP50": 51.63480511734348, "AP75": 37.90831897967923, "APs": 15.015471841564334, "APm": 39.06785512309773, "APl": 50.695229902151674}