{"quality": 14, "model": "R101", "elapsed": 671.1584875583649, "tp": 37747, "fp": 410989, "precision": 0.08411850174712972, "recall": 1.0388606027246456, "f1": 0.15563494828592103, "min_score": 0.05000029504299164, "AP": 20.736604186165724, "AP50": 34.178592099602284, "AP75": 21.05213166778001, "APs": 9.260636523119466, "APm": 23.427709997139758, "APl": 28.72469423188098}