{"quality": 3, "model": "R50_C4", "elapsed": 1838.8744804859161, "tp": 4003, "fp": 211532, "precision": 0.01857238963509407, "recall": 0.11016925829090408, "f1": 0.03178623893278279, "min_score": 0.05000004172325134, "AP": 1.0292203004027367, "AP50": 2.028734155695817, "AP75": 0.9670948121396865, "APs": 0.5242441365534684, "APm": 1.1476514021538287, "APl": 1.683508445999442}