{"quality": 52, "model": "R50", "elapsed": 483.9180645942688, "tp": 16967, "fp": 3784, "precision": 0.8176473422967567, "recall": 0.4669602311820559, "f1": 0.5944364642819605, "min_score": 0.5000104308128357, "AP": 28.62596035500283, "AP50": 40.4264215873841, "AP75": 31.549896669245257, "APs": 11.06538669574393, "APm": 31.396063655312318, "APl": 41.93497806193489}