{"quality": 97, "model": "R50_DC5", "elapsed": 1022.0362296104431, "tp": 28871, "fp": 18092, "precision": 0.6147605561825267, "recall": 0.7945782303564056, "f1": 0.6931979159163486, "min_score": 0.5000051856040955, "AP": 36.73645219383263, "AP50": 55.61277564994419, "AP75": 40.2756246777433, "APs": 18.245052401503944, "APm": 41.157873906445715, "APl": 50.16809822338569}