{"quality": 19, "model": "R50", "elapsed": 483.63005900382996, "tp": 12728, "fp": 3002, "precision": 0.8091544818817547, "recall": 0.3502958579881657, "f1": 0.48892730241044846, "min_score": 0.500006914138794, "AP": 19.18535065836425, "AP50": 28.0107660653991, "AP75": 21.13530395295306, "APs": 6.0560502198828265, "APm": 21.4640665660005, "APl": 28.897766519597635}