{"quality": 78, "model": "R101_C4", "elapsed": 1593.1883425712585, "tp": 42517, "fp": 124517, "precision": 0.2545409916543937, "recall": 1.1701389844502545, "f1": 0.41812665647173364, "min_score": 0.050001583993434906, "AP": 39.98091055073083, "AP50": 59.93087159823851, "AP75": 42.89578721793525, "APs": 20.787243633468957, "APm": 44.25446003103225, "APl": 55.17787879406053}