{"quality": 68, "model": "R50_DC5", "elapsed": 1032.8769459724426, "tp": 27461, "fp": 16985, "precision": 0.6178508752193673, "recall": 0.7557726709783955, "f1": 0.6798875973310555, "min_score": 0.5000035762786865, "AP": 35.079820312982704, "AP50": 53.32972210053135, "AP75": 38.5693246625097, "APs": 16.233929550682063, "APm": 38.990758980233224, "APl": 48.917245711790706}