{"quality": 64, "model": "R101_FPN", "elapsed": 647.5354156494141, "tp": 24549, "fp": 9573, "precision": 0.7194478635484438, "recall": 0.6756295582771432, "f1": 0.6968505613352824, "min_score": 0.5000203847885132, "AP": 36.23281815104382, "AP50": 52.513726064840895, "AP75": 40.06803497586024, "APs": 18.131393687330615, "APm": 39.83756002122904, "APl": 49.99681739519854}