{"quality": 40, "model": "R101_FPN", "elapsed": 649.8482894897461, "tp": 40676, "fp": 92133, "precision": 0.30627442417306056, "recall": 1.1194715838722995, "f1": 0.4809629664664428, "min_score": 0.05000056326389313, "AP": 37.70567985670533, "AP50": 57.45890503383729, "AP75": 40.65559283873937, "APs": 20.469777709580924, "APm": 40.788407814578754, "APl": 50.899691950692194}