{"quality": 38, "model": "R50_DC5", "elapsed": 1899.9564259052277, "tp": 25846, "fp": 16741, "precision": 0.6068988188883931, "recall": 0.7113251685702491, "f1": 0.6549757988900434, "min_score": 0.5000035762786865, "AP": 32.31823742532416, "AP50": 49.92576107463959, "AP75": 34.99503524933879, "APs": 14.038875108028837, "APm": 35.80442426122819, "APl": 45.896946647008356}