{"quality": 42, "model": "X101", "elapsed": 2928.583468437195, "tp": 39735, "fp": 70622, "precision": 0.36005871852261295, "recall": 1.0935736892803083, "f1": 0.5417473345513047, "min_score": 0.05000312998890877, "AP": 38.963358862221135, "AP50": 59.01871759870436, "AP75": 41.84804838939346, "APs": 21.758774548278456, "APm": 41.96155291565042, "APl": 51.959479615010295}