{"quality": 82, "model": "R101", "elapsed": 697.2720484733582, "tp": 19065, "fp": 4126, "precision": 0.8220861541115088, "recall": 0.5247007018026696, "f1": 0.6405604273762725, "min_score": 0.5000146627426147, "AP": 32.66723493680577, "AP50": 45.633536123919676, "AP75": 36.0117584494699, "APs": 14.490095244735485, "APm": 36.15730194832665, "APl": 45.2161472737416}