{"quality": 72, "model": "R50", "elapsed": 498.92453360557556, "tp": 44592, "fp": 359474, "precision": 0.11035820880747205, "recall": 1.2272464565845604, "f1": 0.2025063521654129, "min_score": 0.050000205636024475, "AP": 37.225696568256446, "AP50": 56.21838859676574, "AP75": 39.399858054522724, "APs": 21.356220738316754, "APm": 40.66318955394823, "APl": 48.95931342189836}