{"quality": 63, "model": "X101", "elapsed": 2945.1630918979645, "tp": 25163, "fp": 9574, "precision": 0.7243861012752972, "recall": 0.6925278656942342, "f1": 0.7080988293561459, "min_score": 0.5000070929527283, "AP": 37.59019844069228, "AP50": 54.4583241870886, "AP75": 41.49159743931424, "APs": 19.305195417153204, "APm": 40.97796834268566, "APl": 50.37034898080769}