{"quality": 37, "model": "R50", "elapsed": 483.9939615726471, "tp": 16130, "fp": 3711, "precision": 0.8129630562975656, "recall": 0.4439245906151094, "f1": 0.574266590714896, "min_score": 0.5000531077384949, "AP": 26.70778235706267, "AP50": 37.82145159529161, "AP75": 29.577016854980766, "APs": 9.359263581012836, "APm": 29.235881986835622, "APl": 39.52074206022014}