{"quality": 8, "model": "R50", "elapsed": 480.35973858833313, "tp": 4414, "fp": 1597, "precision": 0.7343204125769422, "recall": 0.12148066602449428, "f1": 0.20847305530628632, "min_score": 0.5000260472297668, "AP": 5.467450602817049, "AP50": 8.493541460487087, "AP75": 5.790046640651428, "APs": 1.605181895563062, "APm": 6.368229407195579, "APl": 8.099804154343994}