{"quality": 101, "model": "X101", "elapsed": 2671.4690816402435, "tp": 26607, "fp": 10472, "precision": 0.7175759864074004, "recall": 0.7322691619650474, "f1": 0.7248481216116816, "min_score": 0.5000306367874146, "AP": 39.62315141020042, "AP50": 56.986863940295365, "AP75": 43.867873154714474, "APs": 22.578027553443032, "APm": 42.9443378367763, "APl": 52.10643192607029}