{"quality": 33, "model": "R50_FPN", "elapsed": 577.0439584255219, "tp": 22032, "fp": 9742, "precision": 0.6933971171397998, "recall": 0.6063575065363974, "f1": 0.6469629564374751, "min_score": 0.5000176429748535, "AP": 30.415074905382262, "AP50": 45.93021749101115, "AP75": 33.600779100049365, "APs": 13.840107747341479, "APm": 33.56481484912937, "APl": 42.78328687965105}