{"quality": 69, "model": "R101_DC5", "elapsed": 1132.9609680175781, "tp": 42935, "fp": 120961, "precision": 0.2619649045736321, "recall": 1.1816430438970689, "f1": 0.42885467285285495, "min_score": 0.05000145360827446, "AP": 38.929595551734245, "AP50": 59.75071033498618, "AP75": 41.64871300949311, "APs": 19.74837988872478, "APm": 42.927971248103205, "APl": 53.55208513182739}