{"quality": 70, "model": "X101", "elapsed": 2948.637326002121, "tp": 40654, "fp": 68420, "precision": 0.37271943817958453, "recall": 1.1188661070593091, "f1": 0.5591675893514156, "min_score": 0.050000254064798355, "AP": 41.45195616461545, "AP50": 61.94681647140301, "AP75": 44.83218145311543, "APs": 24.547982851977007, "APm": 44.80504081545867, "APl": 53.91198351624884}