{"quality": 44, "model": "R50", "elapsed": 499.5251364707947, "tp": 43683, "fp": 371813, "precision": 0.10513458613319984, "recall": 1.2022292555387368, "f1": 0.193359906690776, "min_score": 0.05000019073486328, "AP": 34.6458114447697, "AP50": 53.04785901709456, "AP75": 36.416830031687454, "APs": 18.176144317652206, "APm": 37.89315497693544, "APl": 46.60206145931716}