{"quality": 4, "model": "R101_C4", "elapsed": 1851.6219849586487, "tp": 6966, "fp": 188300, "precision": 0.03567441336433378, "recall": 0.19171597633136095, "f1": 0.06015518067711279, "min_score": 0.05000010132789612, "AP": 2.1023949766803285, "AP50": 3.593681313540467, "AP75": 2.1467954127419655, "APs": 1.204885720503328, "APm": 2.162614943272526, "APl": 3.826206777694123}