{"quality": 89, "model": "R101", "elapsed": 697.0592293739319, "tp": 19356, "fp": 4292, "precision": 0.8185047361299053, "recall": 0.5327095087381313, "f1": 0.6453828584765683, "min_score": 0.5000012516975403, "AP": 33.23403607778269, "AP50": 46.42885717230894, "AP75": 36.691705057274184, "APs": 14.868856182486127, "APm": 36.99938303704744, "APl": 45.88002291429807}