{"quality": 91, "model": "R50", "elapsed": 499.05521965026855, "tp": 45223, "fp": 356939, "precision": 0.11244970932111935, "recall": 1.2446126324480529, "f1": 0.20626366885064207, "min_score": 0.050000034272670746, "AP": 38.417874122668714, "AP50": 57.800336265889655, "AP75": 40.92879663240674, "APs": 23.842419604471583, "APm": 42.103465499721025, "APl": 50.1816456977762}