{"quality": 87, "model": "R50", "elapsed": 498.76705861091614, "tp": 45116, "fp": 357258, "precision": 0.11212454085005492, "recall": 1.241667813403055, "f1": 0.2056761999411911, "min_score": 0.050000160932540894, "AP": 38.1987814302137, "AP50": 57.4680183263784, "AP75": 40.6887967666466, "APs": 22.507512790637392, "APm": 41.72033945286018, "APl": 49.90425361256777}