{"quality": 18, "model": "R50_FPN", "elapsed": 548.7828123569489, "tp": 17891, "fp": 8984, "precision": 0.6657116279069768, "recall": 0.4923902573276455, "f1": 0.5660813162474292, "min_score": 0.5000007152557373, "AP": 21.860564559578506, "AP50": 34.33315218981354, "AP75": 23.73265169545412, "APs": 9.335289639929481, "APm": 24.47279411418258, "APl": 31.763112573252627}