{"quality": 60, "model": "R101_DC5", "elapsed": 1128.5363230705261, "tp": 27428, "fp": 16351, "precision": 0.6265104273738551, "recall": 0.7548644557589101, "f1": 0.6847242679182165, "min_score": 0.5000004172325134, "AP": 35.840335363813274, "AP50": 53.712502958968386, "AP75": 39.05988772006796, "APs": 16.666549060195603, "APm": 39.80032638603755, "APl": 50.336550871518895}