{"quality": 51, "model": "R50", "elapsed": 499.06273460388184, "tp": 43920, "fp": 368175, "precision": 0.10657736686928986, "recall": 1.2087518921150406, "f1": 0.19588341547175703, "min_score": 0.05000041797757149, "AP": 35.132716894348164, "AP50": 53.62330895451488, "AP75": 36.93059265892259, "APs": 18.655718919788324, "APm": 38.27026153795863, "APl": 47.284266393862296}