{"quality": 23, "model": "R101", "elapsed": 669.779333114624, "tp": 42205, "fp": 371122, "precision": 0.10211043556312556, "recall": 1.1615522223751205, "f1": 0.18771877543577176, "min_score": 0.050000373274087906, "AP": 30.720100608736246, "AP50": 48.17838306948293, "AP75": 32.21153231775056, "APs": 14.895029496737152, "APm": 33.97887194881536, "APl": 41.68725264720063}