{"quality": 49, "model": "R50", "elapsed": 499.0203330516815, "tp": 43836, "fp": 368626, "precision": 0.10627888144847283, "recall": 1.2064400715563506, "f1": 0.19534889939103875, "min_score": 0.0500003956258297, "AP": 35.075521669445905, "AP50": 53.47041941402348, "AP75": 37.16808165776961, "APs": 18.76276558938847, "APm": 38.22229110149488, "APl": 47.161321038616464}