{"quality": 9, "model": "R50", "elapsed": 480.872398853302, "tp": 5555, "fp": 1712, "precision": 0.7644144764001651, "recall": 0.15288289528003302, "f1": 0.2548048254667217, "min_score": 0.5000184774398804, "AP": 6.885843821445484, "AP50": 10.575281288431382, "AP75": 7.29970201913654, "APs": 2.0011093646587925, "APm": 7.80580543633827, "APl": 10.633171146332248}