{"quality": 65, "model": "R50_DC5", "elapsed": 993.469705581665, "tp": 42390, "fp": 128552, "precision": 0.2479788466263411, "recall": 1.1666437319389018, "f1": 0.40901788428045566, "min_score": 0.05000004544854164, "AP": 37.23207879634822, "AP50": 58.13398868669456, "AP75": 40.01180676362181, "APs": 19.010119410337364, "APm": 41.513318532653805, "APl": 50.40718728729022}