{"quality": 13, "model": "R50_C4", "elapsed": 1707.0586385726929, "tp": 32896, "fp": 258264, "precision": 0.11298255254842698, "recall": 0.9053529654603, "f1": 0.20089467014763585, "min_score": 0.05000060424208641, "AP": 17.816015261976613, "AP50": 30.30305095847212, "AP75": 18.301181419704378, "APs": 7.373751183247161, "APm": 19.836144539184634, "APl": 27.345907266738163}