{"quality": 32, "model": "R101_FPN", "elapsed": 649.6081612110138, "tp": 40072, "fp": 94594, "precision": 0.29756582953380956, "recall": 1.102848493188386, "f1": 0.4686756217799896, "min_score": 0.05000047758221626, "AP": 36.11664416217879, "AP50": 55.44651315767306, "AP75": 38.671238915727955, "APs": 19.51465174897566, "APm": 38.91601604085014, "APl": 49.513423851546506}