{"quality": 61, "model": "R50_FPN", "elapsed": 557.6708810329437, "tp": 24084, "fp": 10245, "precision": 0.7015642751026828, "recall": 0.6628319801843953, "f1": 0.6816483640892109, "min_score": 0.5000298023223877, "AP": 34.19463964294172, "AP50": 50.73939288664177, "AP75": 37.89773941100408, "APs": 16.545775705016872, "APm": 37.29156431682702, "APl": 47.45753794941704}