{"quality": 89, "model": "R50_DC5", "elapsed": 1023.5881643295288, "tp": 28612, "fp": 17687, "precision": 0.6179831097863885, "recall": 0.7874501169671116, "f1": 0.6924994554299683, "min_score": 0.5000038743019104, "AP": 36.508992692734374, "AP50": 55.33226008654345, "AP75": 39.879488815702594, "APs": 18.072894340930972, "APm": 40.737442250250986, "APl": 49.84999633187631}