{"quality": 87, "model": "R50_DC5", "elapsed": 989.9752595424652, "tp": 43178, "fp": 127904, "precision": 0.25238189873861655, "recall": 1.1883308105132793, "f1": 0.41634002998789876, "min_score": 0.050000447779893875, "AP": 38.73997837183946, "AP50": 60.03480830868554, "AP75": 41.68705853095045, "APs": 20.725573940139366, "APm": 42.94561364025031, "APl": 52.02364224736509}