{"quality": 17, "model": "R50", "elapsed": 501.6729860305786, "tp": 39178, "fp": 422346, "precision": 0.08488832650089703, "recall": 1.0782441172423283, "f1": 0.1573859265374333, "min_score": 0.05000004917383194, "AP": 23.53205797126778, "AP50": 38.21681237200374, "AP75": 24.20386922103667, "APs": 10.974700074589236, "APm": 25.973842747536434, "APl": 32.72084205763474}