{"quality": 85, "model": "X101", "elapsed": 2923.5917031764984, "tp": 41174, "fp": 68733, "precision": 0.3746258200114642, "recall": 1.1331773771845328, "f1": 0.5630940495890373, "min_score": 0.05000024661421776, "AP": 42.389994814465915, "AP50": 63.102376021198396, "AP75": 46.2096087656852, "APs": 26.858237601765023, "APm": 45.37370793143276, "APl": 54.29830674098394}