{"quality": 18, "model": "R101_FPN", "elapsed": 648.3877463340759, "tp": 36759, "fp": 103649, "precision": 0.26180132186200217, "recall": 1.0116691894867207, "f1": 0.41595989657299015, "min_score": 0.05000080168247223, "AP": 27.42733675742014, "AP50": 44.20475219298353, "AP75": 28.544534055872738, "APs": 13.353231238853217, "APm": 29.73819637615022, "APl": 38.56640946902401}