{"quality": 80, "model": "R101_DC5", "elapsed": 1132.8177869319916, "tp": 43262, "fp": 121043, "precision": 0.2633030035604516, "recall": 1.190642631071969, "f1": 0.4312400318979267, "min_score": 0.05000002682209015, "AP": 39.58440028047268, "AP50": 60.47244739247106, "AP75": 42.578001397408926, "APs": 20.730282887212777, "APm": 43.84866751389984, "APl": 53.399591197508656}