{"quality": 26, "model": "R101_FPN", "elapsed": 646.3681983947754, "tp": 21321, "fp": 8788, "precision": 0.7081271380650304, "recall": 0.5867895968074859, "f1": 0.6417735235687194, "min_score": 0.500007688999176, "AP": 29.68373283129563, "AP50": 44.541874088101416, "AP75": 32.42155214079711, "APs": 13.306114934249589, "APm": 32.34388911218025, "APl": 42.83145022549394}