{"quality": 2, "model": "R50_FPN", "elapsed": 554.1923418045044, "tp": 396, "fp": 7250, "precision": 0.05179178655506147, "recall": 0.010898582633824136, "f1": 0.01800777608512767, "min_score": 0.5000109672546387, "AP": 0.591990146515173, "AP50": 1.0564766473835652, "AP75": 0.569727207277317, "APs": 0.15693185446361432, "APm": 0.5381661787738671, "APl": 0.9998127838478683}