{"quality": 65, "model": "R101_DC5", "elapsed": 1133.463145494461, "tp": 42705, "fp": 121312, "precision": 0.26036935195741906, "recall": 1.1753130590339893, "f1": 0.4262997125059895, "min_score": 0.050001077353954315, "AP": 38.75876209698363, "AP50": 59.42858472553204, "AP75": 41.26336846188157, "APs": 19.76716988994222, "APm": 42.9117781298949, "APl": 53.09627259738535}