{"quality": 39, "model": "R50_C4", "elapsed": 1335.6394243240356, "tp": 40568, "fp": 151558, "precision": 0.21115309744646743, "recall": 1.1164992431539837, "f1": 0.3551415777747624, "min_score": 0.05000036954879761, "AP": 34.06325573385621, "AP50": 53.16800443716796, "AP75": 36.45564094033803, "APs": 15.5466643313689, "APm": 37.68199569888772, "APl": 48.92833412398841}