{"quality": 25, "model": "R101_FPN", "elapsed": 646.7698040008545, "tp": 21088, "fp": 8765, "precision": 0.7063946672026262, "recall": 0.580377046924453, "f1": 0.6372152051731432, "min_score": 0.5000029802322388, "AP": 29.232098267247668, "AP50": 43.73425180191812, "AP75": 31.916967224663097, "APs": 13.140477816150947, "APm": 31.862067451599067, "APl": 42.06556667204361}