{"quality": 12, "model": "R50", "elapsed": 502.0634117126465, "tp": 34459, "fp": 441559, "precision": 0.07239011970135584, "recall": 0.9483693408559241, "f1": 0.13451272852896343, "min_score": 0.05000133812427521, "AP": 15.902675784468343, "AP50": 26.750906704528248, "AP75": 15.995757364014592, "APs": 7.082969943181556, "APm": 18.027795894519823, "APl": 22.246030688386796}