{"quality": 88, "model": "R101", "elapsed": 666.5909070968628, "tp": 45464, "fp": 329543, "precision": 0.12123507027868813, "recall": 1.2512453557176277, "f1": 0.22105206859498908, "min_score": 0.05000047758221626, "AP": 39.97063469235141, "AP50": 59.740909674018425, "AP75": 42.499122741359876, "APs": 23.781999003538356, "APm": 43.79531890713197, "APl": 51.85219538716341}