{"quality": 28, "model": "R50_DC5", "elapsed": 1911.4438848495483, "tp": 24536, "fp": 16937, "precision": 0.5916138210401948, "recall": 0.6752717765240127, "f1": 0.6306806498046473, "min_score": 0.5000286102294922, "AP": 29.64881705857073, "AP50": 46.38159059549752, "AP75": 31.674907360366884, "APs": 12.561679611715022, "APm": 32.90105883421496, "APl": 43.01261330613483}