{"quality": 20, "model": "R50_FPN", "elapsed": 555.4356544017792, "tp": 18878, "fp": 9268, "precision": 0.6707169757692034, "recall": 0.5195541488922526, "f1": 0.5855368248011042, "min_score": 0.500041127204895, "AP": 23.62940118317661, "AP50": 36.89913624442261, "AP75": 25.516056464509894, "APs": 10.262834456994186, "APm": 26.040364972091055, "APl": 34.38425572978595}