{"quality": 77, "model": "R101_FPN", "elapsed": 650.1150217056274, "tp": 41943, "fp": 90882, "precision": 0.31577639751552794, "recall": 1.154341543965873, "f1": 0.49589737526602035, "min_score": 0.050000693649053574, "AP": 40.977038322439604, "AP50": 61.266195117060164, "AP75": 44.820880059450346, "APs": 24.0386191570768, "APm": 44.221515259076114, "APl": 53.88151730171048}