{"quality": 4, "model": "R101_DC5", "elapsed": 1117.043698310852, "tp": 7614, "fp": 131854, "precision": 0.05459316832535062, "recall": 0.209550020641255, "f1": 0.08661968225798194, "min_score": 0.05000021681189537, "AP": 2.0562832353631606, "AP50": 3.6985695212749117, "AP75": 1.9755384164584455, "APs": 0.6009451293994512, "APm": 2.1073872101190294, "APl": 3.792327976158428}