{"quality": 74, "model": "R50", "elapsed": 484.2171723842621, "tp": 17988, "fp": 3986, "precision": 0.8186038044962228, "recall": 0.4950598596394661, "f1": 0.6169888010427207, "min_score": 0.5000121593475342, "AP": 30.304710400084122, "AP50": 42.697169472341564, "AP75": 33.39771811640787, "APs": 12.169156646743508, "APm": 33.51045133387229, "APl": 43.53135555883991}