{"quality": 48, "model": "R50_DC5", "elapsed": 1905.1656851768494, "tp": 26430, "fp": 16837, "precision": 0.6108581597984607, "recall": 0.7273978257878079, "f1": 0.6640536669932916, "min_score": 0.5000007748603821, "AP": 33.335600611161844, "AP50": 51.269884183536995, "AP75": 36.53411447727962, "APs": 14.739726885282451, "APm": 36.95553859105765, "APl": 47.269023546792475}