{"quality": 67, "model": "R101_FPN", "elapsed": 650.2311232089996, "tp": 41553, "fp": 90539, "precision": 0.3145762044635557, "recall": 1.1436080913719555, "f1": 0.4934244509490759, "min_score": 0.05000002682209015, "AP": 40.263634792803096, "AP50": 60.332676028887256, "AP75": 43.864719494800106, "APs": 22.655864918197825, "APm": 43.77755790533907, "APl": 53.379166764145204}