{"quality": 28, "model": "R50", "elapsed": 483.50037360191345, "tp": 15097, "fp": 3560, "precision": 0.8091869003591146, "recall": 0.41549470207788636, "f1": 0.5490616816991564, "min_score": 0.5000108480453491, "AP": 24.5210310484889, "AP50": 35.08848177793061, "AP75": 27.224748920607272, "APs": 8.161774770150277, "APm": 27.211822472059154, "APl": 36.950150992145566}