{"quality": 62, "model": "R50", "elapsed": 483.73354291915894, "tp": 17422, "fp": 3861, "precision": 0.8185876051308556, "recall": 0.4794825925416265, "f1": 0.6047415738137387, "min_score": 0.5000496506690979, "AP": 29.20658745658716, "AP50": 41.167376005945314, "AP75": 32.106364245771346, "APs": 11.353694018130412, "APm": 32.12740607861324, "APl": 42.48481387698694}