{"quality": 13, "model": "R101", "elapsed": 700.0855467319489, "tp": 10052, "fp": 2419, "precision": 0.8060299895758158, "recall": 0.27664786018989956, "f1": 0.41191656763512685, "min_score": 0.500045657157898, "AP": 13.938034886006173, "AP50": 20.86541732101929, "AP75": 15.037953045342501, "APs": 4.484196196970176, "APm": 15.897029650749579, "APl": 20.69339177639378}