{"quality": 56, "model": "R50_DC5", "elapsed": 1893.2391731739044, "tp": 26893, "fp": 16892, "precision": 0.6142057782345552, "recall": 0.7401403605339205, "f1": 0.6713180229655517, "min_score": 0.5000006556510925, "AP": 33.986663135934776, "AP50": 52.12178575662628, "AP75": 37.17776232870077, "APs": 15.35044087463958, "APm": 37.82798824276056, "APl": 47.63775765033426}