{"quality": 92, "model": "R50", "elapsed": 498.63211035728455, "tp": 45169, "fp": 357898, "precision": 0.11206325499234619, "recall": 1.243126462088895, "f1": 0.20559305601704136, "min_score": 0.050000179558992386, "AP": 38.369731508564705, "AP50": 57.65114687259445, "AP75": 40.874957349030076, "APs": 23.791903780476726, "APm": 42.00021039696693, "APl": 49.96947423403562}