{"quality": 4, "model": "R101", "elapsed": 695.5928084850311, "tp": 733, "fp": 532, "precision": 0.5794466403162055, "recall": 0.020173386541901747, "f1": 0.03898936170212766, "min_score": 0.5000466108322144, "AP": 1.3011071711970046, "AP50": 2.0573988178626554, "AP75": 1.3647714394537633, "APs": 0.26427342440990603, "APm": 1.3366111788153374, "APl": 1.995320126592768}