{"quality": 9, "model": "X101", "elapsed": 2943.380607843399, "tp": 21753, "fp": 75349, "precision": 0.2240221622623633, "recall": 0.5986789596807486, "f1": 0.3260415027316262, "min_score": 0.05000033974647522, "AP": 10.530334570437022, "AP50": 18.129098377237653, "AP75": 10.604913414485354, "APs": 4.788583208725548, "APm": 12.130117153897599, "APl": 14.768283019704478}