{"quality": 71, "model": "R50_DC5", "elapsed": 1029.9078109264374, "tp": 27564, "fp": 16931, "precision": 0.6194853354309473, "recall": 0.7586074033301224, "f1": 0.6820240009897315, "min_score": 0.5000040531158447, "AP": 35.18093069670273, "AP50": 53.62312860153359, "AP75": 38.20305928806301, "APs": 16.686773046517057, "APm": 39.22196761157758, "APl": 48.77821683228492}