{"quality": 89, "model": "R101", "elapsed": 667.1942558288574, "tp": 45506, "fp": 329534, "precision": 0.12133639078498294, "recall": 1.2524012659969725, "f1": 0.2212385293223944, "min_score": 0.05000009015202522, "AP": 40.06996220537962, "AP50": 59.82507530755844, "AP75": 42.65107447282622, "APs": 23.599119420011064, "APm": 44.01528341799252, "APl": 51.857172565225106}