{"quality": 50, "model": "X101", "elapsed": 2948.1868510246277, "tp": 39993, "fp": 69683, "precision": 0.36464677778183013, "recall": 1.1006742809962846, "f1": 0.5478080418598599, "min_score": 0.050000496208667755, "AP": 39.865847097819696, "AP50": 60.013488634900256, "AP75": 42.80482288783841, "APs": 22.281999416702163, "APm": 42.95701970450088, "APl": 52.74516397673422}