{"quality": 71, "model": "R101_DC5", "elapsed": 1127.302413225174, "tp": 28046, "fp": 16492, "precision": 0.629709461583367, "recall": 0.7718728498692721, "f1": 0.6935812941278301, "min_score": 0.5000101327896118, "AP": 36.66071879732801, "AP50": 54.87808536497894, "AP75": 39.82789452384158, "APs": 17.52760702434756, "APm": 40.81355957209629, "APl": 51.373852364240605}