{"quality": 84, "model": "R50_FPN", "elapsed": 485.3879384994507, "tp": 42471, "fp": 106441, "precision": 0.28520871387127966, "recall": 1.1688729874776387, "f1": 0.45853374143710823, "min_score": 0.05000144615769386, "AP": 39.49465086033914, "AP50": 59.92053117089981, "AP75": 42.844373826230225, "APs": 22.955249359039236, "APm": 42.60099933663557, "APl": 51.794299681963196}