{"quality": 87, "model": "R50_DC5", "elapsed": 1024.5107860565186, "tp": 28510, "fp": 17656, "precision": 0.6175540441017199, "recall": 0.7846429062887024, "f1": 0.6911431376589374, "min_score": 0.5000012516975403, "AP": 36.41585685990004, "AP50": 55.11160600160303, "AP75": 39.80367597540073, "APs": 17.885843967589036, "APm": 40.610104543347205, "APl": 49.84387249671397}