{"quality": 23, "model": "R50_C4", "elapsed": 1442.7440695762634, "tp": 38680, "fp": 186063, "precision": 0.17210769634649356, "recall": 1.064538323930095, "f1": 0.29630991504454607, "min_score": 0.0500001423060894, "AP": 28.892921786151632, "AP50": 46.40296079102053, "AP75": 30.51390834437781, "APs": 12.538942257764043, "APm": 32.01562237971656, "APl": 42.16703255829374}