{"quality": 65, "model": "R101_C4", "elapsed": 1593.2595212459564, "tp": 27176, "fp": 15873, "precision": 0.6312806336964853, "recall": 0.7479289940828402, "f1": 0.6846719742013504, "min_score": 0.5000311136245728, "AP": 36.42284745245031, "AP50": 53.47587876854036, "AP75": 39.42278129084904, "APs": 16.42691960132355, "APm": 40.61421992866634, "APl": 51.95382912060147}