{"quality": 52, "model": "R101", "elapsed": 701.4815378189087, "tp": 17833, "fp": 3854, "precision": 0.8222898510628487, "recall": 0.49079400027521675, "f1": 0.6146978732205026, "min_score": 0.500007152557373, "AP": 30.43992244426445, "AP50": 42.755173889923206, "AP75": 33.551371122570764, "APs": 12.225187182969565, "APm": 33.63246167513944, "APl": 43.53687178315289}