{"quality": 14, "model": "R101_DC5", "elapsed": 1146.4399592876434, "tp": 35409, "fp": 167170, "precision": 0.1747910691631413, "recall": 0.9745149305077748, "f1": 0.2964162836836686, "min_score": 0.050000134855508804, "AP": 21.767093256892363, "AP50": 36.35321595551327, "AP75": 22.37313572600336, "APs": 9.27039254450747, "APm": 24.272371143764378, "APl": 31.544010344411127}