{"quality": 45, "model": "R50_FPN", "elapsed": 485.20956802368164, "tp": 41115, "fp": 108638, "precision": 0.27455209578439166, "recall": 1.1315535984587863, "f1": 0.4418877090408839, "min_score": 0.050001297146081924, "AP": 36.60546830758466, "AP50": 56.407079613837944, "AP75": 39.248616657523314, "APs": 20.17805208658516, "APm": 39.67813428571176, "APl": 49.11941331619426}