{"quality": 49, "model": "R50_DC5", "elapsed": 1044.1621148586273, "tp": 42096, "fp": 131531, "precision": 0.24245077090544673, "recall": 1.158552359983487, "f1": 0.40098684523866224, "min_score": 0.05000144615769386, "AP": 35.97364394166973, "AP50": 56.68027503838007, "AP75": 38.567172845886546, "APs": 17.921660417410575, "APm": 39.643127580069496, "APl": 49.960707018622585}