{"quality": 88, "model": "R101_FPN", "elapsed": 647.2878880500793, "tp": 25861, "fp": 10358, "precision": 0.7140175046246445, "recall": 0.7117379936700151, "f1": 0.7128759268958292, "min_score": 0.5000014305114746, "AP": 38.1245139490068, "AP50": 54.97963921766771, "AP75": 42.26299799777178, "APs": 20.319787627143622, "APm": 41.61126176010961, "APl": 51.26940808481031}