{"quality": 44, "model": "R101", "elapsed": 701.2563786506653, "tp": 17456, "fp": 3747, "precision": 0.8232797245672783, "recall": 0.48041832943442964, "f1": 0.6067642253814871, "min_score": 0.5000007748603821, "AP": 29.811851579447872, "AP50": 41.9290036151807, "AP75": 32.61644507729991, "APs": 11.767650618716639, "APm": 32.88121962371126, "APl": 42.571257397057224}