{"quality": 72, "model": "R50_DC5", "elapsed": 1032.5006222724915, "tp": 27571, "fp": 17035, "precision": 0.6181007039411738, "recall": 0.7588000550433467, "f1": 0.6812616597274558, "min_score": 0.5000013113021851, "AP": 35.26923829151717, "AP50": 53.67624634548696, "AP75": 38.3461796041655, "APs": 16.689320967821264, "APm": 39.24027659399917, "APl": 48.69066746664042}