{"quality": 63, "model": "X101", "elapsed": 2928.8334131240845, "tp": 40251, "fp": 69116, "precision": 0.368036062066254, "recall": 1.107774872712261, "f1": 0.5525112901676024, "min_score": 0.05000141263008118, "AP": 41.02137744364829, "AP50": 61.33099777257287, "AP75": 44.49587632095316, "APs": 23.699085958392413, "APm": 44.405945019787616, "APl": 53.58851368924725}