{"quality": 46, "model": "R50_C4", "elapsed": 1320.6811606884003, "tp": 40757, "fp": 146281, "precision": 0.21790759097081877, "recall": 1.1217008394110362, "f1": 0.36492324497589235, "min_score": 0.050000473856925964, "AP": 34.951183445275916, "AP50": 54.30335598510805, "AP75": 37.482854834628974, "APs": 16.67015959426214, "APm": 38.80807237842999, "APl": 50.0384838570342}