{"quality": 43, "model": "R101", "elapsed": 701.8639810085297, "tp": 17355, "fp": 3760, "precision": 0.8219275396637461, "recall": 0.4776386404293381, "f1": 0.604177545691906, "min_score": 0.5000044107437134, "AP": 29.561158269563176, "AP50": 41.39231139049359, "AP75": 32.50454794952365, "APs": 11.611797341069503, "APm": 32.682185909555, "APl": 42.19077458871926}