{"quality": 48, "model": "R101_DC5", "elapsed": 1128.0298972129822, "tp": 26888, "fp": 16027, "precision": 0.6265408365373413, "recall": 0.7400027521673318, "f1": 0.6785615141955836, "min_score": 0.500004231929779, "AP": 35.00143201476027, "AP50": 52.615648593109874, "AP75": 38.06105604171862, "APs": 16.05649733019692, "APm": 38.80638313105098, "APl": 49.55671096576492}