{"quality": 62, "model": "R50_C4", "elapsed": 1335.7626218795776, "tp": 26426, "fp": 16841, "precision": 0.6107657105877459, "recall": 0.7272877390945369, "f1": 0.663953167005854, "min_score": 0.5000007748603821, "AP": 33.688468135775686, "AP50": 50.49550695530538, "AP75": 36.93528990370556, "APs": 14.857766030310499, "APm": 36.99866018702379, "APl": 48.85615703748257}