{"quality": 12, "model": "R101_FPN", "elapsed": 643.2878119945526, "tp": 12819, "fp": 6692, "precision": 0.6570139921070166, "recall": 0.3528003302600798, "f1": 0.4590839093220642, "min_score": 0.5000209212303162, "AP": 14.33861068334226, "AP50": 22.50174300391958, "AP75": 15.318660435797348, "APs": 5.841373307630262, "APm": 16.26187769628266, "APl": 20.228414094737165}