{"quality": 43, "model": "R50", "elapsed": 499.49209475517273, "tp": 43672, "fp": 372475, "precision": 0.10494368576488597, "recall": 1.2019265171322417, "f1": 0.19303309302911498, "min_score": 0.05000002309679985, "AP": 34.463080793431686, "AP50": 52.810420800143575, "AP75": 36.266854299174234, "APs": 17.8320744350174, "APm": 37.76526708792417, "APl": 46.367150307998195}