{"quality": 35, "model": "R101", "elapsed": 668.8728880882263, "tp": 43698, "fp": 349043, "precision": 0.11126416646084825, "recall": 1.2026420806385028, "f1": 0.20368419580680347, "min_score": 0.050000034272670746, "AP": 35.376590861890314, "AP50": 53.784157667859155, "AP75": 37.46274592290624, "APs": 17.67692727637521, "APm": 38.742688457157655, "APl": 47.54444066026618}