{"quality": 56, "model": "R50_C4", "elapsed": 1364.4936468601227, "tp": 26290, "fp": 16878, "precision": 0.6090159377316531, "recall": 0.7235447915233246, "f1": 0.6613586908670113, "min_score": 0.5000027418136597, "AP": 33.275819008719346, "AP50": 50.07379209545668, "AP75": 36.396952961694545, "APs": 14.05257381738432, "APm": 36.745314464242014, "APl": 48.53846980491362}