{"quality": 56, "model": "R101_DC5", "elapsed": 1133.726058959961, "tp": 42529, "fp": 122234, "precision": 0.2581222725976099, "recall": 1.1704692445300675, "f1": 0.4229679061949895, "min_score": 0.050000615417957306, "AP": 38.078307880042466, "AP50": 58.663809589638895, "AP75": 40.83457185876699, "APs": 19.37242110388676, "APm": 41.97129579123602, "APl": 52.19525949902272}