{"quality": 93, "model": "R101_C4", "elapsed": 1594.8413910865784, "tp": 43017, "fp": 126947, "precision": 0.2530947730107552, "recall": 1.1838998211091234, "f1": 0.41703546793731433, "min_score": 0.05000051110982895, "AP": 40.81529251000669, "AP50": 60.917986355842544, "AP75": 43.90377884535384, "APs": 22.121088449183393, "APm": 45.4034436080713, "APl": 55.58572624747396}