{"quality": 33, "model": "R101_C4", "elapsed": 1619.927565574646, "tp": 40897, "fp": 133397, "precision": 0.23464376283750443, "recall": 1.1255538736755195, "f1": 0.38833209102260374, "min_score": 0.05000017583370209, "AP": 35.817388668061064, "AP50": 54.49738818724003, "AP75": 38.00831454856626, "APs": 16.584437638067445, "APm": 39.57978587346229, "APl": 51.442558332110586}