{"quality": 52, "model": "R101", "elapsed": 668.0616462230682, "tp": 44443, "fp": 338164, "precision": 0.11615835570180368, "recall": 1.2231457272602175, "f1": 0.2121677941099245, "min_score": 0.050000354647636414, "AP": 37.39557390796253, "AP50": 56.49896490587879, "AP75": 39.60172775722655, "APs": 19.73248895704644, "APm": 41.169155688495124, "APl": 49.582066644602605}