{"quality": 15, "model": "R101_DC5", "elapsed": 1137.3638248443604, "tp": 19559, "fp": 14712, "precision": 0.570715765516034, "recall": 0.5382964084216321, "f1": 0.5540322352208028, "min_score": 0.5000271201133728, "AP": 21.01011871233409, "AP50": 33.508337475323444, "AP75": 22.546489572048394, "APs": 8.35971356527168, "APm": 23.686705205345365, "APl": 30.147550243544774}