{"quality": 58, "model": "R50_DC5", "elapsed": 1879.5497417449951, "tp": 26852, "fp": 16917, "precision": 0.6134935685073911, "recall": 0.7390119719278933, "f1": 0.6704284430240688, "min_score": 0.5000101327896118, "AP": 34.28242183877019, "AP50": 52.31904620989015, "AP75": 37.63507163816444, "APs": 15.558361802759347, "APm": 38.020871074771634, "APl": 47.94111322464095}