{"quality": 9, "model": "R101_DC5", "elapsed": 1131.2031407356262, "tp": 11957, "fp": 11808, "precision": 0.5031348621922996, "recall": 0.3290766478601899, "f1": 0.3979034941763727, "min_score": 0.5000109076499939, "AP": 10.248286343484924, "AP50": 16.942010862500894, "AP75": 10.76095637224725, "APs": 4.246314653998521, "APm": 11.484306050943436, "APl": 14.490113334703386}