{"quality": 97, "model": "R50", "elapsed": 484.21629190444946, "tp": 18850, "fp": 4293, "precision": 0.8145011450546602, "recall": 0.518783542039356, "f1": 0.6338478092740172, "min_score": 0.5000139474868774, "AP": 31.65374087297626, "AP50": 44.42432131823493, "AP75": 35.0239913541737, "APs": 14.065314204967494, "APm": 35.06276004140904, "APl": 44.118696208959065}