{"quality": 58, "model": "R50", "elapsed": 483.7687964439392, "tp": 17235, "fp": 3850, "precision": 0.8174057386767845, "recall": 0.47433603963120957, "f1": 0.6003134796238244, "min_score": 0.5000051259994507, "AP": 28.949673597195165, "AP50": 40.72265026522322, "AP75": 32.06869609815409, "APs": 11.004637642038826, "APm": 31.829746064069504, "APl": 42.29172907382331}