{"quality": 85, "model": "R50_DC5", "elapsed": 1027.4754691123962, "tp": 28385, "fp": 17453, "precision": 0.619246040403159, "recall": 0.7812026971239852, "f1": 0.6908595280688304, "min_score": 0.5000038743019104, "AP": 36.07896553215472, "AP50": 54.648013524884675, "AP75": 39.41572323531104, "APs": 17.81073901043558, "APm": 40.44200657321371, "APl": 49.61999072774734}