{"quality": 68, "model": "R50", "elapsed": 483.66787672042847, "tp": 17705, "fp": 3895, "precision": 0.819675925925926, "recall": 0.4872712260905463, "f1": 0.6112022093725726, "min_score": 0.500004768371582, "AP": 29.871700006921397, "AP50": 42.08076356110458, "AP75": 32.96301405328855, "APs": 11.739496736946077, "APm": 33.040196531431235, "APl": 42.7398107511088}