{"quality": 51, "model": "X101", "elapsed": 2950.2374391555786, "tp": 24541, "fp": 9368, "precision": 0.7237311628181309, "recall": 0.6754093848906013, "f1": 0.698735835089118, "min_score": 0.5000122785568237, "AP": 36.36477089642111, "AP50": 53.01748534418365, "AP75": 39.7817346643839, "APs": 17.753679613577212, "APm": 39.68622194444816, "APl": 49.421104707006855}