{"quality": 53, "model": "R101_FPN", "elapsed": 647.7756731510162, "tp": 24056, "fp": 9361, "precision": 0.7198731184726337, "recall": 0.6620613733314985, "f1": 0.6897579997706158, "min_score": 0.500040590763092, "AP": 35.21236242715213, "AP50": 51.48766890925227, "AP75": 38.7236874172084, "APs": 16.977411611255402, "APm": 38.67320757361778, "APl": 48.90342513894013}