{"quality": 46, "model": "R50_FPN", "elapsed": 559.1679797172546, "tp": 23299, "fp": 10044, "precision": 0.6987673574663348, "recall": 0.6412274666299711, "f1": 0.6687620195757629, "min_score": 0.5000200867652893, "AP": 32.876257263310286, "AP50": 49.13658779329306, "AP75": 36.32059240876046, "APs": 15.449977971337514, "APm": 36.03888635767948, "APl": 46.288185645829884}