{"quality": 42, "model": "R50_FPN", "elapsed": 556.9160306453705, "tp": 22967, "fp": 10004, "precision": 0.6965818446513603, "recall": 0.6320902710884821, "f1": 0.6627709000663723, "min_score": 0.5000221133232117, "AP": 32.28919883505681, "AP50": 48.47343032708412, "AP75": 35.36944164029492, "APs": 15.222671685743446, "APm": 35.31782987167485, "APl": 45.18583914661074}