{"quality": 51, "model": "R50_C4", "elapsed": 1316.2803101539612, "tp": 40904, "fp": 144248, "precision": 0.2209211890770826, "recall": 1.1257465253887435, "f1": 0.3693580210125199, "min_score": 0.050000183284282684, "AP": 35.24913117501467, "AP50": 54.72963945609675, "AP75": 37.8465937679943, "APs": 17.155346033700482, "APm": 39.08616779355433, "APl": 50.00915009441586}