{"quality": 27, "model": "R50_C4", "elapsed": 1396.6721680164337, "tp": 39291, "fp": 171580, "precision": 0.18632718581502436, "recall": 1.0813540663272327, "f1": 0.317880633965195, "min_score": 0.05000065639615059, "AP": 30.919744860625777, "AP50": 48.977876978265414, "AP75": 32.50677172502979, "APs": 13.86931783575964, "APm": 34.18399338537187, "APl": 44.94071228105743}