{"quality": 46, "model": "R101_FPN", "elapsed": 647.7280538082123, "tp": 23678, "fp": 9208, "precision": 0.7200024326461109, "recall": 0.6516581808173937, "f1": 0.6841276491238208, "min_score": 0.5000227093696594, "AP": 34.406118863836376, "AP50": 50.33214830859504, "AP75": 37.76939832157381, "APs": 16.997807220471714, "APm": 37.34489246421135, "APl": 48.34007365729144}