{"quality": 99, "model": "R101_DC5", "elapsed": 1127.1796834468842, "tp": 29186, "fp": 17760, "precision": 0.6216930089890512, "recall": 0.803247557451493, "f1": 0.7009041678173894, "min_score": 0.5000036358833313, "AP": 38.309046832262744, "AP50": 56.767283973200335, "AP75": 42.099549178621, "APs": 19.387614301232432, "APm": 42.79449798835158, "APl": 52.352230686678624}