{"quality": 69, "model": "R101_C4", "elapsed": 1591.9607424736023, "tp": 27409, "fp": 16080, "precision": 0.6302513279220032, "recall": 0.7543415439658732, "f1": 0.6867358188013629, "min_score": 0.5000233054161072, "AP": 36.73783398155053, "AP50": 53.97934728582202, "AP75": 39.82817017428023, "APs": 16.844431038933365, "APm": 40.91271651688195, "APl": 52.5165656110579}