{"quality": 69, "model": "R50_DC5", "elapsed": 992.5672793388367, "tp": 42490, "fp": 127814, "precision": 0.24949502066892146, "recall": 1.1693958992706757, "f1": 0.4112486026355141, "min_score": 0.050000254064798355, "AP": 37.397171005232245, "AP50": 58.52466254637183, "AP75": 39.98588791718046, "APs": 20.082489363461896, "APm": 41.530601134105424, "APl": 50.949689403585694}