{"quality": 65, "model": "X101", "elapsed": 2931.0297503471375, "tp": 40523, "fp": 68918, "precision": 0.37027256695388383, "recall": 1.1152607678546855, "f1": 0.5559625727143014, "min_score": 0.05000010505318642, "AP": 41.09321740160511, "AP50": 61.44973885057322, "AP75": 44.518881431781246, "APs": 23.766540203053815, "APm": 44.44526350987511, "APl": 53.75139322610873}