{"quality": 97, "model": "R101_DC5", "elapsed": 1127.4049108028412, "tp": 29171, "fp": 17720, "precision": 0.622102322407285, "recall": 0.802834732351727, "f1": 0.7010068968831856, "min_score": 0.5000057816505432, "AP": 38.301489066829184, "AP50": 56.751347310615074, "AP75": 42.12110108124906, "APs": 19.358951336876114, "APm": 42.786773178885994, "APl": 52.39893391532235}