{"quality": 88, "model": "R101_FPN", "elapsed": 650.283411026001, "tp": 42309, "fp": 92042, "precision": 0.31491391950934494, "recall": 1.1644144764001652, "f1": 0.49575243429455257, "min_score": 0.050000425428152084, "AP": 41.81725119712309, "AP50": 62.13274527711228, "AP75": 45.53427040410967, "APs": 24.9507558326356, "APm": 45.10027509030437, "APl": 54.77338634853196}