{"quality": 95, "model": "R50_FPN", "elapsed": 485.1312553882599, "tp": 42817, "fp": 107686, "precision": 0.2844926679202408, "recall": 1.178395486445576, "f1": 0.45833288731414384, "min_score": 0.05000137537717819, "AP": 40.10417566087572, "AP50": 60.87064179927728, "AP75": 43.64207771312273, "APs": 24.01285621554048, "APm": 43.458388500043824, "APl": 51.77328387636566}