{"quality": 54, "model": "R101_FPN", "elapsed": 649.7984025478363, "tp": 41215, "fp": 90521, "precision": 0.3128605696240967, "recall": 1.13430576579056, "f1": 0.4904474894538618, "min_score": 0.050000373274087906, "AP": 39.133953312780086, "AP50": 59.3745370500795, "AP75": 42.13309595117978, "APs": 21.43715777820703, "APm": 42.62555137397307, "APl": 52.10256919902129}