{"quality": 39, "model": "R50_DC5", "elapsed": 1052.3175511360168, "tp": 41547, "fp": 135703, "precision": 0.23439774330042312, "recall": 1.143442961332049, "f1": 0.389044174450453, "min_score": 0.05000067129731178, "AP": 34.9138123371369, "AP50": 55.30877715443574, "AP75": 37.13957562752774, "APs": 17.51871989277663, "APm": 38.58285723818374, "APl": 48.54002764799459}