{"quality": 22, "model": "R101_DC5", "elapsed": 1138.4261991977692, "tp": 39924, "fp": 141268, "precision": 0.22034085390083447, "recall": 1.0987752855373607, "f1": 0.36707167386117584, "min_score": 0.050000645220279694, "AP": 30.71038543779817, "AP50": 49.33367989475122, "AP75": 31.978582734053546, "APs": 13.720834003363331, "APm": 34.14831736271379, "APl": 43.5928235071472}