{"quality": 78, "model": "R50_DC5", "elapsed": 993.4004263877869, "tp": 42843, "fp": 127365, "precision": 0.2517096728708404, "recall": 1.1791110499518371, "f1": 0.4148579230475011, "min_score": 0.05000152811408043, "AP": 38.00568224862973, "AP50": 59.266276569927726, "AP75": 40.709725151831044, "APs": 20.320295003178668, "APm": 41.974630912047985, "APl": 51.59866448799436}