{"quality": 52, "model": "R101_FPN", "elapsed": 649.9173400402069, "tp": 41087, "fp": 90907, "precision": 0.3112793005742685, "recall": 1.1307829916058896, "f1": 0.48817494311734755, "min_score": 0.05000074580311775, "AP": 38.97904657866994, "AP50": 59.07145262274464, "AP75": 41.87444841379251, "APs": 21.39264195141683, "APm": 42.251250164055506, "APl": 52.176418330694474}