{"quality": 92, "model": "R101_C4", "elapsed": 1589.066258430481, "tp": 28547, "fp": 17047, "precision": 0.6261130850550511, "recall": 0.7856612082014587, "f1": 0.6968716815779518, "min_score": 0.5000057816505432, "AP": 38.138831622722336, "AP50": 55.746153599069615, "AP75": 41.57777446487505, "APs": 18.918473379882947, "APm": 42.32268921536755, "APl": 53.38555269252946}