{"quality": 16, "model": "R50_DC5", "elapsed": 1047.7274940013885, "tp": 20197, "fp": 17087, "precision": 0.541706898401459, "recall": 0.5558552359983487, "f1": 0.5486898762547712, "min_score": 0.5000093579292297, "AP": 20.687841615291553, "AP50": 33.82739324905917, "AP75": 21.784645449134153, "APs": 8.564448109338125, "APm": 23.252250025921292, "APl": 31.088448730958284}