{"quality": 1, "model": "R101", "elapsed": 662.250143289566, "tp": 5147, "fp": 290680, "precision": 0.01739868233798808, "recall": 0.14165405256639604, "f1": 0.03099090202973248, "min_score": 0.0500001460313797, "AP": 0.8509494159839657, "AP50": 1.6410631705100411, "AP75": 0.7868023476225986, "APs": 0.33716180596693723, "APm": 0.7245429248362242, "APl": 1.6919200615351218}