{"quality": 52, "model": "R50_C4", "elapsed": 1315.6483421325684, "tp": 40977, "fp": 143227, "precision": 0.22245445267203753, "recall": 1.1277556075409385, "f1": 0.37160774284820375, "min_score": 0.050001781433820724, "AP": 35.43219118028232, "AP50": 54.98528084472786, "AP75": 37.903310243016165, "APs": 17.031466181533965, "APm": 39.20168671335062, "APl": 50.514917479388984}