{"quality": 59, "model": "R50", "elapsed": 498.68968439102173, "tp": 44175, "fp": 364576, "precision": 0.1080731300963178, "recall": 1.2157699188110638, "f1": 0.19850096385867, "min_score": 0.050000015646219254, "AP": 36.036557614530516, "AP50": 54.83589758222237, "AP75": 38.22188079142522, "APs": 19.49901994636761, "APm": 39.4589005846624, "APl": 47.9973061179491}