{"quality": 32, "model": "R50_DC5", "elapsed": 1053.143595457077, "tp": 41243, "fp": 141161, "precision": 0.22610798008815597, "recall": 1.1350763726434567, "f1": 0.3770978197760802, "min_score": 0.0500011146068573, "AP": 33.35033928460482, "AP50": 53.44571749422643, "AP75": 35.028868418909, "APs": 15.545788327284901, "APm": 36.906714456602444, "APl": 46.86532974115447}