{"quality": 7, "model": "R50_DC5", "elapsed": 1024.8460211753845, "tp": 7967, "fp": 14406, "precision": 0.3560988691726635, "recall": 0.2192651713224164, "f1": 0.2714110513047625, "min_score": 0.5000163316726685, "AP": 5.566914790240161, "AP50": 9.785360768491081, "AP75": 5.531839729568841, "APs": 2.3764878478632117, "APm": 6.9271446777580845, "APl": 7.615860692050627}