{"quality": 22, "model": "R50_DC5", "elapsed": 1067.972289800644, "tp": 39588, "fp": 159238, "precision": 0.19910876847092432, "recall": 1.0895280033026007, "f1": 0.33668848150841335, "min_score": 0.050000086426734924, "AP": 29.02060239785583, "AP50": 47.71632591699761, "AP75": 30.163158551576124, "APs": 13.371574975341579, "APm": 32.08565558788779, "APl": 41.39698897825275}