{"quality": 50, "model": "R50_C4", "elapsed": 1370.7953896522522, "tp": 25858, "fp": 16841, "precision": 0.6055879528794585, "recall": 0.7116554286500619, "f1": 0.6543512918490776, "min_score": 0.5000030994415283, "AP": 32.65780564058448, "AP50": 49.31631764511076, "AP75": 35.66739720074277, "APs": 13.809098146940002, "APm": 36.02279393438995, "APl": 47.6852744985075}