{"quality": 14, "model": "R50", "elapsed": 502.14212250709534, "tp": 36771, "fp": 433829, "precision": 0.07813642158946027, "recall": 1.0119994495665336, "f1": 0.14507185339343312, "min_score": 0.05000002309679985, "AP": 19.19758834159068, "AP50": 31.733558496980425, "AP75": 19.72301033035551, "APs": 8.540845333168031, "APm": 21.21474412559138, "APl": 27.071169234407055}