{"quality": 94, "model": "R101_C4", "elapsed": 1589.451669216156, "tp": 28675, "fp": 17131, "precision": 0.6260096930533118, "recall": 0.7891839823861291, "f1": 0.6981896982018724, "min_score": 0.5000019073486328, "AP": 38.249374053689934, "AP50": 55.911983705215164, "AP75": 41.71019980206168, "APs": 18.862317572182725, "APm": 42.54059296783594, "APl": 53.45134694958497}