{"quality": 79, "model": "R50_DC5", "elapsed": 1024.692135810852, "tp": 27945, "fp": 17262, "precision": 0.6181564801911208, "recall": 0.7690931608641806, "f1": 0.6854136518603908, "min_score": 0.5000308752059937, "AP": 35.69609639318916, "AP50": 54.07132743680434, "AP75": 39.09799067582193, "APs": 17.511057813904962, "APm": 39.51884194340644, "APl": 49.41606817108967}