{"quality": 80, "model": "X101", "elapsed": 2949.2950570583344, "tp": 25924, "fp": 10000, "precision": 0.7216345618528004, "recall": 0.7134718590890327, "f1": 0.7175299962634413, "min_score": 0.5000378489494324, "AP": 38.58409306605613, "AP50": 55.816130149653084, "AP75": 42.6419446694503, "APs": 21.17623934218833, "APm": 41.654117411999934, "APl": 51.50365130273011}