{"quality": 51, "model": "R50", "elapsed": 484.22019124031067, "tp": 16866, "fp": 3772, "precision": 0.8172303517782731, "recall": 0.46418054217696436, "f1": 0.5920699278605656, "min_score": 0.5000025629997253, "AP": 28.18686756459274, "AP50": 39.824524824566225, "AP75": 31.004532813929004, "APs": 10.643706406445341, "APm": 30.94502397251704, "APl": 41.43991021185811}