{"quality": 71, "model": "R50", "elapsed": 498.63308572769165, "tp": 44539, "fp": 359889, "precision": 0.11012837884617287, "recall": 1.2257878078987203, "f1": 0.20209954102318026, "min_score": 0.050000499933958054, "AP": 37.09783695972018, "AP50": 56.12652568550365, "AP75": 39.10095991594305, "APs": 21.043691037511707, "APm": 40.61984736707198, "APl": 48.91468327889179}