{"quality": 45, "model": "R50_FPN", "elapsed": 555.4838750362396, "tp": 23192, "fp": 9960, "precision": 0.699565637065637, "recall": 0.6382826475849732, "f1": 0.6675205434109976, "min_score": 0.5000695586204529, "AP": 32.83996712066231, "AP50": 48.980146147118745, "AP75": 36.002776949221136, "APs": 15.440410120917972, "APm": 35.97929601781239, "APl": 46.29248339031567}