{"quality": 73, "model": "R101_C4", "elapsed": 1594.0109584331512, "tp": 42380, "fp": 123787, "precision": 0.25504462378209874, "recall": 1.1663685152057246, "f1": 0.4185637672714344, "min_score": 0.050000302493572235, "AP": 39.528424345857985, "AP50": 59.43398285754549, "AP75": 42.35599360969997, "APs": 20.291137221398234, "APm": 43.97579483582568, "APl": 54.803662255264115}