{"quality": 70, "model": "R101_C4", "elapsed": 1595.4227497577667, "tp": 42339, "fp": 123728, "precision": 0.25495131483076106, "recall": 1.1652401265996972, "f1": 0.41836543117162867, "min_score": 0.05000251159071922, "AP": 39.476899672781315, "AP50": 59.393735116410696, "AP75": 42.26437893950898, "APs": 20.347907074382334, "APm": 43.87456696827372, "APl": 54.49386083183085}