{"quality": 55, "model": "R101_DC5", "elapsed": 1128.5918560028076, "tp": 27266, "fp": 16243, "precision": 0.6266749408168425, "recall": 0.7504059446814366, "f1": 0.6829818145383498, "min_score": 0.5000268816947937, "AP": 35.58471879915627, "AP50": 53.371028391728196, "AP75": 39.11915379323626, "APs": 16.21534556354832, "APm": 39.386854036459276, "APl": 50.10113078754861}