{"quality": 67, "model": "R50_C4", "elapsed": 1300.2101764678955, "tp": 41455, "fp": 137930, "precision": 0.2310951305850545, "recall": 1.1409109673868172, "f1": 0.38434081216391613, "min_score": 0.05000046640634537, "AP": 36.758050922187245, "AP50": 56.366576966632124, "AP75": 39.5075925695263, "APs": 18.931629591418776, "APm": 40.477124204936246, "APl": 51.74299369531469}