{"quality": 6, "model": "R101_C4", "elapsed": 1857.0918481349945, "tp": 16082, "fp": 217490, "precision": 0.06885243094206497, "recall": 0.44260355029585796, "f1": 0.11916697232750541, "min_score": 0.05000024661421776, "AP": 5.370028570947846, "AP50": 9.184106414078927, "AP75": 5.429706744484188, "APs": 1.907174909555252, "APm": 5.967980146171267, "APl": 8.954375750040956}