{"quality": 14, "model": "R101_C4", "elapsed": 1750.6937589645386, "tp": 34936, "fp": 183039, "precision": 0.16027526092441793, "recall": 0.961497179028485, "f1": 0.2747512877983563, "min_score": 0.05000036954879761, "AP": 22.233951269769815, "AP50": 36.17035519798604, "AP75": 23.229111966153535, "APs": 9.08959592034856, "APm": 24.595770016927805, "APl": 33.3744810945926}