{"quality": 82, "model": "R101_C4", "elapsed": 1593.58624792099, "tp": 42775, "fp": 124444, "precision": 0.25580227127300126, "recall": 1.1772395761662309, "f1": 0.42028159603839765, "min_score": 0.05000014975667, "AP": 40.12064344639795, "AP50": 60.05477342582224, "AP75": 43.00490858120928, "APs": 21.285246231253424, "APm": 44.0880988203532, "APl": 55.23762279040907}