{"quality": 4, "model": "R50", "elapsed": 497.50651574134827, "tp": 8155, "fp": 441177, "precision": 0.018149163647369872, "recall": 0.22443924590615108, "f1": 0.033582681137487205, "min_score": 0.050000205636024475, "AP": 1.7801149194972266, "AP50": 3.2868339570177465, "AP75": 1.7221906395576574, "APs": 0.7354621641692115, "APm": 1.8517985200494909, "APl": 2.9868232894983726}