{"quality": 69, "model": "R101", "elapsed": 668.1056201457977, "tp": 44951, "fp": 331898, "precision": 0.11928119750881652, "recall": 1.2371267373056283, "f1": 0.21758344950433703, "min_score": 0.050000160932540894, "AP": 38.77501962369422, "AP50": 57.988106323220414, "AP75": 41.15068073612807, "APs": 21.50279634800203, "APm": 42.51504540587207, "APl": 50.750646552072055}