{"quality": 40, "model": "R101_C4", "elapsed": 1610.0325336456299, "tp": 41343, "fp": 129557, "precision": 0.2419133996489175, "recall": 1.1378285399752306, "f1": 0.3989963085386156, "min_score": 0.050000641494989395, "AP": 36.74320381021914, "AP50": 55.79177001565432, "AP75": 39.24276298480926, "APs": 17.101785963641607, "APm": 40.9123068658975, "APl": 52.239300247284405}