{"quality": 91, "model": "R50_DC5", "elapsed": 1023.1705052852631, "tp": 28648, "fp": 17735, "precision": 0.6176400836513378, "recall": 0.7884408972065502, "f1": 0.6926666505476439, "min_score": 0.5000423789024353, "AP": 36.552447534118414, "AP50": 55.24569301889532, "AP75": 40.00850523474249, "APs": 17.99238662149326, "APm": 40.832413143512824, "APl": 50.13751434691511}