{"quality": 53, "model": "X101", "elapsed": 2948.2390596866608, "tp": 24715, "fp": 9425, "precision": 0.7239308728763914, "recall": 0.6801981560478877, "f1": 0.70138346931536, "min_score": 0.5000203847885132, "AP": 36.62722499300505, "AP50": 53.39048371407783, "AP75": 40.20272923981644, "APs": 18.08569882817099, "APm": 39.953929341572895, "APl": 49.51693320565103}