{"quality": 4, "model": "R50_C4", "elapsed": 1836.621917963028, "tp": 1967, "fp": 16389, "precision": 0.10715842231422967, "recall": 0.05413513141599009, "f1": 0.07193139639063101, "min_score": 0.5000040531158447, "AP": 1.5607900060730617, "AP50": 2.87749476589214, "AP75": 1.4973359663476045, "APs": 0.41203963044796355, "APm": 1.6961882977407097, "APl": 2.599017838271264}