{"quality": 74, "model": "R50_DC5", "elapsed": 995.4649522304535, "tp": 42681, "fp": 127191, "precision": 0.2512538852783272, "recall": 1.1746525388743636, "f1": 0.413962668580601, "min_score": 0.05000012367963791, "AP": 37.76212108186668, "AP50": 58.97144210809443, "AP75": 40.45567340784833, "APs": 19.652771243549484, "APm": 42.04312726379547, "APl": 51.06415269941732}