{"quality": 21, "model": "X101", "elapsed": 2951.922840118408, "tp": 36667, "fp": 79660, "precision": 0.31520627197469203, "recall": 1.009137195541489, "f1": 0.4803683955404751, "min_score": 0.05000217258930206, "AP": 30.983810775932124, "AP50": 49.16207587058567, "AP75": 32.74009951943562, "APs": 15.638600657885348, "APm": 34.171767396877264, "APl": 42.511658792489946}