{"quality": 40, "model": "R101_FPN", "elapsed": 647.4222860336304, "tp": 23240, "fp": 9101, "precision": 0.7185924986858786, "recall": 0.6396036879042246, "f1": 0.6768012114858175, "min_score": 0.500008761882782, "AP": 33.75485042352662, "AP50": 49.63338302862938, "AP75": 37.15212489475964, "APs": 16.116165957299742, "APm": 36.885163575445574, "APl": 47.48704997252553}