{"quality": 87, "model": "R101_C4", "elapsed": 1589.129760980606, "tp": 28383, "fp": 16693, "precision": 0.6296698908510072, "recall": 0.7811476537773496, "f1": 0.6972767807790102, "min_score": 0.5000067353248596, "AP": 37.897083237478775, "AP50": 55.44949548196201, "AP75": 41.22776481543391, "APs": 18.406692423825056, "APm": 41.9654394171844, "APl": 53.29783681136494}