{"quality": 87, "model": "R50_FPN", "elapsed": 561.4059422016144, "tp": 25528, "fp": 11095, "precision": 0.6970483029790022, "recall": 0.7025732764552085, "f1": 0.699799884865265, "min_score": 0.5000156164169312, "AP": 36.228650879770434, "AP50": 53.492947486377616, "AP75": 40.248309283912036, "APs": 18.457377246254815, "APm": 39.45220496809197, "APl": 48.91284619794043}