{"quality": 60, "model": "R101_FPN", "elapsed": 650.2953791618347, "tp": 41269, "fp": 90108, "precision": 0.31412652138502173, "recall": 1.135791936149718, "f1": 0.49214128983018507, "min_score": 0.0500020757317543, "AP": 39.54635411365198, "AP50": 59.53639227307297, "AP75": 42.65446680208027, "APs": 22.0114344444662, "APm": 42.77002768438473, "APl": 52.56437752102857}