{"quality": 37, "model": "R101_FPN", "elapsed": 646.7431013584137, "tp": 22969, "fp": 9038, "precision": 0.7176242696910051, "recall": 0.6321453144351177, "f1": 0.6721781627696, "min_score": 0.5000016689300537, "AP": 33.10795076484475, "AP50": 48.91311563197778, "AP75": 36.30255133513549, "APs": 15.468785569557825, "APm": 36.060193911696054, "APl": 46.8234500749544}