{"quality": 23, "model": "R50", "elapsed": 500.48632860183716, "tp": 41633, "fp": 401219, "precision": 0.09401109174171055, "recall": 1.1458098252373745, "f1": 0.17376514805284785, "min_score": 0.050000227987766266, "AP": 28.731781191564203, "AP50": 45.33608987736055, "AP75": 29.93407664460091, "APs": 14.23762961594871, "APm": 31.46770812230576, "APl": 39.306061910301594}