{"quality": 37, "model": "R50_DC5", "elapsed": 1055.872652053833, "tp": 41444, "fp": 137268, "precision": 0.23190384529298536, "recall": 1.140608228980322, "f1": 0.385441322129581, "min_score": 0.0500001423060894, "AP": 34.50257797052697, "AP50": 54.80585215658377, "AP75": 36.67251417639484, "APs": 16.29356494777284, "APm": 38.051724443510416, "APl": 48.16412687959469}