{"quality": 4, "model": "R101_DC5", "elapsed": 1109.1459212303162, "tp": 1972, "fp": 7278, "precision": 0.2131891891891892, "recall": 0.05427273978257878, "f1": 0.08651968849402217, "min_score": 0.5000085830688477, "AP": 1.7520605184506082, "AP50": 3.0175061755712376, "AP75": 1.7425675833424383, "APs": 0.46546045613644815, "APm": 1.7712705403508227, "APl": 2.798952453358441}