{"quality": 2, "model": "R50_DC5", "elapsed": 999.3212423324585, "tp": 673, "fp": 13247, "precision": 0.048347701149425285, "recall": 0.018522086142837485, "f1": 0.02678340463635459, "min_score": 0.5000455975532532, "AP": 0.5116731407315085, "AP50": 0.9369823488629478, "AP75": 0.5132537487137689, "APs": 0.17539980807700556, "APm": 0.596264419823575, "APl": 0.7612620210658414}