{"quality": 87, "model": "R101_DC5", "elapsed": 1127.8019833564758, "tp": 28818, "fp": 17261, "precision": 0.6254041971396949, "recall": 0.7931195816705656, "f1": 0.6993471982915525, "min_score": 0.5000008940696716, "AP": 37.723052630800304, "AP50": 56.06684577442136, "AP75": 41.032854260136546, "APs": 18.554778981626548, "APm": 41.93582706423993, "APl": 52.03952789495626}