{"quality": 79, "model": "R50_C4", "elapsed": 1292.5658330917358, "tp": 41823, "fp": 135224, "precision": 0.23622540907216727, "recall": 1.1510389431677446, "f1": 0.3920011997263124, "min_score": 0.050000447779893875, "AP": 37.32077421729624, "AP50": 57.284297076877536, "AP75": 40.01403021668194, "APs": 19.449207533316386, "APm": 41.05400546510122, "APl": 52.104798057823075}