{"quality": 80, "model": "R101_FPN", "elapsed": 650.1763129234314, "tp": 41949, "fp": 90744, "precision": 0.31613574190047705, "recall": 1.1545066740057794, "f1": 0.4963556333861845, "min_score": 0.05000055953860283, "AP": 41.15321748299147, "AP50": 61.34179351007016, "AP75": 44.912413852891284, "APs": 24.22501557539752, "APm": 44.29251668744047, "APl": 53.795130269976845}