{"quality": 60, "model": "R50", "elapsed": 484.1388008594513, "tp": 17296, "fp": 3882, "precision": 0.8166965719142506, "recall": 0.4760148617035916, "f1": 0.6014640168309773, "min_score": 0.5000230073928833, "AP": 29.008439853946243, "AP50": 40.89281995372502, "AP75": 31.931134310685433, "APs": 11.072457480814776, "APm": 32.08799214902623, "APl": 42.15449413608772}