{"quality": 56, "model": "R50_DC5", "elapsed": 996.1306388378143, "tp": 42217, "fp": 130043, "precision": 0.2450772088703123, "recall": 1.1618824824549332, "f1": 0.4047748028476234, "min_score": 0.050000302493572235, "AP": 36.37596390455633, "AP50": 57.20497265366986, "AP75": 39.08228726212432, "APs": 17.75409334529833, "APm": 40.347257451120775, "APl": 50.09094625219696}