{"quality": 25, "model": "R50_FPN", "elapsed": 554.2431380748749, "tp": 20545, "fp": 9575, "precision": 0.6821049136786188, "recall": 0.5654327783129214, "f1": 0.6183131442329395, "min_score": 0.5000066757202148, "AP": 27.149804476087073, "AP50": 42.05706780046274, "AP75": 29.549889983728487, "APs": 12.056482665010378, "APm": 30.19274712932386, "APl": 38.537853870274084}