{"quality": 75, "model": "R50_C4", "elapsed": 1364.264305114746, "tp": 27156, "fp": 16819, "precision": 0.6175326890278567, "recall": 0.7473785606164854, "f1": 0.6762794172581247, "min_score": 0.5000097155570984, "AP": 34.56465255311606, "AP50": 51.76007424847315, "AP75": 37.74426250498622, "APs": 15.43604075590738, "APm": 38.141177719882336, "APl": 49.98830114533202}