{"quality": 18, "model": "R101", "elapsed": 670.5560863018036, "tp": 40629, "fp": 389530, "precision": 0.09445112156202706, "recall": 1.1181780652263658, "f1": 0.17418873554643788, "min_score": 0.05000036582350731, "AP": 26.560701937049423, "AP50": 42.60898272587933, "AP75": 27.58150614709301, "APs": 12.233693925740662, "APm": 29.443935055927245, "APl": 36.450040415629864}