{"quality": 36, "model": "R101_FPN", "elapsed": 649.9300045967102, "tp": 40378, "fp": 93091, "precision": 0.30252717859577877, "recall": 1.1112701252236137, "f1": 0.47558361404913896, "min_score": 0.05000022053718567, "AP": 37.08507060717651, "AP50": 56.72342862931315, "AP75": 39.91429383231399, "APs": 20.001418204115872, "APm": 40.10160151381853, "APl": 50.34831046169948}