{"quality": 27, "model": "R50", "elapsed": 500.5357458591461, "tp": 42296, "fp": 391541, "precision": 0.09749283717156444, "recall": 1.1640566946470345, "f1": 0.17991713670741774, "min_score": 0.050000160932540894, "AP": 30.874232956335135, "AP50": 47.97814363151271, "AP75": 32.589617452430474, "APs": 15.160428590011016, "APm": 33.943153081750644, "APl": 42.251219518728064}