{"quality": 62, "model": "X101", "elapsed": 2953.486601829529, "tp": 40263, "fp": 69009, "precision": 0.3684658466944872, "recall": 1.1081051327920737, "f1": 0.5530365985151813, "min_score": 0.050003550946712494, "AP": 40.92041182968153, "AP50": 61.23447432970374, "AP75": 44.48830793078561, "APs": 23.52117332722024, "APm": 44.29959335090531, "APl": 53.57508442096819}