{"quality": 86, "model": "R101_FPN", "elapsed": 650.4743683338165, "tp": 42288, "fp": 91911, "precision": 0.3151141215657345, "recall": 1.1638365212604926, "f1": 0.49594802209530064, "min_score": 0.0500003881752491, "AP": 41.60922881192463, "AP50": 62.00022321512324, "AP75": 45.05609704555449, "APs": 24.528185400545954, "APm": 44.95537106221209, "APl": 54.344127217071836}