{"quality": 81, "model": "R101", "elapsed": 667.1842036247253, "tp": 45277, "fp": 329773, "precision": 0.12072257032395681, "recall": 1.2460988028072106, "f1": 0.22011983908018037, "min_score": 0.050000544637441635, "AP": 39.412165048026615, "AP50": 58.99107548190688, "AP75": 41.92717770504892, "APs": 22.543764887535627, "APm": 43.37332598408425, "APl": 51.26704708588795}