{"quality": 22, "model": "R101", "elapsed": 701.1440937519073, "tp": 14701, "fp": 3444, "precision": 0.8101956461835216, "recall": 0.4045961194440622, "f1": 0.5396842878120411, "min_score": 0.500004231929779, "AP": 23.523415205716073, "AP50": 34.01642378549936, "AP75": 25.933986668916624, "APs": 8.145188841956324, "APm": 26.02157736326997, "APl": 34.47695758296173}