{"quality": 32, "model": "R50_C4", "elapsed": 1358.8525221347809, "tp": 24481, "fp": 17526, "precision": 0.582783821743995, "recall": 0.6737580844915371, "f1": 0.6249776620459013, "min_score": 0.5000095367431641, "AP": 30.098069453400527, "AP50": 45.94556350394478, "AP75": 32.70127469165132, "APs": 12.13357902863812, "APm": 33.10919225806674, "APl": 45.16352463024102}