{"quality": 19, "model": "R50_DC5", "elapsed": 1041.5293402671814, "tp": 21928, "fp": 17215, "precision": 0.5602023350279743, "recall": 0.6034952525113527, "f1": 0.5810434828691805, "min_score": 0.500001847743988, "AP": 23.897784721098876, "AP50": 38.71663515197483, "AP75": 25.636319942619533, "APs": 9.858649359857964, "APm": 26.629239577591473, "APl": 34.95274920834876}