{"quality": 12, "model": "R101_C4", "elapsed": 1790.655240058899, "tp": 32549, "fp": 196045, "precision": 0.14238781420334742, "recall": 0.895802944819045, "f1": 0.2457186642458923, "min_score": 0.05000018700957298, "AP": 18.603437964204726, "AP50": 30.42091049592474, "AP75": 19.05820915255102, "APs": 7.604541210239062, "APm": 20.507334441324907, "APl": 28.53893794609111}