{"quality": 75, "model": "R101_DC5", "elapsed": 1132.8238825798035, "tp": 43061, "fp": 120747, "precision": 0.2628748290681774, "recall": 1.185110774735104, "f1": 0.43030233383131067, "min_score": 0.05000005662441254, "AP": 39.34364982590487, "AP50": 60.21277871899987, "AP75": 42.07024187426353, "APs": 21.046183864451322, "APm": 43.35406730975683, "APl": 53.599660965374206}