{"quality": 21, "model": "R50", "elapsed": 483.4426679611206, "tp": 13417, "fp": 3242, "precision": 0.8053904796206255, "recall": 0.36925829090408696, "f1": 0.5063592104766577, "min_score": 0.500033974647522, "AP": 20.613307521922255, "AP50": 30.116453335827583, "AP75": 22.784334917058388, "APs": 6.566708876415047, "APm": 22.627601326729284, "APl": 31.13486302793576}