{"quality": 93, "model": "X101", "elapsed": 2952.017277956009, "tp": 41330, "fp": 69341, "precision": 0.37344923240957434, "recall": 1.1374707582221, "f1": 0.5622899745588615, "min_score": 0.05000166967511177, "AP": 42.88205179268205, "AP50": 63.568273359612135, "AP75": 46.64759680242566, "APs": 27.01339203762285, "APm": 45.84884741437346, "APl": 54.7376151155469}