{"quality": 54, "model": "R50", "elapsed": 484.03603434562683, "tp": 17073, "fp": 3785, "precision": 0.8185348547319973, "recall": 0.46987752855373605, "f1": 0.5970311052051824, "min_score": 0.5000011324882507, "AP": 28.79753986593036, "AP50": 40.65052983536582, "AP75": 31.990745610196146, "APs": 11.31055558006411, "APm": 31.526121065806066, "APl": 41.971919996858745}