{"quality": 50, "model": "R101", "elapsed": 668.4759907722473, "tp": 44362, "fp": 338993, "precision": 0.11572041580258507, "recall": 1.2209164717214807, "f1": 0.2114036550787486, "min_score": 0.05000002309679985, "AP": 37.242646255110614, "AP50": 56.28063844462198, "AP75": 39.23726263453046, "APs": 19.34815769890485, "APm": 40.8603406475704, "APl": 49.47730731480177}