{"quality": 17, "model": "R50_FPN", "elapsed": 551.3214421272278, "tp": 17344, "fp": 8708, "precision": 0.665745432212498, "recall": 0.477335902022843, "f1": 0.5560132719957684, "min_score": 0.5000017285346985, "AP": 20.814041371257808, "AP50": 32.840592849445706, "AP75": 22.365602971970105, "APs": 8.971578091733095, "APm": 23.39326467864937, "APl": 29.965241365919702}