{"quality": 71, "model": "R50", "elapsed": 483.99636578559875, "tp": 17847, "fp": 3980, "precision": 0.8176570302835937, "recall": 0.49117930370166507, "f1": 0.6136996664488841, "min_score": 0.5000277161598206, "AP": 30.150939942473354, "AP50": 42.45767694172976, "AP75": 33.15137657982067, "APs": 11.974586390926723, "APm": 33.321633408503985, "APl": 43.21264033048441}