{"quality": 13, "model": "X101", "elapsed": 2948.646019935608, "tp": 30478, "fp": 85184, "precision": 0.2635091905725303, "recall": 0.8388055593780102, "f1": 0.4010342309387685, "min_score": 0.050000909715890884, "AP": 19.399077915273846, "AP50": 32.26103072468515, "AP75": 19.974221582635476, "APs": 9.210906822780146, "APm": 22.144020744904655, "APl": 26.02684605776202}