{"quality": 28, "model": "R101_DC5", "elapsed": 1136.1700823307037, "tp": 41078, "fp": 132296, "precision": 0.2369328734412311, "recall": 1.13053529654603, "f1": 0.3917619177050103, "min_score": 0.05000060796737671, "AP": 33.76071915343499, "AP50": 53.46556664235661, "AP75": 35.43619944310411, "APs": 15.721846480213966, "APm": 37.32758484299291, "APl": 47.516044848024855}