{"quality": 76, "model": "R101", "elapsed": 697.0405721664429, "tp": 18751, "fp": 4065, "precision": 0.821835553997195, "recall": 0.5160588963809, "f1": 0.6340044969653936, "min_score": 0.5000244379043579, "AP": 32.089290563932096, "AP50": 44.73945508093301, "AP75": 35.577941113244755, "APs": 13.775700538338945, "APm": 35.58015959486484, "APl": 45.215160777915905}