{"quality": 4, "model": "X101", "elapsed": 2944.478394985199, "tp": 4028, "fp": 29477, "precision": 0.12022086255782719, "recall": 0.11085730012384754, "f1": 0.11534936998854524, "min_score": 0.05000034347176552, "AP": 1.788244157191913, "AP50": 3.192331715769651, "AP75": 1.6966481440048669, "APs": 0.5948314116374042, "APm": 1.7781048449152288, "APl": 2.8618501046764333}