{"quality": 60, "model": "R50_FPN", "elapsed": 558.7689678668976, "tp": 24003, "fp": 10185, "precision": 0.702088452088452, "recall": 0.6606027246456585, "f1": 0.6807140932745346, "min_score": 0.5000057816505432, "AP": 34.120390409127545, "AP50": 50.521900967753986, "AP75": 37.8306593472058, "APs": 16.368220551691582, "APm": 37.156741115078866, "APl": 46.91669448671832}