{"quality": 16, "model": "R50", "elapsed": 482.56533432006836, "tp": 11400, "fp": 2795, "precision": 0.8030996829869672, "recall": 0.31374707582221, "f1": 0.45121709875321586, "min_score": 0.5000095963478088, "AP": 16.341156860265492, "AP50": 24.22035224717194, "AP75": 18.049291311966513, "APs": 5.219657492817903, "APm": 18.410270513169007, "APl": 24.65389373719986}