{"quality": 63, "model": "R50_C4", "elapsed": 1301.8698983192444, "tp": 41252, "fp": 138882, "precision": 0.22900729456959817, "recall": 1.1353240677033163, "f1": 0.381135405069548, "min_score": 0.05000019446015358, "AP": 36.3921491232901, "AP50": 55.962007079975876, "AP75": 38.92628716793738, "APs": 18.509601641847713, "APm": 40.24601618481681, "APl": 51.22719227858433}