{"quality": 73, "model": "R50_DC5", "elapsed": 994.905684709549, "tp": 42646, "fp": 127507, "precision": 0.2506332536011707, "recall": 1.1736892803082428, "f1": 0.4130603231180504, "min_score": 0.05000092089176178, "AP": 37.64044884727703, "AP50": 58.84319643847652, "AP75": 40.13349753540411, "APs": 19.46763053867057, "APm": 41.78435624117272, "APl": 51.11949589604161}