{"quality": 17, "model": "R50", "elapsed": 483.06963872909546, "tp": 11950, "fp": 2926, "precision": 0.8033073406829793, "recall": 0.32888399614696573, "f1": 0.4666966081505926, "min_score": 0.5000167489051819, "AP": 17.625048818572807, "AP50": 25.928922801197018, "AP75": 19.35934767394513, "APs": 5.73074507505583, "APm": 19.62386273416535, "APl": 26.705060468367375}