{"quality": 72, "model": "R50_FPN", "elapsed": 485.3951835632324, "tp": 42065, "fp": 105471, "precision": 0.28511685283591803, "recall": 1.157699188110637, "f1": 0.4575490425352557, "min_score": 0.05000007152557373, "AP": 38.882948320962036, "AP50": 59.317711664654205, "AP75": 42.25025122155042, "APs": 22.36308575433288, "APm": 41.983925699547406, "APl": 51.108120729629626}