{"quality": 85, "model": "R50_C4", "elapsed": 1292.1811172962189, "tp": 42097, "fp": 134967, "precision": 0.23775019202096417, "recall": 1.1585798816568047, "f1": 0.39453793129302384, "min_score": 0.05000142753124237, "AP": 37.86360926148284, "AP50": 57.81827826669578, "AP75": 40.765340995263976, "APs": 19.649896505012727, "APm": 41.86895417971612, "APl": 52.6849653778837}