{"quality": 56, "model": "R101_C4", "elapsed": 1596.5889585018158, "tp": 26868, "fp": 15720, "precision": 0.6308819385742462, "recall": 0.739452318700977, "f1": 0.6808661606882658, "min_score": 0.5000169277191162, "AP": 35.840958617927456, "AP50": 52.70533297983074, "AP75": 38.97468121921837, "APs": 15.825859220768091, "APm": 39.99610148104135, "APl": 51.7414403995772}