{"quality": 14, "model": "X101", "elapsed": 2949.0643887519836, "tp": 31634, "fp": 85751, "precision": 0.269489287387656, "recall": 0.870620613733315, "f1": 0.4115794951860526, "min_score": 0.05000007897615433, "AP": 21.26269141403558, "AP50": 35.21311241549559, "AP75": 21.857320794085275, "APs": 10.230488298552311, "APm": 24.335831416037436, "APl": 27.900710110489403}