{"quality": 79, "model": "R101_FPN", "elapsed": 650.3838596343994, "tp": 41949, "fp": 90864, "precision": 0.3158501050348987, "recall": 1.1545066740057794, "f1": 0.4960034998935843, "min_score": 0.05000264570116997, "AP": 41.10101452071002, "AP50": 61.45396375753599, "AP75": 44.80623282451176, "APs": 24.130348807003017, "APm": 44.399870654430764, "APl": 53.719583952357375}