{"quality": 22, "model": "R50_DC5", "elapsed": 1038.7229709625244, "tp": 23103, "fp": 17105, "precision": 0.5745871468364505, "recall": 0.6358332186596946, "f1": 0.6036606874567239, "min_score": 0.5000203847885132, "AP": 26.559440716559862, "AP50": 42.35671894056947, "AP75": 28.28015236858046, "APs": 11.03843376373336, "APm": 29.523013276299103, "APl": 38.77603221920315}