{"quality": 35, "model": "X101", "elapsed": 2949.703898191452, "tp": 23503, "fp": 9376, "precision": 0.71483317619149, "recall": 0.6468418879867895, "f1": 0.679140058369694, "min_score": 0.5000227689743042, "AP": 34.28693131259525, "AP50": 50.65623686986166, "AP75": 37.54448579305743, "APs": 16.246703611166712, "APm": 37.3949460666436, "APl": 47.97751868174504}