{"quality": 9, "model": "R50_FPN", "elapsed": 481.07143235206604, "tp": 24533, "fp": 125066, "precision": 0.1639917379126866, "recall": 0.6751892115040594, "f1": 0.26388933707659706, "min_score": 0.05000012367963791, "AP": 10.472399562673903, "AP50": 18.32353970273683, "AP75": 10.483360742057696, "APs": 5.153238226224996, "APm": 11.815251242601061, "APl": 14.977299998564582}