{"quality": 66, "model": "R101", "elapsed": 668.2010595798492, "tp": 44812, "fp": 332484, "precision": 0.11877146855519274, "recall": 1.2333012247144626, "f1": 0.21667621624104574, "min_score": 0.05000010132789612, "AP": 38.51761994543021, "AP50": 57.82126046283367, "AP75": 41.04750921688237, "APs": 20.827414787776778, "APm": 42.23493228614624, "APl": 50.511390042485715}