{"quality": 73, "model": "R50_FPN", "elapsed": 485.41361117362976, "tp": 42095, "fp": 105874, "precision": 0.2844852638052565, "recall": 1.1585248383101692, "f1": 0.4567996353850161, "min_score": 0.050000716000795364, "AP": 38.97394073559074, "AP50": 59.253395599827726, "AP75": 42.45874934303788, "APs": 22.319906882777982, "APm": 42.0729036541043, "APl": 51.05183692742504}