{"quality": 61, "model": "R50_FPN", "elapsed": 485.407452583313, "tp": 41671, "fp": 106449, "precision": 0.2813327032136106, "recall": 1.1468556488234485, "f1": 0.45182835922040604, "min_score": 0.05000002309679985, "AP": 37.91805925071138, "AP50": 58.041751618823334, "AP75": 41.17664169620088, "APs": 21.212145948161446, "APm": 41.03049380117341, "APl": 50.33030640740911}