{"quality": 59, "model": "R50_C4", "elapsed": 1362.5931022167206, "tp": 26338, "fp": 16833, "precision": 0.6100854740450765, "recall": 0.724865831842576, "f1": 0.6625411918597338, "min_score": 0.5000273585319519, "AP": 33.524902559145524, "AP50": 50.41074739976976, "AP75": 36.753304062488624, "APs": 14.363553617357832, "APm": 36.85058021454587, "APl": 48.718488414261316}