{"quality": 1, "model": "R101_DC5", "elapsed": 1105.4932096004486, "tp": 658, "fp": 5220, "precision": 0.11194283769989792, "recall": 0.01810926104307142, "f1": 0.031175230379267057, "min_score": 0.5000243186950684, "AP": 0.7408692867716674, "AP50": 1.3162557350856476, "AP75": 0.7076557876530282, "APs": 0.18683847318884708, "APm": 0.7197197157214097, "APl": 1.2805795753236637}