{"quality": 8, "model": "X101", "elapsed": 2917.3512530326843, "tp": 6700, "fp": 4692, "precision": 0.5881320224719101, "recall": 0.18439521122884273, "f1": 0.28076350912481407, "min_score": 0.5000330209732056, "AP": 6.932853344378789, "AP50": 11.445460823103149, "AP75": 7.2075784544206005, "APs": 2.6870666399246166, "APm": 8.132334034494145, "APl": 9.202236809591744}