{"quality": 12, "model": "R101_DC5", "elapsed": 1137.4908440113068, "tp": 16522, "fp": 13615, "precision": 0.5482297508046587, "recall": 0.45471308655566256, "f1": 0.4971115657720544, "min_score": 0.500010073184967, "AP": 16.087842415939253, "AP50": 26.027985872958055, "AP75": 17.04787626603243, "APs": 6.0582857826638, "APm": 18.15489934344049, "APl": 22.993472206089947}