{"quality": 84, "model": "R50_C4", "elapsed": 1290.9080049991608, "tp": 42033, "fp": 134930, "precision": 0.23752422822849975, "recall": 1.1568184945644695, "f1": 0.39412465189547025, "min_score": 0.050000064074993134, "AP": 37.76519021474726, "AP50": 57.756729594624254, "AP75": 40.65262198911829, "APs": 19.557143493305855, "APm": 41.78254798378665, "APl": 52.45202027779666}