{"quality": 50, "model": "R101_DC5", "elapsed": 1128.347987651825, "tp": 26946, "fp": 16023, "precision": 0.6271032604901208, "recall": 0.7415990092197605, "f1": 0.6795621910622414, "min_score": 0.5000019073486328, "AP": 35.18302991733117, "AP50": 52.9182396307331, "AP75": 38.24185163182998, "APs": 16.21567698367377, "APm": 38.835600861772924, "APl": 49.88068567139128}