{"quality": 16, "model": "R101_FPN", "elapsed": 644.478666305542, "tp": 16890, "fp": 7844, "precision": 0.6828656909517263, "recall": 0.46484106233659006, "f1": 0.5531448034190833, "min_score": 0.5000494122505188, "AP": 21.031604167377516, "AP50": 32.43830923306067, "AP75": 22.772382047573895, "APs": 9.312748671612345, "APm": 23.559202457416298, "APl": 29.972939658517888}