{"quality": 88, "model": "R50_FPN", "elapsed": 485.5824360847473, "tp": 42676, "fp": 106798, "precision": 0.285507847518632, "recall": 1.174514930507775, "f1": 0.4593534220624405, "min_score": 0.0500015988945961, "AP": 39.7654444817444, "AP50": 60.53684480415693, "AP75": 43.30294389916339, "APs": 23.403645765372836, "APm": 42.983009149850425, "APl": 51.60284656754577}