{"quality": 28, "model": "R50_C4", "elapsed": 1386.8718042373657, "tp": 39485, "fp": 168757, "precision": 0.18961112551742684, "recall": 1.0866932709508739, "f1": 0.3228839997219689, "min_score": 0.05000011995434761, "AP": 31.386429226588646, "AP50": 49.646876262174395, "AP75": 33.199026329740974, "APs": 14.185436871902846, "APm": 34.595903547924436, "APl": 45.49993789920684}