{"quality": 18, "model": "X101", "elapsed": 2946.972451210022, "tp": 35212, "fp": 82821, "precision": 0.2983233502495065, "recall": 0.9690931608641805, "f1": 0.45620854063018246, "min_score": 0.050001535564661026, "AP": 27.581597513277327, "AP50": 44.541010087110145, "AP75": 28.8539594273651, "APs": 14.092472201187837, "APm": 30.418273835643163, "APl": 37.32773811410108}