{"quality": 54, "model": "R101_DC5", "elapsed": 1128.2721219062805, "tp": 27184, "fp": 16190, "precision": 0.6267349103149352, "recall": 0.7481491674693821, "f1": 0.6820810698917311, "min_score": 0.5000212788581848, "AP": 35.54895290875702, "AP50": 53.44492783411029, "AP75": 38.79427780198778, "APs": 16.13250706061989, "APm": 39.24846071239795, "APl": 50.00722539080596}