{"quality": 21, "model": "R50_C4", "elapsed": 1472.2435603141785, "tp": 38121, "fp": 194007, "precision": 0.16422404880066171, "recall": 1.0491537085454796, "f1": 0.2839944424371329, "min_score": 0.05000029876828194, "AP": 27.416998630660594, "AP50": 44.21942975360953, "AP75": 28.840063060052927, "APs": 11.313286560711584, "APm": 30.205999628728144, "APl": 40.81151824399908}