{"quality": 94, "model": "R101_FPN", "elapsed": 649.7998192310333, "tp": 42450, "fp": 93188, "precision": 0.31296539317890265, "recall": 1.1682950323379662, "f1": 0.4936821477790118, "min_score": 0.050000421702861786, "AP": 41.913846532893324, "AP50": 62.339344414203715, "AP75": 45.69666303296709, "APs": 25.28985705355288, "APm": 45.34344542236626, "APl": 54.4594808895159}