{"quality": 23, "model": "R101_DC5", "elapsed": 1132.6843996047974, "tp": 23840, "fp": 15549, "precision": 0.6052451191957146, "recall": 0.6561166918948672, "f1": 0.6296550631239766, "min_score": 0.5000138282775879, "AP": 28.98681969804232, "AP50": 44.95092540891027, "AP75": 31.108349980193324, "APs": 12.089460181145691, "APm": 32.45207820452587, "APl": 41.55582963774832}