{"quality": 57, "model": "R50", "elapsed": 483.79490184783936, "tp": 17208, "fp": 3857, "precision": 0.8169000712081652, "recall": 0.47359295445163063, "f1": 0.5995818815331011, "min_score": 0.5000045299530029, "AP": 29.016950025165016, "AP50": 40.86351273320966, "AP75": 31.96360563945813, "APs": 11.528367513586586, "APm": 31.784089105831136, "APl": 42.36894378457931}