{"quality": 34, "model": "R50_FPN", "elapsed": 575.7746663093567, "tp": 22181, "fp": 9874, "precision": 0.6919669318359071, "recall": 0.6104582358607403, "f1": 0.6486620851001609, "min_score": 0.5000004768371582, "AP": 30.688817241831863, "AP50": 46.24169977009239, "AP75": 33.81387984200747, "APs": 14.060635014701228, "APm": 33.8126257116309, "APl": 42.82172738391802}