{"quality": 91, "model": "R101_FPN", "elapsed": 650.4307742118835, "tp": 42259, "fp": 92248, "precision": 0.3141769573330756, "recall": 1.1630383927342782, "f1": 0.49471441448824055, "min_score": 0.05000030994415283, "AP": 41.818768755903776, "AP50": 62.13869370959543, "AP75": 45.605398147935325, "APs": 25.156546043655997, "APm": 45.310795479379834, "APl": 54.59016769625917}