{"quality": 41, "model": "R50_C4", "elapsed": 1348.246243238449, "tp": 25408, "fp": 16898, "precision": 0.6005767503427409, "recall": 0.6992706756570799, "f1": 0.6461769306087154, "min_score": 0.5000479817390442, "AP": 31.733076884395484, "AP50": 48.287719312390976, "AP75": 34.40597508108484, "APs": 13.323762237810202, "APm": 34.767290145848555, "APl": 46.87719134738181}