{"quality": 54, "model": "R50_DC5", "elapsed": 992.9977307319641, "tp": 42254, "fp": 130767, "precision": 0.24421313019806845, "recall": 1.1629007843676895, "f1": 0.4036569288675748, "min_score": 0.050000667572021484, "AP": 36.224300352790614, "AP50": 57.03830085729723, "AP75": 38.72808037929085, "APs": 18.512613390439128, "APm": 40.00659475501694, "APl": 49.88802686153473}