{"quality": 87, "model": "R101_C4", "elapsed": 1594.4060747623444, "tp": 42910, "fp": 125551, "precision": 0.25471770914336256, "recall": 1.1809550020641255, "f1": 0.4190511533428387, "min_score": 0.05000080540776253, "AP": 40.51371793479313, "AP50": 60.61580481204587, "AP75": 43.49957215987336, "APs": 21.493509778999833, "APm": 44.71048961014099, "APl": 55.531548622300264}