{"quality": 13, "model": "R50", "elapsed": 501.8802218437195, "tp": 35920, "fp": 437746, "precision": 0.0758340265081302, "recall": 0.9885785055731389, "f1": 0.14086246889711979, "min_score": 0.050000954419374466, "AP": 17.733741167791546, "AP50": 29.65780046120594, "AP75": 18.10257923926833, "APs": 7.902057719695048, "APm": 19.784729319504184, "APl": 24.938566692488866}