{"quality": 47, "model": "R101_DC5", "elapsed": 1134.254686832428, "tp": 42381, "fp": 123526, "precision": 0.25545034266185274, "recall": 1.1663960368790423, "f1": 0.4191117572017682, "min_score": 0.05000002682209015, "AP": 37.426548038280885, "AP50": 57.78810142054254, "AP75": 40.1282391250708, "APs": 18.598422886790562, "APm": 41.47009693790498, "APl": 51.53691313832913}