{"quality": 88, "model": "R50", "elapsed": 484.13024735450745, "tp": 18640, "fp": 4183, "precision": 0.8167199754633484, "recall": 0.513003990642631, "f1": 0.6301768146320025, "min_score": 0.5000128746032715, "AP": 31.347823448769535, "AP50": 43.89614334172753, "AP75": 34.62742750226877, "APs": 13.082775396705326, "APm": 34.63948010765824, "APl": 44.49517695393052}