{"quality": 94, "model": "R101_DC5", "elapsed": 1127.3262326717377, "tp": 29162, "fp": 17659, "precision": 0.622840178552359, "recall": 0.8025870372918673, "f1": 0.7013805377844052, "min_score": 0.5000113248825073, "AP": 38.096588269142316, "AP50": 56.57699140603808, "AP75": 41.823300596549515, "APs": 19.29892883452406, "APm": 42.42176404800155, "APl": 52.221466842313}