{"quality": 34, "model": "R101_C4", "elapsed": 1614.460928440094, "tp": 25336, "fp": 15631, "precision": 0.6184489955329899, "recall": 0.6972891151782028, "f1": 0.6555069726527126, "min_score": 0.500029981136322, "AP": 33.20930782490443, "AP50": 49.189456928064594, "AP75": 35.78139862974314, "APs": 13.70455906045793, "APm": 36.99893287724866, "APl": 48.839406582806355}