{"quality": 90, "model": "R101", "elapsed": 696.3820295333862, "tp": 19376, "fp": 4287, "precision": 0.8188310865063602, "recall": 0.533259942204486, "f1": 0.645888196273209, "min_score": 0.5000016689300537, "AP": 33.31495960736442, "AP50": 46.41591778538095, "AP75": 36.852632326281245, "APs": 14.84247959331444, "APm": 37.14603257929637, "APl": 45.950932693797256}