{"quality": 33, "model": "R50_C4", "elapsed": 1351.5857441425323, "tp": 24553, "fp": 17318, "precision": 0.5863963124835805, "recall": 0.6757396449704142, "f1": 0.6279057872797483, "min_score": 0.5000080466270447, "AP": 30.24954421491134, "AP50": 46.36135480382462, "AP75": 32.77570621048254, "APs": 12.188212435794496, "APm": 33.36770544110587, "APl": 45.54659180860287}