{"quality": 41, "model": "R50_C4", "elapsed": 1331.0297536849976, "tp": 40601, "fp": 149693, "precision": 0.21335932819742084, "recall": 1.117407458373469, "f1": 0.3583036592845576, "min_score": 0.05000029876828194, "AP": 34.2947715760105, "AP50": 53.54688553964454, "AP75": 36.57570291000303, "APs": 15.876542123802045, "APm": 37.77460011362548, "APl": 49.14938879239677}