{"quality": 20, "model": "X101", "elapsed": 2950.897458076477, "tp": 19876, "fp": 9112, "precision": 0.6856630329791638, "recall": 0.5470207788633549, "f1": 0.6085452290923564, "min_score": 0.5000115633010864, "AP": 26.589469998493787, "AP50": 40.70103606919378, "AP75": 28.807816316999997, "APs": 11.941540671552243, "APm": 29.684573718507252, "APl": 36.89238419150668}