{"quality": 46, "model": "R50", "elapsed": 499.47479915618896, "tp": 43840, "fp": 370147, "precision": 0.10589704507629466, "recall": 1.2065501582496216, "f1": 0.19470512211262164, "min_score": 0.05000005662441254, "AP": 34.84709200675079, "AP50": 53.29003922308508, "AP75": 36.51370528411476, "APs": 18.42209949511246, "APm": 37.86889643632524, "APl": 47.02499193726584}