{"quality": 71, "model": "R101_C4", "elapsed": 1595.5960524082184, "tp": 42364, "fp": 123713, "precision": 0.2550864960229291, "recall": 1.1659281684326408, "f1": 0.41859178309586387, "min_score": 0.050000496208667755, "AP": 39.62238187375217, "AP50": 59.450370010141064, "AP75": 42.35343981283598, "APs": 20.24546027107426, "APm": 43.88726641809498, "APl": 54.87314555468248}