{"quality": 30, "model": "R50_C4", "elapsed": 1370.4288077354431, "tp": 24284, "fp": 17661, "precision": 0.5789486231970438, "recall": 0.6683363148479428, "f1": 0.6204394481349003, "min_score": 0.5000278949737549, "AP": 29.592443152231958, "AP50": 45.32416733528252, "AP75": 32.20683594642282, "APs": 11.795047189520252, "APm": 32.690463631820855, "APl": 44.007447649293916}