{"quality": 99, "model": "R101_FPN", "elapsed": 728.3070213794708, "tp": 26167, "fp": 10691, "precision": 0.7099408540886646, "recall": 0.7201596257052428, "f1": 0.7150137308212534, "min_score": 0.500011682510376, "AP": 38.397869288813936, "AP50": 55.42530107969007, "AP75": 42.63413537023731, "APs": 20.802914165929348, "APm": 41.996627481808524, "APl": 51.22263877201579}