{"quality": 47, "model": "R101", "elapsed": 668.443519115448, "tp": 44358, "fp": 340044, "precision": 0.11539482104671672, "recall": 1.2208063850282098, "f1": 0.21085856485167695, "min_score": 0.05000011622905731, "AP": 36.98736911651248, "AP50": 55.91295932744711, "AP75": 38.81539059533849, "APs": 19.271443006313717, "APm": 40.766881469665016, "APl": 48.83471217991684}