{"quality": 36, "model": "R50_FPN", "elapsed": 484.9383268356323, "tp": 40548, "fp": 110705, "precision": 0.26808063311140934, "recall": 1.115948809687629, "f1": 0.4323091029276926, "min_score": 0.05000041425228119, "AP": 35.16007399813259, "AP50": 54.73888367111906, "AP75": 37.86180946259582, "APs": 19.33822572453692, "APm": 37.90534274737449, "APl": 47.710660861450805}