{"quality": 16, "model": "R101_FPN", "elapsed": 647.9982125759125, "tp": 35332, "fp": 106528, "precision": 0.2490624559424785, "recall": 0.9723957616623091, "f1": 0.3965543365414293, "min_score": 0.0500015914440155, "AP": 24.781863785867433, "AP50": 40.196032837187154, "AP75": 25.826900523517594, "APs": 12.322241004869557, "APm": 27.249068479251882, "APl": 34.53300030538168}