{"quality": 49, "model": "R101_FPN", "elapsed": 647.796882390976, "tp": 23851, "fp": 9268, "precision": 0.72016063286935, "recall": 0.6564194303013623, "f1": 0.6868142943530969, "min_score": 0.5000044107437134, "AP": 34.71391277705663, "AP50": 50.85957757899212, "AP75": 38.143424125144506, "APs": 16.7011317062514, "APm": 37.83713319027554, "APl": 48.56523162344779}