{"quality": 25, "model": "R101", "elapsed": 701.4720828533173, "tp": 15413, "fp": 3511, "precision": 0.8144683999154513, "recall": 0.42419155084629145, "f1": 0.5578457807777918, "min_score": 0.5000036358833313, "AP": 25.21577145382458, "AP50": 36.16054905903715, "AP75": 27.80985571181116, "APs": 8.81737782207841, "APm": 28.041372949244227, "APl": 36.71165937122609}