{"quality": 74, "model": "R50_DC5", "elapsed": 1033.633945465088, "tp": 27782, "fp": 17039, "precision": 0.6198433769884653, "recall": 0.7646071281133893, "f1": 0.6846567105328011, "min_score": 0.5000096559524536, "AP": 35.383324841509385, "AP50": 53.87315206192921, "AP75": 38.600800325502256, "APs": 16.98980749936922, "APm": 39.47817596380453, "APl": 48.807076898430665}