{"quality": 65, "model": "R101", "elapsed": 667.6460702419281, "tp": 44810, "fp": 332920, "precision": 0.11862970905143885, "recall": 1.2332461813678273, "f1": 0.2164394479127673, "min_score": 0.05000052601099014, "AP": 38.504852391620695, "AP50": 57.77876680602494, "AP75": 41.027734314261195, "APs": 20.72455759661182, "APm": 42.23052254972682, "APl": 50.605233568066296}