{"quality": 65, "model": "R101", "elapsed": 701.3194477558136, "tp": 18386, "fp": 3900, "precision": 0.82500224356098, "recall": 0.5060134856199257, "f1": 0.6272837379096228, "min_score": 0.5000113844871521, "AP": 31.555933718945774, "AP50": 44.112783282516396, "AP75": 34.959890112788145, "APs": 13.3378104619242, "APm": 34.87468202631655, "APl": 44.56233839108548}