{"quality": 52, "model": "R50_FPN", "elapsed": 485.3849856853485, "tp": 41284, "fp": 107280, "precision": 0.2778869712716405, "recall": 1.1362047612494839, "f1": 0.4465573096663584, "min_score": 0.05000004917383194, "AP": 37.21823113690294, "AP50": 57.26272940746565, "AP75": 40.243579153574274, "APs": 20.551905624249876, "APm": 40.5238437245175, "APl": 49.7935290807409}