{"quality": 56, "model": "X101", "elapsed": 2948.9081931114197, "tp": 24862, "fp": 9514, "precision": 0.7232371421922271, "recall": 0.6842438420255952, "f1": 0.7032003507233668, "min_score": 0.5000223517417908, "AP": 36.87851805456996, "AP50": 53.61464779715087, "AP75": 40.614016037428804, "APs": 18.5075719309844, "APm": 40.00232264442401, "APl": 50.194281571781914}