{"quality": 81, "model": "R50_FPN", "elapsed": 559.4349472522736, "tp": 25086, "fp": 10749, "precision": 0.7000418585182084, "recall": 0.6904086968487684, "f1": 0.6951919079950117, "min_score": 0.5000007152557373, "AP": 35.78504848107553, "AP50": 52.59571799331767, "AP75": 39.62186983370702, "APs": 18.11744975328361, "APm": 38.85821781104811, "APl": 48.9919221934275}