{"quality": 30, "model": "R101", "elapsed": 701.2722356319427, "tp": 16267, "fp": 3621, "precision": 0.8179304102976669, "recall": 0.4476950598596395, "f1": 0.578659979012148, "min_score": 0.500006377696991, "AP": 27.178367001625187, "AP50": 38.38243040752997, "AP75": 30.160029916509973, "APs": 10.1033734818946, "APm": 29.867173301116225, "APl": 39.565722643535125}