{"quality": 62, "model": "R101_C4", "elapsed": 1596.7023921012878, "tp": 26997, "fp": 15958, "precision": 0.6284949365615179, "recall": 0.7430026145589652, "f1": 0.6809685962920923, "min_score": 0.5000051856040955, "AP": 36.22911571764452, "AP50": 53.13046990697623, "AP75": 39.33833386182259, "APs": 16.396068376629486, "APm": 40.31987057748584, "APl": 51.97405956291544}