{"quality": 101, "model": "R101_DC5", "elapsed": 1132.032074689865, "tp": 43682, "fp": 124023, "precision": 0.2604692764079783, "recall": 1.202201733865419, "f1": 0.4281709468731621, "min_score": 0.0500003919005394, "AP": 40.63110016763746, "AP50": 61.70829899324859, "AP75": 43.9123980845592, "APs": 22.946327147150946, "APm": 45.07024948801094, "APl": 54.11521871174485}