{"quality": 79, "model": "R50_FPN", "elapsed": 485.40844917297363, "tp": 42293, "fp": 105710, "precision": 0.28575772112727443, "recall": 1.1639741296270814, "f1": 0.45886360923954905, "min_score": 0.050000548362731934, "AP": 39.14787739401476, "AP50": 59.70808515213535, "AP75": 42.40062254972855, "APs": 22.87074919103542, "APm": 42.211201869298854, "APl": 51.12480070806211}