{"quality": 100, "model": "R50_C4", "elapsed": 1303.413176059723, "tp": 42413, "fp": 137875, "precision": 0.2352513755768548, "recall": 1.1672767304252099, "f1": 0.3915835345277279, "min_score": 0.05000020191073418, "AP": 38.41304909735981, "AP50": 58.61366041224794, "AP75": 41.335043881192426, "APs": 20.62492714987435, "APm": 42.79128053967141, "APl": 52.985389900929405}