{"quality": 101, "model": "R101_C4", "elapsed": 1591.5267779827118, "tp": 28836, "fp": 17246, "precision": 0.625754090534265, "recall": 0.7936149717902848, "f1": 0.6997585449603844, "min_score": 0.5000094175338745, "AP": 38.51233127376532, "AP50": 56.336268102607065, "AP75": 41.87680846922699, "APs": 19.141870881808355, "APm": 42.761721536176836, "APl": 53.57991571631939}