{"quality": 16, "model": "R101_DC5", "elapsed": 1143.5728862285614, "tp": 37345, "fp": 158485, "precision": 0.19070111831690753, "recall": 1.0277968900509151, "f1": 0.3217108521956367, "min_score": 0.05000154301524162, "AP": 25.199268912825012, "AP50": 41.408107553311496, "AP75": 26.21925576655159, "APs": 11.354353981824037, "APm": 28.035028861585747, "APl": 35.77910091881915}