{"quality": 74, "model": "R101_FPN", "elapsed": 651.6310389041901, "tp": 41862, "fp": 90701, "precision": 0.3157894736842105, "recall": 1.1521122884271364, "f1": 0.49570746841288826, "min_score": 0.050000570714473724, "AP": 40.84692055697527, "AP50": 60.998346093536604, "AP75": 44.57242006453857, "APs": 23.73105088211929, "APm": 44.24371031898805, "APl": 53.71762939467368}