{"quality": 6, "model": "R101", "elapsed": 669.8441722393036, "tp": 20520, "fp": 425475, "precision": 0.04600948441126022, "recall": 0.564744736479978, "f1": 0.08508697364874672, "min_score": 0.050000179558992386, "AP": 4.843580000095052, "AP50": 8.546479935729886, "AP75": 4.752695524039783, "APs": 1.6089045701218379, "APm": 5.486908686438106, "APl": 7.721379936943934}