{"quality": 59, "model": "R50_FPN", "elapsed": 559.3969459533691, "tp": 23996, "fp": 10236, "precision": 0.7009815377424632, "recall": 0.6604100729324343, "f1": 0.6800912607876203, "min_score": 0.5000218749046326, "AP": 34.0740506787723, "AP50": 50.507877726041784, "AP75": 37.72787045980199, "APs": 16.43312212302032, "APm": 37.15038521820661, "APl": 47.100880963302274}