{"quality": 2, "model": "R101_FPN", "elapsed": 640.5899238586426, "tp": 1666, "fp": 51179, "precision": 0.03152616141546031, "recall": 0.04585110774735104, "f1": 0.03736263736263736, "min_score": 0.05000011622905731, "AP": 0.9410008228077638, "AP50": 1.7679238933978185, "AP75": 0.8376463355651337, "APs": 0.23358962529436536, "APm": 0.774013760782093, "APl": 1.8973447889538724}