{"quality": 88, "model": "R50", "elapsed": 498.8750627040863, "tp": 45111, "fp": 357302, "precision": 0.11210124921411585, "recall": 1.2415302050364663, "f1": 0.20563512540228107, "min_score": 0.05000060051679611, "AP": 38.375897852228405, "AP50": 57.602294896179465, "AP75": 40.81369098514536, "APs": 22.858872691170905, "APm": 41.81515625107214, "APl": 50.09319781419714}