{"quality": 65, "model": "R101_FPN", "elapsed": 648.1567084789276, "tp": 24601, "fp": 9599, "precision": 0.7193274853801169, "recall": 0.6770606852896656, "f1": 0.697554405614234, "min_score": 0.5000443458557129, "AP": 36.36183456018941, "AP50": 52.71837568527938, "AP75": 40.221187630597896, "APs": 18.05553576121429, "APm": 39.90578667176529, "APl": 50.20526823308597}