{"quality": 41, "model": "R101_FPN", "elapsed": 650.0055465698242, "tp": 40723, "fp": 91369, "precision": 0.30829270508433515, "recall": 1.120765102518233, "f1": 0.48356854898561397, "min_score": 0.050000037997961044, "AP": 37.836599963768734, "AP50": 57.64363829915258, "AP75": 40.846137095650654, "APs": 20.469504812677037, "APm": 40.74539061899972, "APl": 51.15600373536551}