{"quality": 44, "model": "R101_FPN", "elapsed": 647.4648678302765, "tp": 23508, "fp": 9205, "precision": 0.7186133952862777, "recall": 0.6469794963533783, "f1": 0.680917622523462, "min_score": 0.5000166296958923, "AP": 34.17036938151639, "AP50": 50.21973658254733, "AP75": 37.498568577996366, "APs": 16.196919790957942, "APm": 37.25322223265741, "APl": 48.002036463760845}