{"quality": 69, "model": "R50_C4", "elapsed": 1298.5389366149902, "tp": 41485, "fp": 137197, "precision": 0.23217223894964237, "recall": 1.1417366175863493, "f1": 0.3858764655817912, "min_score": 0.05000021308660507, "AP": 36.877446425842386, "AP50": 56.52801433439498, "AP75": 39.688162533176914, "APs": 18.749121514847538, "APm": 40.76309208440691, "APl": 52.03325457950074}