{"quality": 23, "model": "R101_FPN", "elapsed": 646.3834321498871, "tp": 20554, "fp": 8617, "precision": 0.7046038874224401, "recall": 0.565680473372781, "f1": 0.6275455683448845, "min_score": 0.5000004172325134, "AP": 28.05911100626144, "AP50": 42.350597235814476, "AP75": 30.531954880647284, "APs": 12.374994089448423, "APm": 30.775003036212862, "APl": 40.50342774139554}