{"quality": 74, "model": "R50", "elapsed": 499.6008839607239, "tp": 44675, "fp": 359027, "precision": 0.11066331105617509, "recall": 1.2295307554699326, "f1": 0.20305110706599672, "min_score": 0.05000009015202522, "AP": 37.256042272936284, "AP50": 56.38552075224952, "AP75": 39.468024952476085, "APs": 20.975901075900175, "APm": 40.7627204664316, "APl": 49.06825955051862}