{"quality": 52, "model": "R101_FPN", "elapsed": 647.5570764541626, "tp": 23973, "fp": 9274, "precision": 0.7210575390260775, "recall": 0.6597770744461263, "f1": 0.6890575148745365, "min_score": 0.5000196695327759, "AP": 34.95965917438285, "AP50": 51.14830855384429, "AP75": 38.31733510633402, "APs": 16.704999468723646, "APm": 38.15474924527693, "APl": 48.90582603516421}