{"quality": 32, "model": "R50", "elapsed": 500.03465509414673, "tp": 42893, "fp": 382869, "precision": 0.10074407767719994, "recall": 1.180487133617724, "f1": 0.1856450052694564, "min_score": 0.05000002309679985, "AP": 32.565992287680615, "AP50": 50.33583573317026, "AP75": 34.55000425590114, "APs": 17.39092549889592, "APm": 35.573587870755226, "APl": 44.343801928787094}