{"quality": 35, "model": "R50", "elapsed": 499.7543771266937, "tp": 43223, "fp": 378584, "precision": 0.10247103533132451, "recall": 1.1895692858125775, "f1": 0.18868822330194568, "min_score": 0.050000179558992386, "AP": 33.18452653688554, "AP50": 51.10273836254039, "AP75": 35.08646758322301, "APs": 17.187930917817102, "APm": 36.24992319014666, "APl": 44.81373305702642}