{"quality": 6, "model": "R101_C4", "elapsed": 1850.6421465873718, "tp": 5657, "fp": 11320, "precision": 0.3332155268893208, "recall": 0.15569010595844227, "f1": 0.2122223889555822, "min_score": 0.5000317096710205, "AP": 4.566746050603983, "AP50": 7.483686073027824, "AP75": 4.741503791707441, "APs": 1.3139967274577586, "APm": 5.106529397681205, "APl": 7.362179109071899}