{"quality": 56, "model": "R101", "elapsed": 668.3010563850403, "tp": 44556, "fp": 336411, "precision": 0.1169550118514202, "recall": 1.2262556763451218, "f1": 0.2135431893448869, "min_score": 0.050000015646219254, "AP": 37.658246711624194, "AP50": 56.806279202819276, "AP75": 39.63617011549417, "APs": 19.627085206263892, "APm": 41.59406168514678, "APl": 49.61182853867229}