{"quality": 31, "model": "R101_FPN", "elapsed": 649.8986797332764, "tp": 39889, "fp": 95079, "precision": 0.2955441289787209, "recall": 1.09781202697124, "f1": 0.46571280129361425, "min_score": 0.05000035837292671, "AP": 35.71356680431421, "AP50": 54.940494913697115, "AP75": 38.394883332088554, "APs": 18.677394302176186, "APm": 38.690731170939294, "APl": 49.12718354255849}