{"quality": 14, "model": "R50_DC5", "elapsed": 1085.377789735794, "tp": 35203, "fp": 194048, "precision": 0.15355658208688294, "recall": 0.9688454658043208, "f1": 0.2650968048014579, "min_score": 0.05000016838312149, "AP": 20.11036867180504, "AP50": 34.425009736640874, "AP75": 20.615920394822368, "APs": 9.504627083673016, "APm": 22.543756215484727, "APl": 29.161048761946546}