{"quality": 15, "model": "R50_FPN", "elapsed": 483.4868574142456, "tp": 34584, "fp": 127235, "precision": 0.2137202677065116, "recall": 0.9518095500206413, "f1": 0.3490618407904963, "min_score": 0.05000017583370209, "AP": 21.824387364182204, "AP50": 36.40738088475712, "AP75": 22.47171145513207, "APs": 10.739984731368283, "APm": 24.18012002429673, "APl": 31.01572082029776}