{"quality": 44, "model": "R101", "elapsed": 668.0490071773529, "tp": 44166, "fp": 341802, "precision": 0.11442917547568711, "recall": 1.215522223751204, "f1": 0.20916735140408663, "min_score": 0.05000017210841179, "AP": 36.69327535814351, "AP50": 55.54647218996516, "AP75": 38.60080283705251, "APs": 18.944452137775297, "APm": 40.44037905422987, "APl": 48.764366644683946}