{"quality": 80, "model": "R50_C4", "elapsed": 1358.7944276332855, "tp": 27274, "fp": 16788, "precision": 0.6189914211792474, "recall": 0.7506261180679785, "f1": 0.6784830279736807, "min_score": 0.5000001788139343, "AP": 34.71179608257357, "AP50": 51.88799427437152, "AP75": 37.89227988258627, "APs": 15.650195681160357, "APm": 38.28547220570405, "APl": 50.004441947375064}