{"quality": 23, "model": "R101_C4", "elapsed": 1647.3517587184906, "tp": 23488, "fp": 15598, "precision": 0.6009312797421071, "recall": 0.6464290628870235, "f1": 0.6228503997560361, "min_score": 0.5000061392784119, "AP": 29.40058067747153, "AP50": 44.434198604051225, "AP75": 31.63851695637344, "APs": 11.750638759251213, "APm": 32.72175753559755, "APl": 43.875327297454334}