{"quality": 85, "model": "R101_DC5", "elapsed": 1126.9673898220062, "tp": 28692, "fp": 17015, "precision": 0.6277375456713413, "recall": 0.7896518508325306, "f1": 0.6994466248994418, "min_score": 0.5000144243240356, "AP": 37.48737128336194, "AP50": 55.842683380108696, "AP75": 40.722412878471005, "APs": 18.364354069329895, "APm": 41.70558632331843, "APl": 51.67483353574397}