{"quality": 78, "model": "R101", "elapsed": 669.5055899620056, "tp": 45237, "fp": 329780, "precision": 0.12062653159723426, "recall": 1.2449979358745011, "f1": 0.21994301717264042, "min_score": 0.05000057816505432, "AP": 39.33639851594501, "AP50": 58.933591473531465, "AP75": 41.80047609535873, "APs": 22.168362560460615, "APm": 43.250314857423795, "APl": 51.59801145148572}