{"quality": 90, "model": "R50_DC5", "elapsed": 991.6925754547119, "tp": 43260, "fp": 128313, "precision": 0.252137574093826, "recall": 1.1905875877253338, "f1": 0.4161456028628047, "min_score": 0.05000004172325134, "AP": 38.84172184653604, "AP50": 60.147029881314815, "AP75": 41.754076836711164, "APs": 21.147950310248977, "APm": 43.0627107835409, "APl": 52.13575930384218}