{"quality": 79, "model": "R50", "elapsed": 484.00625562667847, "tp": 18152, "fp": 4049, "precision": 0.8176208278906355, "recall": 0.4995734140635751, "f1": 0.6201995353286865, "min_score": 0.5000190138816833, "AP": 30.606348965716172, "AP50": 43.14757847824333, "AP75": 33.627649297264966, "APs": 12.276733291415441, "APm": 33.78711380830931, "APl": 43.38974447763915}