{"quality": 74, "model": "X101", "elapsed": 2953.510305404663, "tp": 40772, "fp": 68249, "precision": 0.3739829941020537, "recall": 1.1221136645108023, "f1": 0.5609950741627453, "min_score": 0.050002191215753555, "AP": 41.753688332365016, "AP50": 62.42019004823418, "AP75": 45.096592222278325, "APs": 24.715570636053716, "APm": 44.94373761859517, "APl": 54.273995465557135}