{"quality": 16, "model": "R101", "elapsed": 700.8654339313507, "tp": 12080, "fp": 2952, "precision": 0.8036189462480042, "recall": 0.33246181367827166, "f1": 0.47034088033173055, "min_score": 0.5000258684158325, "AP": 17.920716957313708, "AP50": 26.396247397321236, "AP75": 19.648325370106893, "APs": 6.318060876675458, "APm": 20.221853013059164, "APl": 26.329214967076148}