{"quality": 73, "model": "R101", "elapsed": 696.9722256660461, "tp": 18650, "fp": 3990, "precision": 0.8237632508833922, "recall": 0.5132792073758085, "f1": 0.632471386180585, "min_score": 0.5000470876693726, "AP": 31.992626061516265, "AP50": 44.604333662523935, "AP75": 35.31388575406913, "APs": 13.076419320472466, "APm": 35.63800327027267, "APl": 45.16493572867032}