{"quality": 53, "model": "R50_DC5", "elapsed": 1893.7119798660278, "tp": 26731, "fp": 16899, "precision": 0.612674765069906, "recall": 0.735681849456447, "f1": 0.6685674982804978, "min_score": 0.5000118613243103, "AP": 33.84842419700346, "AP50": 51.88197578088628, "AP75": 36.84548908850381, "APs": 15.54193371382937, "APm": 37.52671987717102, "APl": 47.53306217041596}