{"quality": 95, "model": "R50_C4", "elapsed": 1369.7072403430939, "tp": 28252, "fp": 17956, "precision": 0.6114092797783933, "recall": 0.777542314572726, "f1": 0.6845401790581879, "min_score": 0.5000478625297546, "AP": 35.880941529000644, "AP50": 53.63730429238617, "AP75": 39.26650227032985, "APs": 17.56244684921892, "APm": 39.69577356505655, "APl": 50.57398061801091}