{"quality": 18, "model": "R50_C4", "elapsed": 1532.4092435836792, "tp": 20960, "fp": 19739, "precision": 0.5150003685594241, "recall": 0.5768542727397826, "f1": 0.5441752992185269, "min_score": 0.5000414848327637, "AP": 22.25702879852221, "AP50": 35.51949879281603, "AP75": 23.879902980198853, "APs": 8.347943815970606, "APm": 24.70014732209685, "APl": 34.39330282521648}