{"quality": 98, "model": "R50_DC5", "elapsed": 1025.6273968219757, "tp": 28890, "fp": 18118, "precision": 0.614576242341729, "recall": 0.7951011421494427, "f1": 0.6932795795687701, "min_score": 0.5000073909759521, "AP": 36.74678080161129, "AP50": 55.52934729843349, "AP75": 40.2377591590007, "APs": 18.178775088103936, "APm": 41.20917911804877, "APl": 50.23744600253417}