{"quality": 72, "model": "X101", "elapsed": 2951.504578113556, "tp": 25582, "fp": 9746, "precision": 0.7241281702898551, "recall": 0.7040594468143663, "f1": 0.7139528068877943, "min_score": 0.5000423789024353, "AP": 38.07686061454674, "AP50": 55.24494533801718, "AP75": 41.71042987350775, "APs": 20.067045952893768, "APm": 41.30462909308107, "APl": 51.33083768056934}