{"quality": 52, "model": "R50_FPN", "elapsed": 556.1244077682495, "tp": 23615, "fp": 10207, "precision": 0.6982141801194489, "recall": 0.6499243153983763, "f1": 0.6732043844520148, "min_score": 0.5000301003456116, "AP": 33.45458981254428, "AP50": 49.83111390811016, "AP75": 36.947479054306754, "APs": 15.69968351450694, "APm": 36.58083024681956, "APl": 47.129328453273445}