{"quality": 35, "model": "R50_FPN", "elapsed": 571.5700442790985, "tp": 22412, "fp": 9819, "precision": 0.6953554031832707, "recall": 0.6168157423971378, "f1": 0.6537350873610828, "min_score": 0.500009298324585, "AP": 30.986136040604606, "AP50": 46.621020594403426, "AP75": 34.0838407108605, "APs": 14.031409151354476, "APm": 33.9074861495738, "APl": 44.03637305449206}