{"quality": 40, "model": "R101_C4", "elapsed": 1607.853037595749, "tp": 25895, "fp": 15527, "precision": 0.6251508860026073, "recall": 0.7126737305628182, "f1": 0.6660493589001634, "min_score": 0.5000023245811462, "AP": 34.14174169492327, "AP50": 50.51919948692015, "AP75": 37.018149797609034, "APs": 14.305379258651902, "APm": 38.16862639672876, "APl": 49.87795494163758}