{"quality": 34, "model": "R50_DC5", "elapsed": 1052.646243572235, "tp": 41278, "fp": 139346, "precision": 0.2285299849410931, "recall": 1.1360396312095775, "f1": 0.3805142907185229, "min_score": 0.05000032112002373, "AP": 33.91861927232146, "AP50": 54.18740756902638, "AP75": 35.82181910735775, "APs": 17.187479941705476, "APm": 37.55101745314662, "APl": 46.98332295211121}