{"quality": 59, "model": "R101", "elapsed": 667.9668052196503, "tp": 44606, "fp": 335463, "precision": 0.11736289989449285, "recall": 1.2276317600110087, "f1": 0.21424385932892095, "min_score": 0.050000280141830444, "AP": 37.867462472194646, "AP50": 57.01163604157856, "AP75": 40.12361336308681, "APs": 19.712984824370817, "APm": 41.62401948588392, "APl": 49.86848767081039}