{"quality": 89, "model": "R50", "elapsed": 483.92542147636414, "tp": 18651, "fp": 4191, "precision": 0.8165221959548201, "recall": 0.5133067290491262, "f1": 0.630346249387431, "min_score": 0.5000086426734924, "AP": 31.41442701853112, "AP50": 44.024574195431185, "AP75": 34.77931657967552, "APs": 13.24305965791209, "APm": 34.691435578648196, "APl": 44.71035096949576}