{"quality": 98, "model": "R50_C4", "elapsed": 1373.4062852859497, "tp": 28259, "fp": 18002, "precision": 0.6108601197553014, "recall": 0.7777349662859502, "f1": 0.6842704247179041, "min_score": 0.5000133514404297, "AP": 35.89657022994505, "AP50": 53.544991965206734, "AP75": 39.31911778607755, "APs": 17.62154301248899, "APm": 39.8754837395054, "APl": 50.664975362443954}