{"quality": 19, "model": "R101_DC5", "elapsed": 1141.1335589885712, "tp": 38946, "fp": 148603, "precision": 0.20765773211267455, "recall": 1.0718590890326132, "f1": 0.3479123117328617, "min_score": 0.05000065267086029, "AP": 28.234618688126943, "AP50": 45.90439463290664, "AP75": 29.28084718167352, "APs": 12.588623165875337, "APm": 31.370490617302405, "APl": 40.12475176691365}