{"quality": 75, "model": "R50_DC5", "elapsed": 988.2874083518982, "tp": 42713, "fp": 127341, "precision": 0.2511731567619697, "recall": 1.1755332324205312, "f1": 0.4139077179500846, "min_score": 0.05000081658363342, "AP": 37.794288991267166, "AP50": 58.989832079174256, "AP75": 40.368529223797445, "APs": 19.620272313793404, "APm": 41.957307005752675, "APl": 51.281248040170425}