{"quality": 35, "model": "R50_DC5", "elapsed": 1054.5072548389435, "tp": 41391, "fp": 138789, "precision": 0.22972027972027972, "recall": 1.139149580294482, "f1": 0.38233840611504977, "min_score": 0.05000021681189537, "AP": 34.204223448867346, "AP50": 54.424924861687394, "AP75": 36.203784399210264, "APs": 16.339192596169514, "APm": 37.68958905680397, "APl": 47.6143779802689}