{"quality": 76, "model": "R101_DC5", "elapsed": 1132.1164939403534, "tp": 43103, "fp": 121140, "precision": 0.26243431987969046, "recall": 1.186266685014449, "f1": 0.4297879129316276, "min_score": 0.050001345574855804, "AP": 39.370732859870095, "AP50": 60.16204644268718, "AP75": 42.4532384609587, "APs": 21.027457711571785, "APm": 43.30445463690772, "APl": 53.58130939553472}