{"quality": 96, "model": "R50_C4", "elapsed": 1303.0224192142487, "tp": 42373, "fp": 137882, "precision": 0.2350725361293723, "recall": 1.1661758634925004, "f1": 0.39127383535712634, "min_score": 0.050000037997961044, "AP": 38.268609606386846, "AP50": 58.60282328717115, "AP75": 41.2845439843665, "APs": 21.048418065702442, "APm": 42.58953052536401, "APl": 52.71258205309239}