{"quality": 93, "model": "R101_DC5", "elapsed": 1132.4922313690186, "tp": 43620, "fp": 123668, "precision": 0.26074793171058297, "recall": 1.2004953901197193, "f1": 0.42843883058397136, "min_score": 0.050001103430986404, "AP": 40.254073674545026, "AP50": 61.35199854655742, "AP75": 43.53838689170145, "APs": 22.99567559613969, "APm": 44.67288037344741, "APl": 54.20225858607356}