{"quality": 36, "model": "R50_DC5", "elapsed": 1051.1756103038788, "tp": 41399, "fp": 137765, "precision": 0.231067625192561, "recall": 1.139369753681024, "f1": 0.38421523997791174, "min_score": 0.05000004172325134, "AP": 34.4059744867097, "AP50": 54.69716882646827, "AP75": 36.72230872416272, "APs": 16.220771250593156, "APm": 37.87709336568001, "APl": 48.10154604272551}