{"quality": 93, "model": "R101_FPN", "elapsed": 649.8426413536072, "tp": 42415, "fp": 93157, "precision": 0.31285958752544774, "recall": 1.1673317737718454, "f1": 0.4934644895204966, "min_score": 0.05000006780028343, "AP": 41.82720935872246, "AP50": 62.26957701171633, "AP75": 45.600485799538134, "APs": 25.271228753934764, "APm": 45.29015210358368, "APl": 54.54422952687582}