{"quality": 33, "model": "R101_DC5", "elapsed": 1129.7783777713776, "tp": 25627, "fp": 15874, "precision": 0.617503192694152, "recall": 0.7052979221136645, "f1": 0.6584870753892801, "min_score": 0.5000189542770386, "AP": 32.92102925807849, "AP50": 50.061060884370654, "AP75": 35.669908712935346, "APs": 14.28610251156914, "APm": 36.501728179610346, "APl": 47.1340848662524}