{"quality": 84, "model": "X101", "elapsed": 2923.7554864883423, "tp": 41144, "fp": 68571, "precision": 0.3750079752084947, "recall": 1.1323517269850008, "f1": 0.5634234851078398, "min_score": 0.05000074952840805, "AP": 42.35815300799801, "AP50": 63.04271394160929, "AP75": 45.785641534648505, "APs": 26.609232465739208, "APm": 45.421002766671414, "APl": 54.42772549226841}