{"quality": 42, "model": "R101_DC5", "elapsed": 1134.1103234291077, "tp": 42078, "fp": 124701, "precision": 0.2522979511809041, "recall": 1.1580569698637677, "f1": 0.4143288990419174, "min_score": 0.05000000447034836, "AP": 36.751285913979274, "AP50": 56.979355516415545, "AP75": 39.1788960225182, "APs": 18.397716551291165, "APm": 40.47254931020395, "APl": 50.94189628889585}