{"quality": 25, "model": "R50", "elapsed": 500.5408055782318, "tp": 42018, "fp": 395941, "precision": 0.09594048757988761, "recall": 1.1564056694647034, "f1": 0.1771812420144467, "min_score": 0.05000002309679985, "AP": 29.77375170920301, "AP50": 46.75508144846324, "AP75": 31.29493523526153, "APs": 15.297549514153758, "APm": 32.766411124056475, "APl": 40.88272723792573}