{"quality": 85, "model": "X101", "elapsed": 2945.228106737137, "tp": 26241, "fp": 10100, "precision": 0.7220769929280978, "recall": 0.7221962295307555, "f1": 0.7221366063074468, "min_score": 0.500042200088501, "AP": 38.88523908870646, "AP50": 56.26474278674895, "AP75": 43.09118831378792, "APs": 21.911130706769825, "APm": 42.10041910652782, "APl": 51.4623213048773}