{"quality": 6, "model": "R50", "elapsed": 478.8332121372223, "tp": 2147, "fp": 1249, "precision": 0.6322143698468787, "recall": 0.05908903261318288, "f1": 0.10807681659157835, "min_score": 0.5000308156013489, "AP": 2.8863729648866965, "AP50": 4.585513517346242, "AP75": 3.0201675876244543, "APs": 0.8373301025890832, "APm": 3.4750783543589154, "APl": 4.04040214755883}