{"quality": 16, "model": "R101", "elapsed": 670.984124660492, "tp": 39326, "fp": 399881, "precision": 0.08953864578661087, "recall": 1.0823173248933535, "f1": 0.1653944341404124, "min_score": 0.050000306218862534, "AP": 23.93836085185849, "AP50": 38.809802199306205, "AP75": 24.695393461561466, "APs": 11.037554250022561, "APm": 26.84688965876673, "APl": 33.04875785707886}