{"quality": 10, "model": "R101_DC5", "elapsed": 1143.6708498001099, "tp": 29563, "fp": 183791, "precision": 0.1385631391958904, "recall": 0.8136232282922802, "f1": 0.23679857743032331, "min_score": 0.05000082775950432, "AP": 13.994914691746693, "AP50": 23.823173645449693, "AP75": 14.374294483539371, "APs": 6.018380148147248, "APm": 15.600154746680673, "APl": 20.334320249767224}