{"quality": 62, "model": "R101_C4", "elapsed": 1599.28360247612, "tp": 42077, "fp": 124919, "precision": 0.2519641189010515, "recall": 1.15802944819045, "f1": 0.413876880554367, "min_score": 0.050000134855508804, "AP": 38.93166320638146, "AP50": 58.53404791899285, "AP75": 41.64911690871, "APs": 20.05484543760425, "APm": 43.19933990330487, "APl": 54.30568478880337}