{"quality": 1, "model": "R50_DC5", "elapsed": 1038.645274400711, "tp": 2820, "fp": 177276, "precision": 0.015658315565031982, "recall": 0.07761111875602036, "f1": 0.02605911352809902, "min_score": 0.05000045523047447, "AP": 0.576504049861699, "AP50": 1.118483141204152, "AP75": 0.5478134665203233, "APs": 1.3381392978187046, "APm": 0.6649276107688232, "APl": 0.9987472472676457}