{"quality": 31, "model": "R50", "elapsed": 483.44977164268494, "tp": 15444, "fp": 3605, "precision": 0.810751220536511, "recall": 0.42504472271914134, "f1": 0.5577061967355192, "min_score": 0.500001847743988, "AP": 25.463624528817764, "AP50": 36.2348893076792, "AP75": 28.228396137781854, "APs": 8.660882793960576, "APm": 27.934040959389222, "APl": 38.19742407370857}