{"quality": 38, "model": "R101", "elapsed": 668.647038936615, "tp": 43836, "fp": 345959, "precision": 0.11245911312356495, "recall": 1.2064400715563506, "f1": 0.20574003238448357, "min_score": 0.05000007152557373, "AP": 35.96681716311252, "AP50": 54.616741805816204, "AP75": 38.067323615625504, "APs": 18.20909285499723, "APm": 39.54838656906867, "APl": 47.99505213904154}