{"quality": 16, "model": "R50", "elapsed": 501.7868843078613, "tp": 38631, "fp": 425382, "precision": 0.08325413296610225, "recall": 1.063189761937526, "f1": 0.15441652609783593, "min_score": 0.05000036582350731, "AP": 22.25717764338133, "AP50": 36.42425351403746, "AP75": 22.992463468382603, "APs": 10.356369351628384, "APm": 24.558748921272954, "APl": 30.808962201586098}