{"quality": 100, "model": "R50_C4", "elapsed": 1373.9465930461884, "tp": 28272, "fp": 18082, "precision": 0.60991500194158, "recall": 0.7780927480390808, "f1": 0.6838152595871277, "min_score": 0.5000042915344238, "AP": 35.928231118440884, "AP50": 53.58328737301474, "AP75": 39.23128561521544, "APs": 17.565483675889105, "APm": 39.950307719024906, "APl": 50.820561945872015}