{"quality": 70, "model": "R101", "elapsed": 701.4658677577972, "tp": 18556, "fp": 3949, "precision": 0.8245278826927349, "recall": 0.5106921700839411, "f1": 0.6307273963290279, "min_score": 0.5000371336936951, "AP": 31.698385764154622, "AP50": 44.238825683292966, "AP75": 34.85472862419556, "APs": 12.693673394837122, "APm": 35.31006241799654, "APl": 44.85980306140062}