{"quality": 56, "model": "X101", "elapsed": 2924.0191609859467, "tp": 40160, "fp": 69278, "precision": 0.36696577057329266, "recall": 1.1052704004403469, "f1": 0.5509936682376023, "min_score": 0.05000020191073418, "AP": 40.319597733909745, "AP50": 60.589346117388374, "AP75": 43.54980000235724, "APs": 23.469181156234722, "APm": 43.33559108189979, "APl": 52.814976756548305}