{"quality": 67, "model": "R101_DC5", "elapsed": 1127.389711856842, "tp": 27798, "fp": 16286, "precision": 0.6305689138916614, "recall": 0.7650474748864731, "f1": 0.6913291635061365, "min_score": 0.5000095367431641, "AP": 36.47583163730187, "AP50": 54.45310933090255, "AP75": 39.52644097103322, "APs": 16.966391840142162, "APm": 40.510783475197776, "APl": 50.95253091625496}