{"quality": 71, "model": "R101", "elapsed": 701.7564427852631, "tp": 18585, "fp": 3975, "precision": 0.8238031914893617, "recall": 0.5114902986101555, "f1": 0.6311231853298243, "min_score": 0.5000200867652893, "AP": 31.831433211025278, "AP50": 44.44206399088752, "AP75": 35.201973177986986, "APs": 12.724744486516384, "APm": 35.51400914355231, "APl": 45.042215457528165}