{"quality": 100, "model": "R101_DC5", "elapsed": 1127.2117466926575, "tp": 29163, "fp": 17724, "precision": 0.621984771898394, "recall": 0.8026145589651851, "f1": 0.7008483333733868, "min_score": 0.5000020861625671, "AP": 38.297133711680544, "AP50": 56.722212534743946, "AP75": 42.16348821054288, "APs": 19.309286992683973, "APm": 42.708967540705046, "APl": 52.459275018356024}