{"quality": 70, "model": "R50_C4", "elapsed": 1360.098653793335, "tp": 26837, "fp": 16786, "precision": 0.6152029892487908, "recall": 0.7385991468281271, "f1": 0.6712774206458391, "min_score": 0.5000060796737671, "AP": 34.316799435069875, "AP50": 51.43999324676772, "AP75": 37.22052251475052, "APs": 15.289389491678618, "APm": 38.008688076820555, "APl": 49.62417826660148}