{"quality": 18, "model": "R50_DC5", "elapsed": 1066.8433125019073, "tp": 38285, "fp": 170438, "precision": 0.18342492202584287, "recall": 1.0536672629695885, "f1": 0.312456642917187, "min_score": 0.05000009015202522, "AP": 25.658319261118017, "AP50": 43.00886966870964, "AP75": 26.47420897067479, "APs": 11.581829278576697, "APm": 28.580848569308, "APl": 36.87225265604618}