{"quality": 39, "model": "R101_DC5", "elapsed": 1135.0774478912354, "tp": 41924, "fp": 125219, "precision": 0.25082713604518286, "recall": 1.153818632172836, "f1": 0.412074032573546, "min_score": 0.050000570714473724, "AP": 36.5139113018922, "AP50": 56.72251903044755, "AP75": 38.678955790303576, "APs": 17.668653929305666, "APm": 40.20571030895759, "APl": 50.69613580978075}