{"quality": 12, "model": "R101", "elapsed": 699.760454416275, "tp": 9148, "fp": 2289, "precision": 0.7998601031739092, "recall": 0.25176826751066467, "f1": 0.3829858494515616, "min_score": 0.5000098347663879, "AP": 12.604993318679202, "AP50": 18.881597379070175, "AP75": 13.7848578261624, "APs": 4.489935068659293, "APm": 14.346148876479962, "APl": 18.19799349036498}