{"quality": 76, "model": "R50_FPN", "elapsed": 560.181009054184, "tp": 24947, "fp": 10762, "precision": 0.6986193956705592, "recall": 0.6865831842576029, "f1": 0.6925489978346566, "min_score": 0.5000016689300537, "AP": 35.333748514014275, "AP50": 52.21148891386649, "AP75": 39.09826159351689, "APs": 17.697882419905415, "APm": 38.50807253050802, "APl": 48.35791866538111}