{"quality": 87, "model": "R101", "elapsed": 667.9461843967438, "tp": 45425, "fp": 329494, "precision": 0.12115950378615115, "recall": 1.250172010458236, "f1": 0.22090970543751548, "min_score": 0.05000029504299164, "AP": 39.91002869342949, "AP50": 59.59806751556573, "AP75": 42.51364030419783, "APs": 23.001269617486308, "APm": 43.858620821753036, "APl": 51.58587611410217}