{"quality": 3, "model": "R101", "elapsed": 695.1502914428711, "tp": 346, "fp": 396, "precision": 0.46630727762803237, "recall": 0.00952249896793725, "f1": 0.018663861693233, "min_score": 0.5001271367073059, "AP": 0.7330964248510967, "AP50": 1.2495349063513799, "AP75": 0.7070948801492918, "APs": 0.21723449264367786, "APm": 0.6224809484377596, "APl": 1.3394516040992133}