{"quality": 40, "model": "X101", "elapsed": 2926.115932226181, "tp": 39644, "fp": 70722, "precision": 0.3592048275737093, "recall": 1.0910692170083942, "f1": 0.5404734800717105, "min_score": 0.05000012740492821, "AP": 38.772293733432925, "AP50": 58.8660674505338, "AP75": 41.55473645759214, "APs": 21.6185429877791, "APm": 41.94455998095647, "APl": 51.70219460378651}