{"quality": 48, "model": "R101", "elapsed": 668.5953989028931, "tp": 44374, "fp": 340027, "precision": 0.11543674444135162, "recall": 1.2212467318012936, "f1": 0.21093512321265595, "min_score": 0.05000011622905731, "AP": 37.07035391591402, "AP50": 56.014617181591696, "AP75": 38.91719948526438, "APs": 19.218196301768277, "APm": 40.78176040717205, "APl": 48.992061786307396}