{"quality": 100, "model": "R101_C4", "elapsed": 1589.2695813179016, "tp": 28800, "fp": 17279, "precision": 0.6250135636624059, "recall": 0.7926241915508463, "f1": 0.6989103793044872, "min_score": 0.5000001788139343, "AP": 38.465852971724544, "AP50": 56.22602874411625, "AP75": 41.985872090683586, "APs": 19.097070466825546, "APm": 42.69062474795622, "APl": 53.636644058526706}