{"quality": 28, "model": "R101_C4", "elapsed": 1626.4877574443817, "tp": 24464, "fp": 15560, "precision": 0.6112332600439736, "recall": 0.6732902160451355, "f1": 0.64076271297424, "min_score": 0.5000499486923218, "AP": 31.633793266782128, "AP50": 47.219785225214814, "AP75": 34.17016944950232, "APs": 12.75060211910618, "APm": 35.43865617766364, "APl": 47.06278557613448}