{"quality": 51, "model": "R50_DC5", "elapsed": 1895.3132719993591, "tp": 26582, "fp": 16771, "precision": 0.6131524923304039, "recall": 0.7315811201321041, "f1": 0.667151892380283, "min_score": 0.5000169277191162, "AP": 33.7119983858858, "AP50": 51.60081668779459, "AP75": 36.75288620577158, "APs": 15.1495930226198, "APm": 37.284017352754816, "APl": 47.67910465802658}