{"quality": 55, "model": "R101", "elapsed": 667.9398016929626, "tp": 44530, "fp": 337124, "precision": 0.11667636131155444, "recall": 1.2255401128388606, "f1": 0.21306780800451688, "min_score": 0.05000010132789612, "AP": 37.59771504060438, "AP50": 56.79621260696667, "AP75": 39.63223467225126, "APs": 19.590297596606433, "APm": 41.552540479268615, "APl": 49.844276978193626}