{"quality": 26, "model": "R101_FPN", "elapsed": 649.4713640213013, "tp": 39225, "fp": 97656, "precision": 0.28656278080960834, "recall": 1.079537635888262, "f1": 0.45290273415850735, "min_score": 0.05000118911266327, "AP": 33.74540954913483, "AP50": 52.67056844893777, "AP75": 35.93584169482068, "APs": 17.26683608351865, "APm": 36.80049310022015, "APl": 46.61715817715388}