{"quality": 28, "model": "X101", "elapsed": 2951.305896997452, "tp": 22414, "fp": 9207, "precision": 0.7088327377375795, "recall": 0.6168707857437732, "f1": 0.6596621343222084, "min_score": 0.5000995397567749, "AP": 32.28749608215418, "AP50": 48.00538785388134, "AP75": 35.140429088036285, "APs": 14.978920064281597, "APm": 35.10087536273965, "APl": 45.306022110615196}