{"quality": 9, "model": "R50_DC5", "elapsed": 1081.806672334671, "tp": 26754, "fp": 224228, "precision": 0.10659728586113745, "recall": 0.7363148479427549, "f1": 0.18623332416807914, "min_score": 0.050000112503767014, "AP": 10.456872764322481, "AP50": 18.72035186897422, "AP75": 10.172825658447266, "APs": 4.834964505737085, "APm": 12.237591341240517, "APl": 15.416339706594783}