{"quality": 69, "model": "X101", "elapsed": 2948.878786802292, "tp": 40554, "fp": 68709, "precision": 0.3711594958952253, "recall": 1.1161139397275355, "f1": 0.5570680915946647, "min_score": 0.05000119283795357, "AP": 41.378633732819125, "AP50": 61.83078379374722, "AP75": 45.07427740751238, "APs": 24.489865694102804, "APm": 44.82005693926842, "APl": 53.70550491622665}