{"quality": 13, "model": "R101_C4", "elapsed": 1767.3683910369873, "tp": 33976, "fp": 187791, "precision": 0.1532058421676805, "recall": 0.9350763726434568, "f1": 0.2632757591959768, "min_score": 0.05000069737434387, "AP": 20.76529584349909, "AP50": 33.940059694544566, "AP75": 21.5536853909776, "APs": 8.568131203444405, "APm": 22.8018371238284, "APl": 31.764522761133847}