{"quality": 47, "model": "R50_DC5", "elapsed": 1901.8902254104614, "tp": 26382, "fp": 16863, "precision": 0.6100589663544919, "recall": 0.7260767854685565, "f1": 0.6630309122895199, "min_score": 0.500004768371582, "AP": 33.365828271569974, "AP50": 51.211916973990824, "AP75": 36.32851938081831, "APs": 15.06315035850257, "APm": 37.016549923261785, "APl": 47.18711994478273}