{"quality": 94, "model": "R50_C4", "elapsed": 1369.2326605319977, "tp": 28115, "fp": 17908, "precision": 0.6108902070703779, "recall": 0.773771845328196, "f1": 0.6827509167294009, "min_score": 0.5000038146972656, "AP": 35.83975335962259, "AP50": 53.438103398413276, "AP75": 39.155746819381484, "APs": 17.14328660004469, "APm": 39.66050587480669, "APl": 50.738998673819765}