{"quality": 21, "model": "R101_DC5", "elapsed": 1139.3201432228088, "tp": 39688, "fp": 142677, "precision": 0.2176294793408823, "recall": 1.0922801706343745, "f1": 0.36294467306812983, "min_score": 0.05000004544854164, "AP": 30.09225080315573, "AP50": 48.58238665332673, "AP75": 31.371320470438036, "APs": 13.467056854895276, "APm": 33.41329234933503, "APl": 42.26774386481735}