{"quality": 71, "model": "R101_C4", "elapsed": 1591.602459192276, "tp": 27569, "fp": 16066, "precision": 0.6318093273748138, "recall": 0.7587450116967112, "f1": 0.6894835563336251, "min_score": 0.5000139474868774, "AP": 36.97972485741425, "AP50": 54.15653694626107, "AP75": 40.1322586720768, "APs": 16.791542859000387, "APm": 41.0759283718778, "APl": 52.75135530342679}