{"quality": 63, "model": "R101_C4", "elapsed": 1595.739503622055, "tp": 27107, "fp": 15881, "precision": 0.6305713222294593, "recall": 0.7460299986239163, "f1": 0.6834587698397689, "min_score": 0.5000052452087402, "AP": 36.42366207128565, "AP50": 53.484340224536574, "AP75": 39.63720883622304, "APs": 16.371599404076843, "APm": 40.54254766795417, "APl": 52.2642401008972}