{"quality": 3, "model": "R101_C4", "elapsed": 1845.3802089691162, "tp": 956, "fp": 8966, "precision": 0.09635154202781697, "recall": 0.02631071969175726, "f1": 0.04133428454071816, "min_score": 0.5000041723251343, "AP": 1.0532187027113928, "AP50": 1.8138611965278157, "AP75": 1.059132548715715, "APs": 0.3706051898920226, "APm": 0.959933273389549, "APl": 1.737429861116434}