{"quality": 42, "model": "R101_C4", "elapsed": 1604.332139968872, "tp": 26025, "fp": 15476, "precision": 0.6270933230524566, "recall": 0.7162515480941242, "f1": 0.6687137057402744, "min_score": 0.5000038743019104, "AP": 34.3593408306478, "AP50": 50.85120712257131, "AP75": 36.813170437300506, "APs": 14.558051540446664, "APm": 38.3136994688288, "APl": 50.28019409881333}