{"quality": 30, "model": "R101", "elapsed": 668.9629511833191, "tp": 43455, "fp": 355695, "precision": 0.10886884629838407, "recall": 1.1959543140222926, "f1": 0.1995705937058682, "min_score": 0.05000019073486328, "AP": 34.0122436465062, "AP50": 51.997453463266005, "AP75": 36.20666625623655, "APs": 16.76426847984968, "APm": 37.45101614380256, "APl": 46.01628094561202}