{"quality": 75, "model": "R50_C4", "elapsed": 1295.9089601039886, "tp": 41669, "fp": 136085, "precision": 0.23441947860526346, "recall": 1.146800605476813, "f1": 0.38926801470416517, "min_score": 0.05000247061252594, "AP": 37.14560620883333, "AP50": 57.03740010974858, "AP75": 39.88325912308345, "APs": 19.226953008610863, "APm": 41.12932355682342, "APl": 52.21225407866782}