{"quality": 43, "model": "R50_C4", "elapsed": 1390.4432954788208, "tp": 25544, "fp": 16882, "precision": 0.6020836279639844, "recall": 0.7030136232282923, "f1": 0.6486459034293623, "min_score": 0.5000022649765015, "AP": 32.03435175678619, "AP50": 48.68620629980664, "AP75": 35.01481689178003, "APs": 13.463701224164721, "APm": 35.241661586644014, "APl": 47.496629531217586}