{"quality": 31, "model": "R50_DC5", "elapsed": 1909.4883263111115, "tp": 24960, "fp": 16818, "precision": 0.5974436306189861, "recall": 0.6869409660107334, "f1": 0.6390741617912511, "min_score": 0.5000178813934326, "AP": 30.653414278941902, "AP50": 47.71968873997773, "AP75": 33.102626251026805, "APs": 12.950712616893867, "APm": 34.005403575118734, "APl": 44.06586395910778}