{"quality": 92, "model": "R50_DC5", "elapsed": 1019.671870470047, "tp": 28686, "fp": 17925, "precision": 0.6154341249919547, "recall": 0.7894867207926242, "f1": 0.6916789236370651, "min_score": 0.5000066161155701, "AP": 36.47963025162239, "AP50": 55.33381898202726, "AP75": 40.00513834776271, "APs": 17.94401999978605, "APm": 40.834743993074646, "APl": 50.18771473798246}