{"quality": 67, "model": "R101", "elapsed": 701.2399861812592, "tp": 18426, "fp": 3929, "precision": 0.824245135316484, "recall": 0.5071143525526352, "f1": 0.6279093542341113, "min_score": 0.5000091791152954, "AP": 31.605602873649026, "AP50": 44.21605060828695, "AP75": 35.08966050754241, "APs": 12.654893583361332, "APm": 35.136467115246454, "APl": 44.63534337569391}