{"quality": 18, "model": "R101_DC5", "elapsed": 1141.0732960700989, "tp": 38588, "fp": 150584, "precision": 0.2039836762311547, "recall": 1.062006329984863, "f1": 0.34223327878957194, "min_score": 0.05000061169266701, "AP": 27.34910120878912, "AP50": 44.61034749661582, "AP75": 28.35720481276755, "APs": 11.962393934242973, "APm": 30.60313592124763, "APl": 38.809067335015186}