{"quality": 83, "model": "R101_DC5", "elapsed": 1133.0457170009613, "tp": 43291, "fp": 121503, "precision": 0.2626976710317123, "recall": 1.1914407595981835, "f1": 0.4304799407345534, "min_score": 0.0500013567507267, "AP": 39.86194015541634, "AP50": 60.80003043354528, "AP75": 42.73911718043934, "APs": 21.99325801353887, "APm": 43.87701554595254, "APl": 53.77115475815686}