{"quality": 17, "model": "R50_FPN", "elapsed": 484.2356843948364, "tp": 36166, "fp": 124420, "precision": 0.2252126586377393, "recall": 0.9953488372093023, "f1": 0.3673148115234028, "min_score": 0.05000002682209015, "AP": 24.69687042820786, "AP50": 40.95841101403014, "AP75": 25.61349326491419, "APs": 12.689684455147479, "APm": 27.264070998708185, "APl": 34.34623067750698}