{"quality": 32, "model": "R101", "elapsed": 701.4403557777405, "tp": 16443, "fp": 3687, "precision": 0.8168405365126676, "recall": 0.4525388743635613, "f1": 0.5824138847073409, "min_score": 0.5000569820404053, "AP": 27.83181987718379, "AP50": 39.23594714682622, "AP75": 30.748240291856693, "APs": 10.439944413124016, "APm": 30.706677941622317, "APl": 40.0263559209022}