{"quality": 43, "model": "R101_FPN", "elapsed": 650.3314552307129, "tp": 40762, "fp": 91398, "precision": 0.30842917675544795, "recall": 1.1218384477776249, "f1": 0.4838363156176741, "min_score": 0.05000048130750656, "AP": 38.07785739843158, "AP50": 58.052856568340005, "AP75": 40.8941930693467, "APs": 20.531973248428617, "APm": 41.29068512681416, "APl": 51.523740213874916}