{"quality": 47, "model": "R101_FPN", "elapsed": 649.5360219478607, "tp": 40957, "fp": 91129, "precision": 0.31007828233120843, "recall": 1.1272051740745836, "f1": 0.48636452698891464, "min_score": 0.05000079423189163, "AP": 38.64687881523693, "AP50": 58.578344402874315, "AP75": 41.578454241047744, "APs": 21.482236051405398, "APm": 41.61251523633918, "APl": 51.95391953987423}