{"quality": 49, "model": "R101_FPN", "elapsed": 649.9746985435486, "tp": 41068, "fp": 90887, "precision": 0.3112273123413285, "recall": 1.1302600798128526, "f1": 0.4880622734565334, "min_score": 0.05000011995434761, "AP": 38.802416845314816, "AP50": 58.87646157207509, "AP75": 41.8108681826356, "APs": 21.362340862506823, "APm": 41.92492017505175, "APl": 52.00337091387882}