{"quality": 20, "model": "R50_FPN", "elapsed": 484.7392656803131, "tp": 37813, "fp": 121721, "precision": 0.23702157533817242, "recall": 1.0406770331636164, "f1": 0.386104998749164, "min_score": 0.05000000447034836, "AP": 27.70488370733429, "AP50": 45.17656328998716, "AP75": 29.069804638786913, "APs": 13.814780811656332, "APm": 30.140000004804833, "APl": 38.45377796501968}