{"quality": 68, "model": "R101_C4", "elapsed": 1592.751959323883, "tp": 27353, "fp": 16161, "precision": 0.628602288918509, "recall": 0.7528003302600799, "f1": 0.6851181605279967, "min_score": 0.5000030398368835, "AP": 36.705663198622354, "AP50": 53.72524976627142, "AP75": 39.81747540312064, "APs": 16.814044130054867, "APm": 40.78413162127367, "APl": 52.674672423541615}