{"quality": 10, "model": "R50", "elapsed": 481.09630060195923, "tp": 6650, "fp": 1899, "precision": 0.7778687565797169, "recall": 0.18301912756295582, "f1": 0.29631940112289457, "min_score": 0.5000059604644775, "AP": 8.35539652530685, "AP50": 12.699255907256976, "AP75": 9.046453982740942, "APs": 2.455101428858989, "APm": 9.614394926906368, "APl": 12.42804523626739}