{"quality": 55, "model": "R50_FPN", "elapsed": 485.3501875400543, "tp": 41489, "fp": 107098, "precision": 0.2792236198321522, "recall": 1.14184670427962, "f1": 0.44871891932814917, "min_score": 0.05000036954879761, "AP": 37.51894683761765, "AP50": 57.56357949885841, "AP75": 40.71414361657411, "APs": 20.79957786440737, "APm": 40.69982302558133, "APl": 49.94072537656959}