{"quality": 63, "model": "R50_C4", "elapsed": 1335.3493392467499, "tp": 26485, "fp": 16880, "precision": 0.6107459933125793, "recall": 0.7289115178202835, "f1": 0.6646173149309912, "min_score": 0.5000001192092896, "AP": 33.80424964992771, "AP50": 50.7211998107238, "AP75": 36.720847939829355, "APs": 14.893186374966009, "APm": 37.25088923870665, "APl": 48.894527988572456}