{"quality": 66, "model": "R101", "elapsed": 701.7938194274902, "tp": 18400, "fp": 3871, "precision": 0.8261865205873109, "recall": 0.506398789046374, "f1": 0.6279220557622087, "min_score": 0.5000359416007996, "AP": 31.42675794283746, "AP50": 43.95022639835548, "AP75": 34.81120389032825, "APs": 12.447411400830708, "APm": 34.85054728017722, "APl": 44.525808649845736}