{"quality": 90, "model": "X101", "elapsed": 2953.857615709305, "tp": 41261, "fp": 68866, "precision": 0.37466742942239417, "recall": 1.135571762763176, "f1": 0.5634362496756838, "min_score": 0.050000160932540894, "AP": 42.92608648752081, "AP50": 63.57655594610022, "AP75": 46.747506329194394, "APs": 27.418039880849914, "APm": 45.944191963415136, "APl": 54.862546947627536}