{"quality": 101, "model": "R101_FPN", "elapsed": 651.0721039772034, "tp": 42530, "fp": 93415, "precision": 0.3128471072860348, "recall": 1.1704967662033852, "f1": 0.4937311353610402, "min_score": 0.05000047758221626, "AP": 42.0358054896204, "AP50": 62.480371921834376, "AP75": 45.87632712234905, "APs": 25.224765229827494, "APm": 45.55448267195356, "APl": 54.59229840832139}