{"quality": 56, "model": "R50", "elapsed": 483.74845457077026, "tp": 17130, "fp": 3845, "precision": 0.8166865315852205, "recall": 0.4714462639328471, "f1": 0.5978014308148665, "min_score": 0.5000282526016235, "AP": 28.877155548463364, "AP50": 40.49721978079551, "AP75": 32.006202613425685, "APs": 11.475185161730856, "APm": 31.62492210866651, "APl": 42.24696033297231}