{"quality": 30, "model": "R101_C4", "elapsed": 1621.7141122817993, "tp": 24758, "fp": 15473, "precision": 0.6153960875941438, "recall": 0.6813815880005505, "f1": 0.6467100279497427, "min_score": 0.5000006556510925, "AP": 32.26218505825842, "AP50": 48.06099715238886, "AP75": 34.96577105027452, "APs": 12.936883548749806, "APm": 36.152303306805216, "APl": 47.831990433042314}