{"quality": 83, "model": "R101", "elapsed": 696.6715486049652, "tp": 19089, "fp": 4162, "precision": 0.8209969463678981, "recall": 0.5253612219622953, "f1": 0.6407209747256066, "min_score": 0.5000039935112, "AP": 32.75579378672745, "AP50": 45.73885687035364, "AP75": 36.12592386238298, "APs": 14.630242065844307, "APm": 36.47680088479323, "APl": 45.18198389347886}