{"quality": 47, "model": "X101", "elapsed": 2919.730371236801, "tp": 39938, "fp": 69846, "precision": 0.3637870727974933, "recall": 1.099160588963809, "f1": 0.5466503329478029, "min_score": 0.050001759082078934, "AP": 39.65233085628842, "AP50": 59.75723289951132, "AP75": 42.694207314983345, "APs": 22.696833658432766, "APm": 42.77950228214323, "APl": 52.798485893528124}