{"quality": 34, "model": "X101", "elapsed": 2950.4468700885773, "tp": 23352, "fp": 9335, "precision": 0.714412457551932, "recall": 0.6426861153158112, "f1": 0.6766538205209933, "min_score": 0.5000231862068176, "AP": 34.01915740527608, "AP50": 50.28670178904321, "AP75": 37.02867782833912, "APs": 16.17628289930126, "APm": 37.053280956578405, "APl": 47.3108261084237}