{"quality": 58, "model": "R101_DC5", "elapsed": 1134.3196852207184, "tp": 42537, "fp": 121862, "precision": 0.2587424497715923, "recall": 1.1706894179166094, "f1": 0.4238146004164716, "min_score": 0.0500003956258297, "AP": 38.2202184031725, "AP50": 58.78044417502857, "AP75": 41.05578506556363, "APs": 19.899110608461832, "APm": 42.19091217919511, "APl": 52.160643394378795}