{"quality": 17, "model": "R50_C4", "elapsed": 1563.9718596935272, "tp": 36280, "fp": 220653, "precision": 0.14120412714598748, "recall": 0.9984863079675245, "f1": 0.24741874326554553, "min_score": 0.050000857561826706, "AP": 23.50304300116192, "AP50": 38.94402988964743, "AP75": 24.32456513325937, "APs": 9.949868182822133, "APm": 26.226200699202433, "APl": 35.32496510553481}