{"quality": 92, "model": "R50_DC5", "elapsed": 984.9861588478088, "tp": 43241, "fp": 128605, "precision": 0.25162645624570834, "recall": 1.1900646759322966, "f1": 0.41541735316863687, "min_score": 0.05000085011124611, "AP": 38.791787015003024, "AP50": 60.236020466984755, "AP75": 41.906081596431434, "APs": 20.956035991195424, "APm": 43.05845769668623, "APl": 52.38540752142657}