{"quality": 54, "model": "R50_C4", "elapsed": 1312.1309099197388, "tp": 40973, "fp": 142793, "precision": 0.22296289846870476, "recall": 1.1276455208476674, "f1": 0.37231089363519476, "min_score": 0.05000029504299164, "AP": 35.68895831491516, "AP50": 55.22937953319145, "AP75": 38.43520812820314, "APs": 17.23219550600964, "APm": 39.52305224064035, "APl": 50.591693006921744}