{"quality": 85, "model": "R50_DC5", "elapsed": 987.0144438743591, "tp": 43069, "fp": 127849, "precision": 0.25198633262734177, "recall": 1.1853309481216459, "f1": 0.4156176267653544, "min_score": 0.050001148134469986, "AP": 38.45719843420199, "AP50": 59.63396958430288, "AP75": 41.323256814309254, "APs": 20.794573604478717, "APm": 42.79754782178621, "APl": 51.88641871411359}