{"quality": 39, "model": "R101_FPN", "elapsed": 647.2535510063171, "tp": 23186, "fp": 9106, "precision": 0.7180106527932615, "recall": 0.6381175175450667, "f1": 0.6757107260990572, "min_score": 0.5000273585319519, "AP": 33.69728983816214, "AP50": 49.68619005703998, "AP75": 36.99310402436778, "APs": 15.93166985739087, "APm": 36.831640070125246, "APl": 47.2448891622418}