{"quality": 98, "model": "R50_DC5", "elapsed": 983.1674797534943, "tp": 43390, "fp": 129594, "precision": 0.25083244693150814, "recall": 1.1941654052566395, "f1": 0.41458252714755944, "min_score": 0.050000838935375214, "AP": 39.0324909918069, "AP50": 60.41356739677973, "AP75": 42.03692731700877, "APs": 21.52364787206407, "APm": 43.390936068489154, "APl": 52.31404872545035}