{"quality": 59, "model": "R50_DC5", "elapsed": 993.2558388710022, "tp": 42185, "fp": 129729, "precision": 0.24538432006701025, "recall": 1.1610017889087656, "f1": 0.4051400006722721, "min_score": 0.050000112503767014, "AP": 36.640576714069624, "AP50": 57.51500542832099, "AP75": 39.35132456668413, "APs": 18.11487783017855, "APm": 40.46460127298665, "APl": 50.329795403709674}