{"quality": 12, "model": "R101_FPN", "elapsed": 646.8364279270172, "tp": 30281, "fp": 107583, "precision": 0.2196439969825335, "recall": 0.8333837897344158, "f1": 0.34765986027474327, "min_score": 0.05000074952840805, "AP": 17.29294193321069, "AP50": 28.703084537096874, "AP75": 17.75153922650034, "APs": 8.227687890186507, "APm": 19.148514249660924, "APl": 24.25750153124384}