{"quality": 85, "model": "R101_C4", "elapsed": 1590.2034566402435, "tp": 28252, "fp": 16608, "precision": 0.6297815425769059, "recall": 0.777542314572726, "f1": 0.6959049202537102, "min_score": 0.5000014901161194, "AP": 37.67857738797916, "AP50": 55.10783122108601, "AP75": 40.922840746666175, "APs": 18.32474311534142, "APm": 41.64770221762733, "APl": 53.04464289947383}