{"quality": 65, "model": "R101_C4", "elapsed": 1597.924975156784, "tp": 42171, "fp": 124573, "precision": 0.2529086503862208, "recall": 1.1606164854823173, "f1": 0.4153162069933376, "min_score": 0.050000280141830444, "AP": 39.159161033959286, "AP50": 58.91505422284382, "AP75": 41.74966328501854, "APs": 19.85348278219132, "APm": 43.667300833506765, "APl": 54.08622726517479}