{"quality": 56, "model": "R101_C4", "elapsed": 1600.5118687152863, "tp": 41915, "fp": 125428, "precision": 0.25047357821958494, "recall": 1.1535709371129765, "f1": 0.41158102495114846, "min_score": 0.05000007525086403, "AP": 38.5550956850926, "AP50": 58.158853447360336, "AP75": 41.2675216034286, "APs": 19.622256378686316, "APm": 42.94793547555065, "APl": 54.0511145432383}