{"quality": 56, "model": "R101_FPN", "elapsed": 647.7861363887787, "tp": 24278, "fp": 9350, "precision": 0.7219578922326633, "recall": 0.6681711848080363, "f1": 0.6940239841058845, "min_score": 0.5000278949737549, "AP": 35.36514473755973, "AP50": 51.822963075839986, "AP75": 38.76791087133118, "APs": 17.37544286839012, "APm": 38.749198863196796, "APl": 48.834144428256714}