{"quality": 47, "model": "R50_C4", "elapsed": 1371.9871144294739, "tp": 25752, "fp": 16849, "precision": 0.6044928522804629, "recall": 0.7087381312783817, "f1": 0.652477956825783, "min_score": 0.5000008344650269, "AP": 32.51683570657102, "AP50": 49.05546688052957, "AP75": 35.622879227014145, "APs": 13.750513327154016, "APm": 35.942570889947476, "APl": 47.70851623423099}