{"quality": 45, "model": "X101", "elapsed": 2928.6995067596436, "tp": 39876, "fp": 70293, "precision": 0.36195299948261306, "recall": 1.0974542452181093, "f1": 0.5443673892862992, "min_score": 0.05000014975667, "AP": 39.35145215246546, "AP50": 59.42819482282741, "AP75": 42.06961450180386, "APs": 22.181018365620268, "APm": 42.222431422724014, "APl": 52.227390874907684}