{"quality": 33, "model": "R101_FPN", "elapsed": 647.2050173282623, "tp": 22489, "fp": 9023, "precision": 0.7136646356943387, "recall": 0.6189349112426036, "f1": 0.6629327752148216, "min_score": 0.5000157952308655, "AP": 32.206259389211176, "AP50": 47.6867800669682, "AP75": 35.526688312701516, "APs": 14.800839075729291, "APm": 35.26849376484123, "APl": 46.28197736452399}