{"quality": 29, "model": "R50", "elapsed": 500.56206488609314, "tp": 42688, "fp": 387272, "precision": 0.09928365429342265, "recall": 1.1748451905875876, "f1": 0.18309439303445246, "min_score": 0.05000027269124985, "AP": 31.659137486290984, "AP50": 49.24798430951611, "AP75": 33.42705839205479, "APs": 15.568579737403802, "APm": 34.76597079092615, "APl": 42.97221011380019}