{"quality": 15, "model": "R50", "elapsed": 482.84665536880493, "tp": 10825, "fp": 2649, "precision": 0.8033991390826778, "recall": 0.2979221136645108, "f1": 0.434660402738461, "min_score": 0.5000351071357727, "AP": 15.223713012845005, "AP50": 22.525974349407967, "AP75": 16.785714309707434, "APs": 4.5652838316256625, "APm": 17.252980984149197, "APl": 23.145260574862757}