{"quality": 97, "model": "R101_C4", "elapsed": 1610.7805309295654, "tp": 43040, "fp": 127613, "precision": 0.25220769631943185, "recall": 1.1845328195954314, "f1": 0.4158695190059328, "min_score": 0.050000712275505066, "AP": 40.988219287702385, "AP50": 61.146044873912395, "AP75": 44.17069024525833, "APs": 22.041050297960382, "APm": 45.4653353926377, "APl": 55.62092264306001}