{"quality": 58, "model": "X101", "elapsed": 2950.824250936508, "tp": 24903, "fp": 9589, "precision": 0.7219935057404615, "recall": 0.6853722306316224, "f1": 0.703206404337329, "min_score": 0.5000373125076294, "AP": 37.09756753761123, "AP50": 53.83017962387932, "AP75": 40.945751151956486, "APs": 18.645341651029952, "APm": 40.08458115949934, "APl": 50.20382023656694}