{"quality": 53, "model": "X101", "elapsed": 2929.076270341873, "tp": 40050, "fp": 69437, "precision": 0.36579685259437195, "recall": 1.1022430163753956, "f1": 0.5492998313011753, "min_score": 0.05000077188014984, "AP": 40.018179008939605, "AP50": 60.25146221657507, "AP75": 43.112816693435484, "APs": 22.393085950366103, "APm": 43.34895041584901, "APl": 52.65995566096275}