{"quality": 54, "model": "R50_DC5", "elapsed": 1891.8648664951324, "tp": 26808, "fp": 16909, "precision": 0.6132168264062036, "recall": 0.7378010183019128, "f1": 0.6697646529755659, "min_score": 0.5000048279762268, "AP": 33.84543316847359, "AP50": 51.920936819821165, "AP75": 36.8946365875267, "APs": 15.594268051651989, "APm": 37.46722743225963, "APl": 47.540320824249946}