{"quality": 74, "model": "R50_C4", "elapsed": 1372.7251212596893, "tp": 27071, "fp": 16739, "precision": 0.6179182834969185, "recall": 0.7450392183844777, "f1": 0.6755505646016594, "min_score": 0.5000109672546387, "AP": 34.51917196327878, "AP50": 51.69288432356156, "AP75": 37.42953822078921, "APs": 15.706435363636285, "APm": 38.00911934965734, "APl": 49.94853930416872}