{"quality": 54, "model": "R101_DC5", "elapsed": 1133.5053610801697, "tp": 42491, "fp": 122638, "precision": 0.2573200346395848, "recall": 1.1694234209439933, "f1": 0.4218222610491204, "min_score": 0.050000112503767014, "AP": 38.021747017119004, "AP50": 58.6695697263634, "AP75": 40.78168048047087, "APs": 18.967525132464054, "APm": 41.93036657916104, "APl": 52.186265129246735}