{"quality": 85, "model": "R101", "elapsed": 696.8168122768402, "tp": 19229, "fp": 4250, "precision": 0.8189871800332211, "recall": 0.5292142562267785, "f1": 0.6429598421774165, "min_score": 0.5000115633010864, "AP": 32.91472756166783, "AP50": 46.08677387492853, "AP75": 36.25753454277106, "APs": 14.357496902411427, "APm": 36.73312098892909, "APl": 45.24176451775384}