{"quality": 60, "model": "R101_FPN", "elapsed": 647.3695747852325, "tp": 24299, "fp": 9485, "precision": 0.7192457968269003, "recall": 0.6687491399477088, "f1": 0.6930789087123319, "min_score": 0.5000276565551758, "AP": 35.697001385837375, "AP50": 52.02652780433393, "AP75": 39.22146547206445, "APs": 17.740958735128956, "APm": 38.798050720232304, "APl": 49.45775097661282}