{"quality": 37, "model": "R50_FPN", "elapsed": 485.47365283966064, "tp": 40643, "fp": 110116, "precision": 0.269589211921013, "recall": 1.118563368652814, "f1": 0.4344660972559247, "min_score": 0.05000147968530655, "AP": 35.34972037576201, "AP50": 55.08787573392795, "AP75": 37.944960392927555, "APs": 19.287703345978112, "APm": 38.35693972530108, "APl": 47.658002642558436}