{"quality": 84, "model": "R101_FPN", "elapsed": 647.9943435192108, "tp": 25625, "fp": 10221, "precision": 0.7148635831055069, "recall": 0.7052428787670291, "f1": 0.7100206425513641, "min_score": 0.5000134110450745, "AP": 37.70613032246734, "AP50": 54.47262444160231, "AP75": 41.636907919199665, "APs": 20.239900462730287, "APm": 41.21335714399926, "APl": 50.75115552278431}