{"quality": 21, "model": "R101", "elapsed": 701.3776657581329, "tp": 14334, "fp": 3295, "precision": 0.8130920642123773, "recall": 0.3944956653364525, "f1": 0.5312430509228374, "min_score": 0.5000300407409668, "AP": 22.797313791237432, "AP50": 33.02868882139583, "AP75": 25.202511474815704, "APs": 7.802064120319306, "APm": 25.173783383328598, "APl": 33.2775123300136}