{"quality": 95, "model": "R50", "elapsed": 484.2132167816162, "tp": 18868, "fp": 4327, "precision": 0.8134511748221599, "recall": 0.5192789321590753, "f1": 0.6338988745170502, "min_score": 0.5000014901161194, "AP": 31.47633159336164, "AP50": 44.24625916587539, "AP75": 34.94784578089343, "APs": 13.40339765485151, "APm": 34.860798429204195, "APl": 44.14038994319259}