{"quality": 40, "model": "R50_C4", "elapsed": 1335.1219935417175, "tp": 40590, "fp": 151257, "precision": 0.21157484870756385, "recall": 1.117104719966974, "f1": 0.35576864082180015, "min_score": 0.050001148134469986, "AP": 34.05755981729334, "AP50": 53.07047194219459, "AP75": 36.38931807766351, "APs": 15.501834790588182, "APm": 37.69189761549294, "APl": 48.956194790246975}