{"quality": 13, "model": "R101_C4", "elapsed": 1762.9487974643707, "tp": 17765, "fp": 15223, "precision": 0.5385291621195586, "recall": 0.48892252648961054, "f1": 0.512528309507667, "min_score": 0.5000109672546387, "AP": 18.40291596298323, "AP50": 29.009131855793267, "AP75": 19.586667171736135, "APs": 6.997985155676216, "APm": 20.45626858956215, "APl": 27.997792284985394}