{"quality": 71, "model": "R101", "elapsed": 668.0501544475555, "tp": 45045, "fp": 330998, "precision": 0.11978683288879197, "recall": 1.2397137745974955, "f1": 0.2184646125642008, "min_score": 0.05000029504299164, "AP": 38.81612274903845, "AP50": 58.07087429983212, "AP75": 41.36306430101338, "APs": 21.277849852677342, "APm": 42.58728358521775, "APl": 50.91260965782909}