{"quality": 68, "model": "R50_DC5", "elapsed": 994.6771564483643, "tp": 42500, "fp": 128249, "precision": 0.24890336107385694, "recall": 1.169671116003853, "f1": 0.4104614552548724, "min_score": 0.05000014975667, "AP": 37.45968368225208, "AP50": 58.42067998921653, "AP75": 40.485049465126075, "APs": 18.703001061945095, "APm": 41.51839872247517, "APl": 51.083804960396776}