{"quality": 73, "model": "R50", "elapsed": 484.0722744464874, "tp": 17921, "fp": 4032, "precision": 0.8163348972805539, "recall": 0.49321590752717764, "f1": 0.6149121603074389, "min_score": 0.5000823140144348, "AP": 30.260636106535227, "AP50": 42.47333135774503, "AP75": 33.283882029556075, "APs": 12.015267717695888, "APm": 33.43921239248422, "APl": 43.58066194928444}