{"quality": 3, "model": "R101_C4", "elapsed": 1847.7449457645416, "tp": 3664, "fp": 165166, "precision": 0.021702304092874488, "recall": 0.100839411036191, "f1": 0.035717593156727505, "min_score": 0.050001151859760284, "AP": 1.2242890863253413, "AP50": 2.1858732877232008, "AP75": 1.193604378761681, "APs": 0.4574557258456782, "APm": 1.1155702068022526, "APl": 2.1370320018280697}