{"quality": 71, "model": "R101_FPN", "elapsed": 650.31005692482, "tp": 41755, "fp": 90301, "precision": 0.31619161567819715, "recall": 1.1491674693821385, "f1": 0.4959291173518775, "min_score": 0.050000280141830444, "AP": 40.59284262495374, "AP50": 60.79592766602859, "AP75": 44.423432858337804, "APs": 23.43852202975898, "APm": 44.01585136770056, "APl": 53.54883450814897}