{"quality": 28, "model": "R50_C4", "elapsed": 1382.2581391334534, "tp": 23972, "fp": 17844, "precision": 0.5732733881767744, "recall": 0.6597495527728086, "f1": 0.6134790341774258, "min_score": 0.5000344514846802, "AP": 28.86423129483888, "AP50": 44.467198702305645, "AP75": 31.090510301126344, "APs": 11.877949835678663, "APm": 31.773544252381786, "APl": 43.06033672008752}