{"quality": 80, "model": "R101_DC5", "elapsed": 1127.0901851654053, "tp": 28403, "fp": 16711, "precision": 0.6295828345967992, "recall": 0.7816980872437044, "f1": 0.6974425714250635, "min_score": 0.5000050663948059, "AP": 37.172130839117195, "AP50": 55.398224503208084, "AP75": 40.665706731989, "APs": 17.685166786882682, "APm": 41.458312297891226, "APl": 51.46101232799462}