{"quality": 94, "model": "R50_C4", "elapsed": 1298.5845715999603, "tp": 42345, "fp": 136757, "precision": 0.23642952060836842, "recall": 1.1654052566396036, "f1": 0.3931079619563956, "min_score": 0.05000011622905731, "AP": 38.35793008910864, "AP50": 58.5351859205868, "AP75": 41.265241546896966, "APs": 20.381141403927604, "APm": 42.55733795612465, "APl": 52.926238363471256}