{"quality": 82, "model": "R101_DC5", "elapsed": 1133.1090984344482, "tp": 43362, "fp": 121394, "precision": 0.26318920100026705, "recall": 1.193394798403743, "f1": 0.43126743613587876, "min_score": 0.05000067502260208, "AP": 39.68042660129181, "AP50": 60.60209885158757, "AP75": 42.709171828466566, "APs": 21.26827405114338, "APm": 43.81941417044576, "APl": 53.54445225639094}