{"quality": 14, "model": "R101", "elapsed": 700.5422024726868, "tp": 10707, "fp": 2655, "precision": 0.8013022002694208, "recall": 0.29467455621301775, "f1": 0.43089120067609715, "min_score": 0.5000084042549133, "AP": 15.136232424270096, "AP50": 22.527175087965663, "AP75": 16.44837131772179, "APs": 4.856353469852498, "APm": 17.515334030915998, "APl": 22.163834715740208}