{"quality": 66, "model": "X101", "elapsed": 2944.552495956421, "tp": 25258, "fp": 9663, "precision": 0.7232897110621116, "recall": 0.6951424246594193, "f1": 0.7089367912877512, "min_score": 0.500028669834137, "AP": 37.76324270938877, "AP50": 54.64867095173883, "AP75": 41.653579703492824, "APs": 19.675333980375463, "APm": 40.94968416451859, "APl": 50.75247461215184}