{"quality": 73, "model": "X101", "elapsed": 2953.8982293605804, "tp": 40697, "fp": 68408, "precision": 0.37300765317813117, "recall": 1.120049539011972, "f1": 0.5596397139713971, "min_score": 0.050000738352537155, "AP": 41.61422070988573, "AP50": 62.144287090993366, "AP75": 44.98531421992352, "APs": 24.65349454999767, "APm": 44.94457678347396, "APl": 53.84945053429805}