{"quality": 11, "model": "R101", "elapsed": 671.4277455806732, "tp": 33967, "fp": 425362, "precision": 0.07394917368596365, "recall": 0.9348286775835971, "f1": 0.13705655444010456, "min_score": 0.05000002309679985, "AP": 15.323990761914747, "AP50": 25.730077704113413, "AP75": 15.389943498891304, "APs": 6.7677994736735965, "APm": 17.342184071026313, "APl": 21.473979232811487}