{"quality": 42, "model": "R50_DC5", "elapsed": 1049.4750018119812, "tp": 41784, "fp": 134596, "precision": 0.2368976074384851, "recall": 1.1499655979083527, "f1": 0.39286369085395956, "min_score": 0.05000035837292671, "AP": 35.21239895809874, "AP50": 55.67382460420257, "AP75": 37.40514320504162, "APs": 16.789912289316483, "APm": 38.835213727838976, "APl": 48.848170725533016}