{"quality": 32, "model": "R101_DC5", "elapsed": 1130.141280889511, "tp": 25443, "fp": 15828, "precision": 0.6164861525041797, "recall": 0.7002339342232008, "f1": 0.655696724480066, "min_score": 0.5000119805335999, "AP": 32.65000002960941, "AP50": 49.657494230245064, "AP75": 35.200979917094884, "APs": 14.0642686219206, "APm": 36.271018607559625, "APl": 47.26363689398366}