{"quality": 83, "model": "R50_DC5", "elapsed": 988.9232230186462, "tp": 42951, "fp": 127246, "precision": 0.25236049989130244, "recall": 1.1820833906701527, "f1": 0.4159258613677299, "min_score": 0.050000883638858795, "AP": 38.346404732411834, "AP50": 59.566046913984636, "AP75": 41.093229057013694, "APs": 20.391914983630077, "APm": 42.417612372837674, "APl": 51.96956947599579}