{"quality": 29, "model": "R50_FPN", "elapsed": 558.4564697742462, "tp": 21468, "fp": 9751, "precision": 0.6876581568916365, "recall": 0.5908352827851934, "f1": 0.6355804245492496, "min_score": 0.5000106692314148, "AP": 29.19656066680117, "AP50": 44.56926917938422, "AP75": 31.936538883255537, "APs": 12.955099774484106, "APm": 31.925279993095444, "APl": 41.22229874400831}