{"quality": 78, "model": "R101", "elapsed": 697.6936926841736, "tp": 18888, "fp": 4041, "precision": 0.8237603035457282, "recall": 0.51982936562543, "f1": 0.6374190064794817, "min_score": 0.5000002980232239, "AP": 32.328788100355226, "AP50": 45.22097900897498, "AP75": 35.618696065563924, "APs": 14.19742769547056, "APm": 35.81488809154681, "APl": 45.72616095438469}