{"quality": 97, "model": "X101", "elapsed": 2950.533190011978, "tp": 41423, "fp": 69427, "precision": 0.3736851601262968, "recall": 1.1400302738406496, "f1": 0.562869857662126, "min_score": 0.05000044032931328, "AP": 43.12502625651427, "AP50": 63.82319921803447, "AP75": 47.014897921740996, "APs": 27.212576730097283, "APm": 46.190292974134195, "APl": 54.86318098819558}