{"quality": 67, "model": "R50_DC5", "elapsed": 1032.8141903877258, "tp": 27367, "fp": 16981, "precision": 0.6170965996211779, "recall": 0.7531856336865281, "f1": 0.6783833025544413, "min_score": 0.5000030398368835, "AP": 34.95577311217316, "AP50": 53.221357649943876, "AP75": 38.24454002366115, "APs": 16.392394450860667, "APm": 39.02495946936038, "APl": 48.317231911873044}