{"quality": 73, "model": "R101", "elapsed": 670.5761981010437, "tp": 45155, "fp": 330945, "precision": 0.12006115394841797, "recall": 1.2427411586624466, "f1": 0.21896783735618944, "min_score": 0.050000205636024475, "AP": 38.98355612206184, "AP50": 58.22482106881818, "AP75": 41.42418369215897, "APs": 21.463322156560285, "APm": 42.84715782271296, "APl": 51.11655981023343}