{"quality": 79, "model": "R50", "elapsed": 498.6760787963867, "tp": 44787, "fp": 357940, "precision": 0.11120933039006572, "recall": 1.2326131828815192, "f1": 0.20401218962242237, "min_score": 0.05000007525086403, "AP": 37.53528405056324, "AP50": 56.66779126788521, "AP75": 39.75145008983561, "APs": 21.81902545135539, "APm": 40.99182876780235, "APl": 49.06395174741057}