{"quality": 35, "model": "R50_C4", "elapsed": 1343.6236679553986, "tp": 24900, "fp": 17386, "precision": 0.5888473726528874, "recall": 0.6852896656116692, "f1": 0.6334185522951883, "min_score": 0.500016987323761, "AP": 30.66016681464679, "AP50": 46.969095002771844, "AP75": 33.335666874184504, "APs": 12.540750691683913, "APm": 33.92167994240768, "APl": 45.53811609972338}