{"quality": 27, "model": "R101_FPN", "elapsed": 648.9420356750488, "tp": 39372, "fp": 96961, "precision": 0.28879288213418614, "recall": 1.0835833218659694, "f1": 0.45604281048022793, "min_score": 0.05000002682209015, "AP": 34.36966096760894, "AP50": 53.414007188722024, "AP75": 36.852242048323866, "APs": 17.674230798131777, "APm": 37.396161348317236, "APl": 47.31761959296027}