{"quality": 100, "model": "R50_FPN", "elapsed": 546.2843866348267, "tp": 25917, "fp": 11417, "precision": 0.694192960839985, "recall": 0.7132792073758084, "f1": 0.7036066730918025, "min_score": 0.5000124573707581, "AP": 36.68688201074759, "AP50": 54.099111537799494, "AP75": 40.86879805588932, "APs": 19.034982845521824, "APm": 40.16187252307292, "APl": 49.18222530471093}