{"quality": 22, "model": "R101_C4", "elapsed": 1653.230346918106, "tp": 23187, "fp": 15619, "precision": 0.5975106942225429, "recall": 0.6381450392183845, "f1": 0.6171597396893839, "min_score": 0.5000290870666504, "AP": 28.608030133164952, "AP50": 43.5001399571737, "AP75": 30.638879039201854, "APs": 10.79074482613144, "APm": 32.015499304369605, "APl": 42.95578695021898}