{"quality": 69, "model": "R101_FPN", "elapsed": 650.4628899097443, "tp": 41649, "fp": 90499, "precision": 0.31516935557102643, "recall": 1.1462501720104583, "f1": 0.49440002848952125, "min_score": 0.050002120435237885, "AP": 40.465515622488496, "AP50": 60.629541024396296, "AP75": 43.92328344097351, "APs": 22.849132831201597, "APm": 43.945300388523336, "APl": 53.42405898199374}