{"quality": 58, "model": "R50_C4", "elapsed": 1364.385009765625, "tp": 26292, "fp": 16857, "precision": 0.609330459570326, "recall": 0.72359983486996, "f1": 0.6615671078456041, "min_score": 0.5000038146972656, "AP": 33.396888707179286, "AP50": 50.419017576624505, "AP75": 36.457558674699136, "APs": 14.398686795989283, "APm": 36.699591079509105, "APl": 48.43859694458275}