{"quality": 18, "model": "R101_C4", "elapsed": 1692.4317872524261, "tp": 37795, "fp": 161011, "precision": 0.1901099564399465, "recall": 1.040181643043897, "f1": 0.3214666944514143, "min_score": 0.05000026524066925, "AP": 27.814467725522345, "AP50": 44.03964095610267, "AP75": 29.45774578356135, "APs": 11.568148867664634, "APm": 30.53738572908185, "APl": 41.24689041223309}