{"quality": 71, "model": "R50_FPN", "elapsed": 561.3155307769775, "tp": 24684, "fp": 10515, "precision": 0.7012699224409784, "recall": 0.6793449841750379, "f1": 0.6901333631559817, "min_score": 0.5000056028366089, "AP": 35.157114196262164, "AP50": 51.927652132602965, "AP75": 39.016071868947265, "APs": 17.39859982468787, "APm": 38.156617722040686, "APl": 48.33388724086376}