{"quality": 77, "model": "R101", "elapsed": 670.959009885788, "tp": 45167, "fp": 330342, "precision": 0.12028207046968248, "recall": 1.2430714187422596, "f1": 0.21934033274735093, "min_score": 0.05000083148479462, "AP": 39.22833061921369, "AP50": 58.81746894037521, "AP75": 41.648252656596455, "APs": 21.910832367064323, "APm": 43.02957465882115, "APl": 51.35033026299678}