{"quality": 85, "model": "R101_DC5", "elapsed": 1133.1343398094177, "tp": 43491, "fp": 121867, "precision": 0.26301116365703503, "recall": 1.196945094261731, "f1": 0.4312593892698309, "min_score": 0.0500011146068573, "AP": 39.8580196636473, "AP50": 60.84622224875111, "AP75": 42.60235948809145, "APs": 22.179616359616812, "APm": 44.155314779244, "APl": 53.66617675408341}