{"quality": 67, "model": "X101", "elapsed": 2947.541135787964, "tp": 40591, "fp": 68781, "precision": 0.37112789379365835, "recall": 1.1171322416402918, "f1": 0.5571592305105452, "min_score": 0.050001367926597595, "AP": 41.25934344673668, "AP50": 61.59367192900398, "AP75": 44.713909398895034, "APs": 24.120390801971652, "APm": 44.425668372979324, "APl": 53.903353863414374}