{"quality": 49, "model": "R101_DC5", "elapsed": 1134.1641783714294, "tp": 42375, "fp": 123042, "precision": 0.25617076842162534, "recall": 1.1662309068391359, "f1": 0.42007018517784206, "min_score": 0.05000048130750656, "AP": 37.56571088694112, "AP50": 58.07088906467679, "AP75": 40.143941601906825, "APs": 18.559953839632623, "APm": 41.45508718319694, "APl": 51.9777864120895}