{"quality": 47, "model": "R50", "elapsed": 483.8545458316803, "tp": 16750, "fp": 3747, "precision": 0.8171927599160853, "recall": 0.46098802807210676, "f1": 0.5894566441441441, "min_score": 0.5000048875808716, "AP": 28.194594250167214, "AP50": 39.753881798170376, "AP75": 31.076172074904136, "APs": 10.96977250760936, "APm": 30.922307138046286, "APl": 41.141454525180926}