{"quality": 100, "model": "R101", "elapsed": 696.8955669403076, "tp": 19595, "fp": 4346, "precision": 0.8184704064157721, "recall": 0.5392871886610706, "f1": 0.6501758577211494, "min_score": 0.5000020265579224, "AP": 33.61820725601417, "AP50": 47.04776901980425, "AP75": 37.22198234604149, "APs": 15.085579413936175, "APm": 37.5566141568417, "APl": 46.23217164369122}