{"quality": 4, "model": "X101", "elapsed": 2942.966801404953, "tp": 1143, "fp": 2005, "precision": 0.3630876747141042, "recall": 0.031457272602174215, "f1": 0.05789833599270572, "min_score": 0.5000220537185669, "AP": 1.4498352421501843, "AP50": 2.463542161353055, "AP75": 1.4426123313651043, "APs": 0.3923350754449876, "APm": 1.3986970721460765, "APl": 2.207294421869671}