{"quality": 42, "model": "R101_FPN", "elapsed": 647.3086171150208, "tp": 23370, "fp": 9196, "precision": 0.7176196032672112, "recall": 0.6431815054355304, "f1": 0.6783646100927417, "min_score": 0.5000675320625305, "AP": 33.96679942321376, "AP50": 49.958418018332466, "AP75": 36.988069719234026, "APs": 15.94320382380162, "APm": 36.99430640407884, "APl": 47.76665043772311}