{"quality": 34, "model": "R50_DC5", "elapsed": 1907.878558397293, "tp": 25355, "fp": 16794, "precision": 0.60155638330684, "recall": 0.6978120269712399, "f1": 0.6461189541817441, "min_score": 0.5000064969062805, "AP": 31.465329343116228, "AP50": 48.84415462821028, "AP75": 33.903540935123914, "APs": 13.373444146247449, "APm": 34.92121959031318, "APl": 44.60225674422298}