{"quality": 12, "model": "R50_C4", "elapsed": 1741.0291261672974, "tp": 15975, "fp": 20594, "precision": 0.4368454155158741, "recall": 0.4396587312508601, "f1": 0.4382475584330078, "min_score": 0.5000017285346985, "AP": 14.145587556466015, "AP50": 23.184964294925553, "AP75": 14.791457842575944, "APs": 5.348350483603618, "APm": 15.982770600507537, "APl": 21.576985655608137}