{"quality": 24, "model": "R101_DC5", "elapsed": 1137.7031455039978, "tp": 40402, "fp": 136923, "precision": 0.22784153390666856, "recall": 1.1119306453832394, "f1": 0.3781896471028737, "min_score": 0.050000183284282684, "AP": 32.0801264641311, "AP50": 51.27768990951716, "AP75": 33.27320644518929, "APs": 14.552916066225405, "APm": 35.78580129038113, "APl": 45.052218170126515}