{"quality": 11, "model": "R50_FPN", "elapsed": 549.5919950008392, "tp": 11607, "fp": 7041, "precision": 0.6224259974259975, "recall": 0.3194440621989817, "f1": 0.42220322645181235, "min_score": 0.5000081658363342, "AP": 11.921507750616922, "AP50": 19.25839994513984, "AP75": 12.53659018525591, "APs": 5.0023006208683904, "APm": 13.664883609802953, "APl": 17.190056577104105}