{"quality": 59, "model": "R50_FPN", "elapsed": 485.8639757633209, "tp": 41620, "fp": 106340, "precision": 0.28129224114625573, "recall": 1.145452043484244, "f1": 0.45166716405762497, "min_score": 0.050000596791505814, "AP": 37.8123169144959, "AP50": 57.94856142457806, "AP75": 40.97838402155836, "APs": 21.120004841886267, "APm": 40.89300514489167, "APl": 49.9195127591469}