{"quality": 28, "model": "R101", "elapsed": 669.1146202087402, "tp": 43208, "fp": 358755, "precision": 0.10749248065120422, "recall": 1.1891564607128113, "f1": 0.19716266102058413, "min_score": 0.05000072345137596, "AP": 33.412455898494656, "AP50": 51.27258479086705, "AP75": 35.24905306280678, "APs": 16.366005162574503, "APm": 36.73623771146078, "APl": 44.97316466299443}