{"quality": 90, "model": "R50_FPN", "elapsed": 485.2257044315338, "tp": 42657, "fp": 106811, "precision": 0.28539219097064256, "recall": 1.173992018714738, "f1": 0.45916373793749293, "min_score": 0.05000096186995506, "AP": 39.997009460602115, "AP50": 60.65012133158565, "AP75": 43.503648163255335, "APs": 23.78785206431176, "APm": 43.188986816562874, "APl": 51.91843420167045}