{"quality": 48, "model": "R50_DC5", "elapsed": 1045.7166237831116, "tp": 42042, "fp": 132141, "precision": 0.2413668383252097, "recall": 1.157066189624329, "f1": 0.3994147768836869, "min_score": 0.050000015646219254, "AP": 35.83699665150347, "AP50": 56.577597395038005, "AP75": 38.58455746485732, "APs": 17.392860960618002, "APm": 39.70435053597799, "APl": 49.5635813285611}