{"quality": 12, "model": "R50_C4", "elapsed": 1749.1973321437836, "tp": 31276, "fp": 270258, "precision": 0.10372296324792561, "recall": 0.8607678546855649, "f1": 0.18513684297760377, "min_score": 0.0500001423060894, "AP": 16.081079904899127, "AP50": 27.33508121073374, "AP75": 16.35906342158063, "APs": 6.6194655873388015, "APm": 18.23020555386843, "APl": 24.448979126423666}