{"quality": 98, "model": "R101_FPN", "elapsed": 650.4466042518616, "tp": 42491, "fp": 93399, "precision": 0.31268673191551993, "recall": 1.1694234209439933, "f1": 0.49343591232399475, "min_score": 0.050000760704278946, "AP": 41.96468897488927, "AP50": 62.40164759148941, "AP75": 45.76334792017979, "APs": 25.31900515917482, "APm": 45.398324034076225, "APl": 54.533584173425844}