{"quality": 30, "model": "R50_DC5", "elapsed": 1057.9125289916992, "tp": 41064, "fp": 143155, "precision": 0.22290860334710316, "recall": 1.1301499931195818, "f1": 0.37237139204004466, "min_score": 0.05000021308660507, "AP": 32.8757331423321, "AP50": 52.66086051105643, "AP75": 34.737106897327266, "APs": 15.257193414194417, "APm": 36.47374797316691, "APl": 46.080130954950185}