{"quality": 60, "model": "R101_C4", "elapsed": 1600.239681482315, "tp": 42077, "fp": 124690, "precision": 0.25231010931419284, "recall": 1.15802944819045, "f1": 0.4143435318214493, "min_score": 0.050000257790088654, "AP": 38.716230350037826, "AP50": 58.30100982474708, "AP75": 41.55819283848271, "APs": 19.089502928517945, "APm": 43.155387260090244, "APl": 53.88156061556965}