{"quality": 98, "model": "X101", "elapsed": 2949.9761514663696, "tp": 41382, "fp": 69465, "precision": 0.3733253944626377, "recall": 1.1389018852346222, "f1": 0.5623241972523815, "min_score": 0.05000005662441254, "AP": 43.0646601391045, "AP50": 63.628360754097116, "AP75": 46.94309423516971, "APs": 26.896693524504244, "APm": 46.0988577734665, "APl": 54.85799578953981}