{"quality": 41, "model": "R50_FPN", "elapsed": 557.5841248035431, "tp": 22934, "fp": 9917, "precision": 0.6981218227755623, "recall": 0.6311820558689968, "f1": 0.66296649611193, "min_score": 0.5000188946723938, "AP": 32.285965985762225, "AP50": 48.45751771718125, "AP75": 35.493803756167765, "APs": 15.274700006693735, "APm": 35.20286451925865, "APl": 45.45973009025372}