{"quality": 77, "model": "R50", "elapsed": 484.2835977077484, "tp": 18093, "fp": 4042, "precision": 0.8173932685791733, "recall": 0.49794963533782854, "f1": 0.618881477680862, "min_score": 0.5000110268592834, "AP": 30.516041836841552, "AP50": 42.94430511113137, "AP75": 33.62302316811238, "APs": 12.673060172966846, "APm": 33.54793398893945, "APl": 43.77233535885228}