{"quality": 4, "model": "R50_DC5", "elapsed": 1007.178071975708, "tp": 1897, "fp": 15712, "precision": 0.10772900221477653, "recall": 0.05220861428374845, "f1": 0.07033219635177221, "min_score": 0.500024676322937, "AP": 1.3644556796798055, "AP50": 2.439337341826898, "AP75": 1.3273880779011011, "APs": 0.4273673286977742, "APm": 1.5294415903783043, "APl": 2.1185335284356643}