{"quality": 65, "model": "R50_FPN", "elapsed": 485.63572692871094, "tp": 41882, "fp": 105567, "precision": 0.28404397452678554, "recall": 1.152662721893491, "f1": 0.45577416967744744, "min_score": 0.05000345781445503, "AP": 38.30260527594209, "AP50": 58.609675065441934, "AP75": 41.593804033727736, "APs": 21.539541528552558, "APm": 41.46779302796092, "APl": 50.61183322492631}