{"quality": 80, "model": "R101", "elapsed": 668.1433510780334, "tp": 45268, "fp": 329477, "precision": 0.12079680849644425, "recall": 1.245851107747351, "f1": 0.22023936946579742, "min_score": 0.05000019073486328, "AP": 39.35786425678093, "AP50": 58.91146010970459, "AP75": 41.685591382515824, "APs": 22.554883708137517, "APm": 43.30669231326023, "APl": 51.42902639914839}