{"quality": 91, "model": "R101", "elapsed": 696.6990151405334, "tp": 19386, "fp": 4282, "precision": 0.8190806151766098, "recall": 0.5335351589376635, "f1": 0.6461676916154193, "min_score": 0.5000103116035461, "AP": 33.31143226072043, "AP50": 46.51169727566892, "AP75": 36.66964391674165, "APs": 14.340750993058847, "APm": 37.18457092631227, "APl": 46.404037777872865}