{"quality": 63, "model": "R50", "elapsed": 499.14612317085266, "tp": 44305, "fp": 362838, "precision": 0.10881926006341752, "recall": 1.2193477363423697, "f1": 0.19980698027861588, "min_score": 0.0500008724629879, "AP": 36.427395372475495, "AP50": 55.2643528815196, "AP75": 38.392296615679626, "APs": 19.99430091267118, "APm": 39.71622070562412, "APl": 48.38861250161443}