{"quality": 95, "model": "R101", "elapsed": 667.759961605072, "tp": 45600, "fp": 330345, "precision": 0.12129433826756574, "recall": 1.25498830328884, "f1": 0.22120888716406326, "min_score": 0.050001248717308044, "AP": 40.35388849984056, "AP50": 60.080827361936485, "AP75": 43.15672016785298, "APs": 23.935219155102843, "APm": 44.40902157996528, "APl": 52.0575684641529}