{"quality": 42, "model": "R101_DC5", "elapsed": 1128.1965899467468, "tp": 26504, "fp": 15914, "precision": 0.6248290819934933, "recall": 0.7294344296133205, "f1": 0.6730918187243661, "min_score": 0.500024139881134, "AP": 34.38977696253795, "AP50": 51.94758839388059, "AP75": 37.26748657790271, "APs": 15.586262911726534, "APm": 38.05875871855407, "APl": 48.780772061712604}