{"quality": 25, "model": "R50_DC5", "elapsed": 1059.1471629142761, "tp": 40380, "fp": 151024, "precision": 0.21096737790223818, "recall": 1.111325168570249, "f1": 0.35461646885250214, "min_score": 0.050000034272670746, "AP": 30.868725029599652, "AP50": 50.05453240557498, "AP75": 32.53296522171394, "APs": 14.810657465559402, "APm": 34.0869863393822, "APl": 43.773291435327735}