{"quality": 7, "model": "R50", "elapsed": 479.50339460372925, "tp": 3185, "fp": 1396, "precision": 0.695263043003711, "recall": 0.08765652951699464, "f1": 0.15568481767523706, "min_score": 0.5000400543212891, "AP": 4.0160420706592745, "AP50": 6.386656410750653, "AP75": 4.142803053889234, "APs": 1.0650453732042786, "APm": 4.7227605217774515, "APl": 5.667006142229175}