{"quality": 71, "model": "R101_DC5", "elapsed": 1132.3689472675323, "tp": 42936, "fp": 120670, "precision": 0.2624353630062467, "recall": 1.1816705655703867, "f1": 0.42948669857607996, "min_score": 0.050000403076410294, "AP": 39.06243588848057, "AP50": 59.93080101953133, "AP75": 41.7428189605017, "APs": 20.131893734268843, "APm": 43.29358228766462, "APl": 53.40369119584083}