{"quality": 27, "model": "R101_C4", "elapsed": 1634.2625184059143, "tp": 40218, "fp": 139963, "precision": 0.22320888439957598, "recall": 1.1068666574927755, "f1": 0.37150141329047276, "min_score": 0.050000373274087906, "AP": 34.02952778766776, "AP50": 52.309867834728784, "AP75": 36.26579571738643, "APs": 14.989501031404394, "APm": 37.929483334458055, "APl": 49.476142793385364}