{"quality": 91, "model": "R101", "elapsed": 667.7940049171448, "tp": 45510, "fp": 329101, "precision": 0.12148602149963562, "recall": 1.2525113526902436, "f1": 0.22148895475317926, "min_score": 0.05000043287873268, "AP": 40.16596153441058, "AP50": 59.92559533060151, "AP75": 42.666388078125046, "APs": 23.920378214067124, "APm": 43.99848058037376, "APl": 52.1921784042172}