{"quality": 100, "model": "R101_FPN", "elapsed": 650.1980178356171, "tp": 42497, "fp": 93288, "precision": 0.31297271421732886, "recall": 1.1695885509839, "f1": 0.49380664652567974, "min_score": 0.0500013530254364, "AP": 41.99136222376141, "AP50": 62.39891871382382, "AP75": 45.802163743841334, "APs": 25.295118312002586, "APm": 45.43441277053816, "APl": 54.54272232079923}