{"quality": 35, "model": "R50_FPN", "elapsed": 484.84086298942566, "tp": 40513, "fp": 111417, "precision": 0.2666556967024287, "recall": 1.114985551121508, "f1": 0.430382705229331, "min_score": 0.0500001423060894, "AP": 34.95230129996009, "AP50": 54.60073819801302, "AP75": 37.44619373820243, "APs": 19.10562080031348, "APm": 37.732666701441914, "APl": 47.49163374716947}