{"quality": 37, "model": "R50_C4", "elapsed": 1336.795432806015, "tp": 25084, "fp": 17233, "precision": 0.5927641373443298, "recall": 0.690353653502133, "f1": 0.6378477343233484, "min_score": 0.500022292137146, "AP": 31.16662188223248, "AP50": 47.270016368511065, "AP75": 33.88896200559287, "APs": 12.988823037324588, "APm": 34.223087809332306, "APl": 46.43220617331485}