{"quality": 93, "model": "R50_C4", "elapsed": 1297.1097977161407, "tp": 42288, "fp": 136933, "precision": 0.23595449194011864, "recall": 1.1638365212604926, "f1": 0.39236207760396374, "min_score": 0.05000045895576477, "AP": 38.20296828787559, "AP50": 58.400015956332815, "AP75": 41.10023455693918, "APs": 21.07726830814885, "APm": 42.558651212041035, "APl": 52.66924005752453}