{"quality": 16, "model": "R50_C4", "elapsed": 1597.456532716751, "tp": 35778, "fp": 229857, "precision": 0.13468857643006382, "recall": 0.9846704279620201, "f1": 0.23696393681491545, "min_score": 0.050000157207250595, "AP": 22.24919873776896, "AP50": 37.15066915342929, "AP75": 22.946843232804905, "APs": 9.268567140442578, "APm": 24.78952637596834, "APl": 33.40455406329522}