{"quality": 60, "model": "R50_C4", "elapsed": 1306.8080847263336, "tp": 41201, "fp": 140222, "precision": 0.2270990998936188, "recall": 1.1339204623641117, "f1": 0.37841089649978416, "min_score": 0.05000046268105507, "AP": 36.14104104333747, "AP50": 55.5982578170626, "AP75": 38.823172138757414, "APs": 17.47444451508257, "APm": 39.83481652525144, "APl": 51.47626413816312}