{"quality": 72, "model": "R50", "elapsed": 483.95780897140503, "tp": 17919, "fp": 3976, "precision": 0.8184060287736926, "recall": 0.49316086418054217, "f1": 0.6154559505409583, "min_score": 0.5000045895576477, "AP": 30.30447766333512, "AP50": 42.60814356041804, "AP75": 33.39846221628447, "APs": 12.049198027833182, "APm": 33.420941296971854, "APl": 43.15910614155739}