{"quality": 90, "model": "R101_C4", "elapsed": 1594.1766002178192, "tp": 42928, "fp": 125760, "precision": 0.2544816465901546, "recall": 1.1814503921838448, "f1": 0.4187627729571804, "min_score": 0.0500003881752491, "AP": 40.68516659723305, "AP50": 60.92828794585087, "AP75": 43.662168566062995, "APs": 22.127633214132537, "APm": 44.86309220307188, "APl": 55.540919798320786}