{"quality": 84, "model": "R50_DC5", "elapsed": 1023.4116303920746, "tp": 28253, "fp": 17427, "precision": 0.6184982486865149, "recall": 0.7775698362460438, "f1": 0.6889715295982443, "min_score": 0.5000129342079163, "AP": 36.15939285731298, "AP50": 54.810308358922235, "AP75": 39.599891997785555, "APs": 17.761283913383544, "APm": 40.41102750657997, "APl": 49.543200017671616}