{"quality": 54, "model": "R50_FPN", "elapsed": 485.70503973960876, "tp": 41334, "fp": 107179, "precision": 0.27831906971106907, "recall": 1.1375808449153708, "f1": 0.4472215009088548, "min_score": 0.05000010132789612, "AP": 37.29486946491315, "AP50": 57.41541883507671, "AP75": 40.493903805060214, "APs": 20.80339737779389, "APm": 40.600428403073664, "APl": 49.630641277032005}