{"quality": 86, "model": "R50", "elapsed": 498.70452761650085, "tp": 44950, "fp": 357416, "precision": 0.11171421044521654, "recall": 1.2370992156323104, "f1": 0.20492317090683632, "min_score": 0.05000002309679985, "AP": 38.19026534603891, "AP50": 57.33789948041951, "AP75": 40.781848225075564, "APs": 22.40187548811881, "APm": 41.729838451821166, "APl": 50.05771614594864}