{"quality": 38, "model": "X101", "elapsed": 2948.981028318405, "tp": 23813, "fp": 9383, "precision": 0.7173454633088324, "recall": 0.6553736067152883, "f1": 0.6849606650271102, "min_score": 0.500029981136322, "AP": 35.05931636077908, "AP50": 51.59384962802519, "AP75": 38.27433614483097, "APs": 16.962424034347812, "APm": 38.130307953536565, "APl": 48.52765669827664}