{"quality": 75, "model": "R50", "elapsed": 499.8731212615967, "tp": 44672, "fp": 359241, "precision": 0.11059807433779056, "recall": 1.2294481904499794, "f1": 0.20294016100016354, "min_score": 0.05000002309679985, "AP": 37.30881720842132, "AP50": 56.40474961973856, "AP75": 39.49054840708201, "APs": 21.348524889509342, "APm": 40.68874337809294, "APl": 49.04503837477287}