{"quality": 68, "model": "R101_FPN", "elapsed": 650.222029209137, "tp": 41553, "fp": 90424, "precision": 0.3148503148275836, "recall": 1.1436080913719555, "f1": 0.49376158562669326, "min_score": 0.05000084638595581, "AP": 40.45277995565799, "AP50": 60.58197484957443, "AP75": 43.941693865041856, "APs": 22.971377504979763, "APm": 44.01405511991754, "APl": 53.511267433875645}