{"quality": 45, "model": "R50_C4", "elapsed": 1381.943516254425, "tp": 25588, "fp": 16896, "precision": 0.6022973354674701, "recall": 0.7042245768542728, "f1": 0.6492850708585494, "min_score": 0.5000142455101013, "AP": 32.16400278844079, "AP50": 48.76293681478455, "AP75": 35.16972613336069, "APs": 13.462065120020922, "APm": 35.430051980101965, "APl": 47.11311352550152}