{"quality": 92, "model": "R50_FPN", "elapsed": 546.694810628891, "tp": 25664, "fp": 11229, "precision": 0.6956333179735993, "recall": 0.7063162240264208, "f1": 0.7009340689353799, "min_score": 0.5000031590461731, "AP": 36.377875921792366, "AP50": 53.55411997713123, "AP75": 40.439806539613784, "APs": 18.917297817501407, "APm": 39.85133500583888, "APl": 48.85449769151094}