{"quality": 82, "model": "R50_C4", "elapsed": 1289.4459602832794, "tp": 41948, "fp": 134515, "precision": 0.23771555510220274, "recall": 1.1544791523324618, "f1": 0.39425182567505335, "min_score": 0.05000057443976402, "AP": 37.58872143200269, "AP50": 57.41877143002397, "AP75": 40.50978390862653, "APs": 19.203444106343586, "APm": 41.586846949468864, "APl": 52.29995369614411}