{"quality": 24, "model": "R50_C4", "elapsed": 1426.8736503124237, "tp": 38956, "fp": 180363, "precision": 0.17762254980188674, "recall": 1.0721343057657906, "f1": 0.30475564630320673, "min_score": 0.0500001385807991, "AP": 29.603248673159598, "AP50": 47.35261087477255, "AP75": 31.312541958044594, "APs": 12.842171417979367, "APm": 32.77556524777444, "APl": 43.036091197636054}