{"quality": 54, "model": "R50_C4", "elapsed": 1363.1320204734802, "tp": 26128, "fp": 16763, "precision": 0.6091720873842997, "recall": 0.7190862804458511, "f1": 0.6595814505339157, "min_score": 0.5000099539756775, "AP": 33.058282727016106, "AP50": 49.834442875350426, "AP75": 36.275573413609514, "APs": 14.03086681752852, "APm": 36.53373896120976, "APl": 48.24163941308402}