{"quality": 24, "model": "R50_DC5", "elapsed": 1037.8114924430847, "tp": 23698, "fp": 16989, "precision": 0.5824464816771941, "recall": 0.6522086142837484, "f1": 0.6153566513463685, "min_score": 0.5000102519989014, "AP": 27.998150388398894, "AP50": 44.2907454194679, "AP75": 30.138378374431557, "APs": 11.50118812760677, "APm": 31.209423535916752, "APl": 40.44216141711067}