{"quality": 52, "model": "R50", "elapsed": 499.3310296535492, "tp": 43965, "fp": 367439, "precision": 0.10686575726050306, "recall": 1.2099903674143389, "f1": 0.19638673423579364, "min_score": 0.0500006340444088, "AP": 35.443165341310326, "AP50": 54.009342821126594, "AP75": 37.350708034693106, "APs": 18.715634708245656, "APm": 38.61613693278839, "APl": 47.52848903650371}