{"quality": 91, "model": "R101_C4", "elapsed": 1593.9621572494507, "tp": 42922, "fp": 125562, "precision": 0.25475416063246364, "recall": 1.1812852621439383, "f1": 0.419121272928781, "min_score": 0.05000012367963791, "AP": 40.726867150853394, "AP50": 60.86305752599378, "AP75": 43.8495583309137, "APs": 21.95698615831144, "APm": 45.18011059265347, "APl": 55.61130598631144}