{"quality": 96, "model": "X101", "elapsed": 2949.6506321430206, "tp": 41428, "fp": 69424, "precision": 0.37372352325623354, "recall": 1.1401678822072383, "f1": 0.5629301500811893, "min_score": 0.0500015951693058, "AP": 43.053453427786664, "AP50": 63.64459317300113, "AP75": 46.98715454027059, "APs": 26.993039168946503, "APm": 46.07927831054841, "APl": 54.90468944304626}