{"quality": 86, "model": "R50_DC5", "elapsed": 1024.9735033512115, "tp": 28441, "fp": 17600, "precision": 0.6177320214591342, "recall": 0.7827439108297785, "f1": 0.6905166553365057, "min_score": 0.5000170469284058, "AP": 36.21599655662058, "AP50": 54.95212238473054, "AP75": 39.59574133836273, "APs": 17.870676302386997, "APm": 40.63502602357285, "APl": 49.50615019680079}