{"quality": 15, "model": "R101_C4", "elapsed": 1728.8476302623749, "tp": 19501, "fp": 15528, "precision": 0.5567101544434612, "recall": 0.5367001513692032, "f1": 0.5465220559385685, "min_score": 0.5000292658805847, "AP": 21.291917487122387, "AP50": 33.1674609978582, "AP75": 22.88425667039908, "APs": 7.947889351342837, "APm": 23.689343694292248, "APl": 32.82043345602846}