{"quality": 58, "model": "R101_DC5", "elapsed": 1128.4015407562256, "tp": 27342, "fp": 16285, "precision": 0.6267219840924199, "recall": 0.7524975918535847, "f1": 0.6838748405492608, "min_score": 0.5000127553939819, "AP": 35.78256036045397, "AP50": 53.65181969703574, "AP75": 39.111740635783285, "APs": 16.583437896788116, "APm": 39.766157179222176, "APl": 49.884417310917954}