{"quality": 20, "model": "R101", "elapsed": 701.0892171859741, "tp": 13969, "fp": 3251, "precision": 0.8112078977932636, "recall": 0.3844502545754782, "f1": 0.5216693119223228, "min_score": 0.5000016093254089, "AP": 21.96167979114672, "AP50": 32.01343096131125, "AP75": 24.24036710338554, "APs": 7.799844662831852, "APm": 24.410856557992098, "APl": 32.40415717626133}