{"quality": 36, "model": "R50", "elapsed": 499.464031457901, "tp": 43450, "fp": 377339, "precision": 0.1032584026673701, "recall": 1.1958167056557039, "f1": 0.1901015916906572, "min_score": 0.05000029504299164, "AP": 33.41825480868343, "AP50": 51.405786898700015, "AP75": 35.33993264223032, "APs": 17.191622807636016, "APm": 36.50116171251559, "APl": 45.06501117121048}