{"quality": 11, "model": "R101", "elapsed": 699.7614624500275, "tp": 8151, "fp": 2108, "precision": 0.7945218832244858, "recall": 0.22432915921288013, "f1": 0.34987337425419573, "min_score": 0.5000306963920593, "AP": 10.724983394705765, "AP50": 16.147288530888282, "AP75": 11.637804541041163, "APs": 3.25683131052785, "APm": 12.479018886660578, "APl": 15.871813901722586}