{"quality": 50, "model": "R50_C4", "elapsed": 1316.4208569526672, "tp": 40922, "fp": 144184, "precision": 0.22107333095631693, "recall": 1.1262419155084629, "f1": 0.3695973193762673, "min_score": 0.0500013642013073, "AP": 35.275331222494124, "AP50": 54.68506699061118, "AP75": 37.90331158435915, "APs": 16.70084623602598, "APm": 39.096651294910515, "APl": 50.08446426563374}