{"quality": 31, "model": "R101_DC5", "elapsed": 1129.8294532299042, "tp": 25356, "fp": 15671, "precision": 0.6180320276890828, "recall": 0.6978395486445576, "f1": 0.6555156278276156, "min_score": 0.5000020265579224, "AP": 32.385535835169804, "AP50": 49.294458787960075, "AP75": 34.83489775262137, "APs": 13.911278092781826, "APm": 36.009439950397685, "APl": 46.73679995169821}