{"quality": 66, "model": "R50", "elapsed": 483.4779362678528, "tp": 17613, "fp": 3925, "precision": 0.8177639520846876, "recall": 0.48473923214531445, "f1": 0.6086776216888704, "min_score": 0.5000172853469849, "AP": 29.805585771849024, "AP50": 41.90257125903327, "AP75": 32.862156017934964, "APs": 11.430567398645223, "APm": 32.88475740498797, "APl": 42.87804476838858}