{"quality": 23, "model": "X101", "elapsed": 2951.355788230896, "tp": 21099, "fp": 9279, "precision": 0.6945486865494765, "recall": 0.5806797853309481, "f1": 0.6325303913779923, "min_score": 0.5000224113464355, "AP": 29.139867258446085, "AP50": 44.20433358992926, "AP75": 31.538487660161824, "APs": 13.224961138010775, "APm": 32.254837964291816, "APl": 40.79059695160602}