{"quality": 36, "model": "R50", "elapsed": 484.00378942489624, "tp": 16105, "fp": 3697, "precision": 0.8133016866983133, "recall": 0.44323654878216595, "f1": 0.5737748721876836, "min_score": 0.5000016689300537, "AP": 26.61041978909259, "AP50": 37.77383941008529, "AP75": 29.4998984886554, "APs": 9.393117714344541, "APm": 29.09310022496841, "APl": 39.38034630145775}