{"quality": 82, "model": "R101_C4", "elapsed": 1590.670639514923, "tp": 28037, "fp": 16434, "precision": 0.6304558026579119, "recall": 0.7716251548094124, "f1": 0.6939336187906838, "min_score": 0.5000262260437012, "AP": 37.47777054110053, "AP50": 54.753605974216754, "AP75": 40.80965667170956, "APs": 18.117122547439575, "APm": 41.27194995817134, "APl": 52.93676303226395}