{"quality": 9, "model": "R50_C4", "elapsed": 1821.7106897830963, "tp": 11675, "fp": 19841, "precision": 0.3704467572026907, "recall": 0.32131553598458784, "f1": 0.34413641655981486, "min_score": 0.5000149607658386, "AP": 8.99806549071639, "AP50": 15.128226845599151, "AP75": 9.283654826030778, "APs": 3.4905230721303595, "APm": 10.16073099976866, "APl": 14.107074244496964}