{"quality": 53, "model": "R101", "elapsed": 701.5346615314484, "tp": 17876, "fp": 3906, "precision": 0.8206776237260123, "recall": 0.49197743222787943, "f1": 0.6151728409931689, "min_score": 0.5000338554382324, "AP": 30.494344347865088, "AP50": 42.817207202878336, "AP75": 33.48733392889877, "APs": 12.342431350976076, "APm": 33.668004859397506, "APl": 43.69539814591062}