{"quality": 3, "model": "R50_C4", "elapsed": 1833.925220489502, "tp": 1019, "fp": 15623, "precision": 0.06123062131955294, "recall": 0.028044585110774733, "f1": 0.03846952451063669, "min_score": 0.500009298324585, "AP": 0.8881658834801203, "AP50": 1.6885228285484266, "AP75": 0.8604480601845321, "APs": 0.31456930871473193, "APm": 0.9679714189211761, "APl": 1.2624547690738226}