{"quality": 90, "model": "R101_FPN", "elapsed": 650.8810687065125, "tp": 42272, "fp": 92134, "precision": 0.3145097689091261, "recall": 1.1633961744874088, "f1": 0.4951593348990576, "min_score": 0.05000082403421402, "AP": 41.84319533075911, "AP50": 62.273805171440934, "AP75": 45.747254288402, "APs": 25.34623293351162, "APm": 45.206701670835265, "APl": 54.66967584312401}