{"quality": 21, "model": "R50", "elapsed": 501.3860094547272, "tp": 41029, "fp": 406706, "precision": 0.09163679408578736, "recall": 1.1291867345534607, "f1": 0.1695168054207036, "min_score": 0.05000011622905731, "AP": 27.149030752327864, "AP50": 43.47754105544014, "AP75": 28.241705877212482, "APs": 12.629193229824839, "APm": 29.733097661223933, "APl": 37.40878489966526}