{"quality": 91, "model": "X101", "elapsed": 2951.445654630661, "tp": 26420, "fp": 10254, "precision": 0.7204013742706005, "recall": 0.7271226090546306, "f1": 0.7237463874316866, "min_score": 0.5000573396682739, "AP": 39.493984214427414, "AP50": 56.907217053251735, "AP75": 43.78535851758967, "APs": 22.311416757918156, "APm": 42.7248410916401, "APl": 52.09035819807961}