{"quality": 21, "model": "R50_DC5", "elapsed": 1070.1690742969513, "tp": 39457, "fp": 160569, "precision": 0.19725935628368313, "recall": 1.085922664097977, "f1": 0.33387064701875524, "min_score": 0.05000041052699089, "AP": 28.278748465228777, "AP50": 46.72682144421423, "AP75": 29.554382046553744, "APs": 12.91153585786082, "APm": 31.369626519523525, "APl": 40.63857449045823}