{"quality": 76, "model": "R101_C4", "elapsed": 1593.9649744033813, "tp": 42427, "fp": 124298, "precision": 0.25447293447293445, "recall": 1.1676620338516581, "f1": 0.41787648970747565, "min_score": 0.05000035837292671, "AP": 39.725194097814814, "AP50": 59.55991057401649, "AP75": 42.53752960816997, "APs": 20.618114375544145, "APm": 44.03743068113447, "APl": 55.14145097477344}