{"quality": 62, "model": "R101", "elapsed": 668.3822345733643, "tp": 44711, "fp": 334661, "precision": 0.1178552977025189, "recall": 1.230521535709371, "f1": 0.21510823729213124, "min_score": 0.0500001385807991, "AP": 38.17554864218857, "AP50": 57.38171461479945, "AP75": 40.46647868591322, "APs": 20.20880821788581, "APm": 42.00738639029768, "APl": 50.26412017008962}