{"quality": 37, "model": "R50_C4", "elapsed": 1342.42143201828, "tp": 40447, "fp": 153855, "precision": 0.20816563905672614, "recall": 1.1131691206825376, "f1": 0.35074164162731913, "min_score": 0.050000086426734924, "AP": 33.754763421302165, "AP50": 52.62712010449345, "AP75": 35.96992224616011, "APs": 15.358546028789089, "APm": 37.312305815971264, "APl": 48.74959595390838}