{"quality": 46, "model": "R101_DC5", "elapsed": 1128.521214723587, "tp": 26759, "fp": 15881, "precision": 0.6275562851782364, "recall": 0.7364524563093436, "f1": 0.6776574865463755, "min_score": 0.5000484585762024, "AP": 34.895163135079365, "AP50": 52.555449407586664, "AP75": 38.09357757170355, "APs": 15.653878222897122, "APm": 38.89937489164315, "APl": 49.41146714822459}