{"quality": 40, "model": "R101_DC5", "elapsed": 1135.0209655761719, "tp": 41938, "fp": 125404, "precision": 0.250612518076753, "recall": 1.1542039355992844, "f1": 0.4118088934931288, "min_score": 0.05000040680170059, "AP": 36.676611872601136, "AP50": 56.82224746764681, "AP75": 39.12889123460781, "APs": 17.972657715375316, "APm": 40.415551514843685, "APl": 50.873842630550925}