{"quality": 83, "model": "R101_FPN", "elapsed": 647.8208992481232, "tp": 25491, "fp": 10138, "precision": 0.7154565101462292, "recall": 0.7015549745424522, "f1": 0.7084375521093881, "min_score": 0.5000016093254089, "AP": 37.565194826479996, "AP50": 54.24649436979806, "AP75": 41.52480680058654, "APs": 19.880941242092085, "APm": 41.06641007740684, "APl": 50.76720912044985}