{"quality": 2, "model": "R101_DC5", "elapsed": 1109.9601593017578, "tp": 2929, "fp": 80407, "precision": 0.0351468752999904, "recall": 0.08061098114765378, "f1": 0.048950873645244045, "min_score": 0.05000026896595955, "AP": 0.8556059650049109, "AP50": 1.5672433527896192, "AP75": 0.8087042710911245, "APs": 0.21994188642577994, "APm": 0.8185409560348353, "APl": 1.9574758169070654}