{"quality": 10, "model": "X101", "elapsed": 2922.9933953285217, "tp": 10179, "fp": 6036, "precision": 0.6277520814061055, "recall": 0.28014311270125225, "f1": 0.38740247383444343, "min_score": 0.5000149607658386, "AP": 10.629460268010494, "AP50": 17.23258416502762, "AP75": 11.340905670253033, "APs": 4.344154667497087, "APm": 12.664611919892291, "APl": 14.30886566665225}