{"quality": 73, "model": "R50", "elapsed": 500.9737856388092, "tp": 44683, "fp": 359322, "precision": 0.11060011633519387, "recall": 1.2297509288564745, "f1": 0.2029477222146523, "min_score": 0.05000019073486328, "AP": 37.22092808168864, "AP50": 56.189121929071604, "AP75": 39.32214670986794, "APs": 21.24560193586091, "APm": 40.74918828762201, "APl": 49.09696740765931}