{"quality": 26, "model": "R101_C4", "elapsed": 1638.2621791362762, "tp": 39960, "fp": 141287, "precision": 0.22047261471914018, "recall": 1.0997660657767991, "f1": 0.3673097958470829, "min_score": 0.050000693649053574, "AP": 33.652086089210655, "AP50": 51.77344167453673, "AP75": 36.07896574381121, "APs": 15.679023071876442, "APm": 37.441915020952564, "APl": 48.59101769480329}