{"quality": 82, "model": "R50", "elapsed": 498.7380006313324, "tp": 44874, "fp": 357580, "precision": 0.11150094172253226, "recall": 1.2350075684601625, "f1": 0.20453566520582783, "min_score": 0.05000004917383194, "AP": 37.87491606066915, "AP50": 57.07979031033109, "AP75": 40.15231463958759, "APs": 22.1669123568638, "APm": 41.39036559789369, "APl": 49.78143913265628}