{"quality": 90, "model": "X101", "elapsed": 2946.0622334480286, "tp": 26399, "fp": 10256, "precision": 0.7202018824171327, "recall": 0.726544653914958, "f1": 0.723359364296479, "min_score": 0.5000001192092896, "AP": 39.44686819940783, "AP50": 56.770408370445594, "AP75": 43.6951607162133, "APs": 22.348848131109897, "APm": 42.70072165307324, "APl": 52.03505257305221}