{"quality": 49, "model": "R50_C4", "elapsed": 1374.8130266666412, "tp": 25850, "fp": 16818, "precision": 0.6058404424861723, "recall": 0.71143525526352, "f1": 0.6544055289039657, "min_score": 0.5000247359275818, "AP": 32.70435942694994, "AP50": 49.27183901236267, "AP75": 35.841194353416775, "APs": 13.819362844475108, "APm": 36.04455268475171, "APl": 47.86672093438901}