{"quality": 55, "model": "R50_FPN", "elapsed": 558.02308177948, "tp": 23774, "fp": 10193, "precision": 0.6999146230164571, "recall": 0.6543002614558965, "f1": 0.6763392222127393, "min_score": 0.5000077486038208, "AP": 33.66553385647536, "AP50": 50.00514586370113, "AP75": 37.36211101392112, "APs": 15.886737206277154, "APm": 36.952501773239305, "APl": 47.120569727713836}