{"quality": 51, "model": "R101_FPN", "elapsed": 650.0864572525024, "tp": 41074, "fp": 90995, "precision": 0.31100409634357795, "recall": 1.130425209852759, "f1": 0.4878031400679318, "min_score": 0.050000015646219254, "AP": 38.91319364946996, "AP50": 58.95126769751641, "AP75": 41.97938275450269, "APs": 21.58729661734745, "APm": 42.18588561198167, "APl": 52.216369230034466}