{"quality": 38, "model": "R50_C4", "elapsed": 1334.7654616832733, "tp": 25169, "fp": 17226, "precision": 0.5936784998230924, "recall": 0.6926929957341407, "f1": 0.6393750793852409, "min_score": 0.5000014305114746, "AP": 31.406255323659217, "AP50": 47.638848328631276, "AP75": 34.22954093910723, "APs": 13.050080013182534, "APm": 34.69020150973281, "APl": 46.382900213948574}