{"quality": 61, "model": "R50", "elapsed": 484.0635316371918, "tp": 17326, "fp": 3865, "precision": 0.8176112500589873, "recall": 0.4768405119031237, "f1": 0.6023711017626813, "min_score": 0.5000128149986267, "AP": 29.079010124008597, "AP50": 40.960194204221736, "AP75": 31.964574023933356, "APs": 11.245909424092265, "APm": 32.1409016777674, "APl": 42.295995366605446}