{"quality": 32, "model": "X101", "elapsed": 2923.5140714645386, "tp": 38866, "fp": 72713, "precision": 0.34832719418528574, "recall": 1.0696573551671942, "f1": 0.525521586868045, "min_score": 0.050001394003629684, "AP": 36.87573821254011, "AP50": 56.544301789947596, "AP75": 39.48464323722087, "APs": 19.500559699873175, "APm": 39.978980239376746, "APl": 49.73318663822874}