{"quality": 13, "model": "R50_FPN", "elapsed": 482.9408686161041, "tp": 32451, "fp": 127929, "precision": 0.20233819678264123, "recall": 0.8931058208339067, "f1": 0.3299290852248176, "min_score": 0.05000051483511925, "AP": 18.479848962820604, "AP50": 31.524827558607267, "AP75": 18.96538831585013, "APs": 9.061207685168203, "APm": 20.36956763375432, "APl": 26.531234653536302}