{"quality": 51, "model": "R101", "elapsed": 701.2577810287476, "tp": 17801, "fp": 3860, "precision": 0.8217995475739809, "recall": 0.48991330672904915, "f1": 0.6138699220635906, "min_score": 0.5000254511833191, "AP": 30.408817083068556, "AP50": 42.668130286570474, "AP75": 33.40921977641404, "APs": 12.283183459272887, "APm": 33.39097602583945, "APl": 43.42059843729839}