{"quality": 101, "model": "R50_C4", "elapsed": 1198.9905564785004, "tp": 28319, "fp": 18075, "precision": 0.6104022071819631, "recall": 0.7793862666850144, "f1": 0.6846208705532522, "min_score": 0.5000154376029968, "AP": 35.92233851025809, "AP50": 53.624655648435436, "AP75": 39.259538097791506, "APs": 17.59158172921125, "APm": 39.79811732337794, "APl": 50.981600334950926}