{"quality": 33, "model": "R50_C4", "elapsed": 1354.3662383556366, "tp": 39989, "fp": 158554, "precision": 0.20141228852188192, "recall": 1.1005641943030136, "f1": 0.34050868961758873, "min_score": 0.05000055953860283, "AP": 32.8641720943964, "AP50": 51.7223828037834, "AP75": 34.92793953457105, "APs": 14.772757707359219, "APm": 36.39766254669745, "APl": 47.93313035392819}