{"quality": 82, "model": "R50_DC5", "elapsed": 1023.7605259418488, "tp": 28122, "fp": 17214, "precision": 0.6203017469560614, "recall": 0.7739644970414201, "f1": 0.6886654993816654, "min_score": 0.5000060200691223, "AP": 35.89277346851691, "AP50": 54.41863685811579, "AP75": 39.46935420294073, "APs": 17.586707948374798, "APm": 39.787837960272626, "APl": 49.555938986552015}