{"quality": 34, "model": "R101", "elapsed": 668.6945879459381, "tp": 43699, "fp": 350708, "precision": 0.11079671506844453, "recall": 1.2026696023118206, "f1": 0.20290104053006205, "min_score": 0.05000002309679985, "AP": 35.069452496507616, "AP50": 53.50068182656834, "AP75": 37.211170460092085, "APs": 17.495449793551472, "APm": 38.487534394309364, "APl": 46.99259026020441}