{"quality": 75, "model": "R101_C4", "elapsed": 1594.0555188655853, "tp": 42438, "fp": 124018, "precision": 0.254950257125006, "recall": 1.1679647722581532, "f1": 0.4185392842877643, "min_score": 0.05000053346157074, "AP": 39.696877672393924, "AP50": 59.54353049331365, "AP75": 42.476077027176586, "APs": 20.326619814037837, "APm": 43.9654454782662, "APl": 55.12224268233111}