{"quality": 53, "model": "R101_C4", "elapsed": 1598.2497327327728, "tp": 26702, "fp": 15754, "precision": 0.6289334840776333, "recall": 0.7348837209302326, "f1": 0.6777931489637141, "min_score": 0.5000066757202148, "AP": 35.58126451037763, "AP50": 52.328462743833484, "AP75": 38.50005233739761, "APs": 15.600921504612069, "APm": 39.7543414516028, "APl": 51.2570946761857}