{"quality": 20, "model": "R101", "elapsed": 670.16890001297, "tp": 41385, "fp": 382871, "precision": 0.09754723563131694, "recall": 1.1389844502545754, "f1": 0.1797039021604851, "min_score": 0.05000012367963791, "AP": 28.383628989101634, "AP50": 45.0876233439309, "AP75": 29.75226166537582, "APs": 13.34219388725743, "APm": 31.382979027604442, "APl": 39.091216585493505}