{"quality": 21, "model": "R101_C4", "elapsed": 1663.9828488826752, "tp": 38801, "fp": 151005, "precision": 0.20442451766540573, "recall": 1.067868446401541, "f1": 0.34315758752282866, "min_score": 0.05000036209821701, "AP": 30.661781976517823, "AP50": 47.74775680570275, "AP75": 32.35343666851308, "APs": 12.921631086173615, "APm": 34.0451222778512, "APl": 45.0293542902894}