{"quality": 62, "model": "R101_DC5", "elapsed": 1127.782665014267, "tp": 27456, "fp": 16233, "precision": 0.628441941907574, "recall": 0.7556350626118068, "f1": 0.6861941417574727, "min_score": 0.5000075697898865, "AP": 36.033244238021446, "AP50": 54.149182158967044, "AP75": 38.98613771341869, "APs": 16.572474560061163, "APm": 40.066345027642264, "APl": 50.705202962336195}