{"quality": 94, "model": "R50", "elapsed": 498.79385137557983, "tp": 45184, "fp": 358219, "precision": 0.1120070996001517, "recall": 1.243539287188661, "f1": 0.2055041865838295, "min_score": 0.05000041052699089, "AP": 38.522143829524516, "AP50": 57.85782210347021, "AP75": 41.13617414026488, "APs": 23.174454931758646, "APm": 42.048532041520225, "APl": 50.08666302803625}