{"quality": 42, "model": "R50", "elapsed": 499.7712576389313, "tp": 43597, "fp": 372940, "precision": 0.10466537186372399, "recall": 1.1998623916334112, "f1": 0.192535639209313, "min_score": 0.05000026151537895, "AP": 34.26115131353127, "AP50": 52.544340133942946, "AP75": 36.02038962580024, "APs": 17.57576409683838, "APm": 37.50195830738265, "APl": 46.325033555183865}