{"quality": 60, "model": "X101", "elapsed": 2953.930349111557, "tp": 40185, "fp": 69175, "precision": 0.3674561082662765, "recall": 1.1059584422732902, "f1": 0.5516318336250385, "min_score": 0.05000099539756775, "AP": 40.66677824479408, "AP50": 61.03928243520373, "AP75": 44.19739004514335, "APs": 23.514679122503587, "APm": 43.93363165730921, "APl": 53.100313312202495}