{"quality": 12, "model": "R50", "elapsed": 482.08349895477295, "tp": 8506, "fp": 2212, "precision": 0.793618212353051, "recall": 0.23409935324067704, "f1": 0.3615497417805454, "min_score": 0.5000502467155457, "AP": 11.313565724197865, "AP50": 17.010553860662682, "AP75": 12.335800166938409, "APs": 3.546351191169985, "APm": 13.060275610670605, "APl": 16.793960283948284}