{"quality": 68, "model": "R50", "elapsed": 498.63797211647034, "tp": 44477, "fp": 360792, "precision": 0.10974685949332419, "recall": 1.2240814641530204, "f1": 0.20143386382369727, "min_score": 0.05000010132789612, "AP": 36.87110705555446, "AP50": 55.88818486588588, "AP75": 39.118908203349996, "APs": 20.767195184356208, "APm": 40.32266555523202, "APl": 48.5319097313031}