{"quality": 86, "model": "R50_FPN", "elapsed": 485.59548783302307, "tp": 42571, "fp": 106646, "precision": 0.2852959113237768, "recall": 1.1716251548094123, "f1": 0.4588578942830042, "min_score": 0.050000082701444626, "AP": 39.732850941175556, "AP50": 60.342688712636836, "AP75": 43.378742276361784, "APs": 23.366900095215204, "APm": 42.89414151893572, "APl": 51.777117416083996}