{"quality": 54, "model": "X101", "elapsed": 2929.4359011650085, "tp": 40093, "fp": 69351, "precision": 0.36633346734402983, "recall": 1.1034264483280583, "f1": 0.5500517907243155, "min_score": 0.05000218376517296, "AP": 40.163058696060844, "AP50": 60.271592415507136, "AP75": 43.32634776230441, "APs": 22.786635980141973, "APm": 43.39418991444438, "APl": 52.63555206381619}