{"quality": 73, "model": "R50_C4", "elapsed": 1295.435967206955, "tp": 41667, "fp": 135911, "precision": 0.23464055232067035, "recall": 1.1467455621301774, "f1": 0.38956959137593317, "min_score": 0.050000790506601334, "AP": 36.98751832010289, "AP50": 56.94100445375118, "AP75": 39.804514346250876, "APs": 18.753675086329746, "APm": 40.981002427546635, "APl": 52.02348245417661}