{"quality": 27, "model": "X101", "elapsed": 2916.2037608623505, "tp": 38354, "fp": 74993, "precision": 0.3383768427924868, "recall": 1.0555662584285124, "f1": 0.512473109659144, "min_score": 0.050000183284282684, "AP": 34.88355537222324, "AP50": 54.1128578940168, "AP75": 37.13518843572725, "APs": 18.36704839907515, "APm": 37.820833210680334, "APl": 47.6148806892202}