{"quality": 101, "model": "R50_FPN", "elapsed": 482.90003514289856, "tp": 25933, "fp": 11428, "precision": 0.6941195364149781, "recall": 0.7137195541488922, "f1": 0.7037831089882762, "min_score": 0.5000056028366089, "AP": 36.66723355764685, "AP50": 54.06624052062914, "AP75": 40.72088951023077, "APs": 19.08738664561134, "APm": 40.14997718555375, "APl": 49.35900100317922}