{"quality": 67, "model": "X101", "elapsed": 2928.6544222831726, "tp": 25351, "fp": 9705, "precision": 0.7231572341396623, "recall": 0.697701940277969, "f1": 0.7102015660237286, "min_score": 0.5000126957893372, "AP": 37.79136630637702, "AP50": 54.73570949065035, "AP75": 41.6820392308668, "APs": 19.878848313640628, "APm": 40.867066348055566, "APl": 51.10956260691309}