{"quality": 46, "model": "X101", "elapsed": 2928.577852010727, "tp": 39910, "fp": 69957, "precision": 0.3632573930297542, "recall": 1.0983899821109124, "f1": 0.545956963653028, "min_score": 0.050000134855508804, "AP": 39.58652366127018, "AP50": 59.663383641668986, "AP75": 42.773312130564285, "APs": 22.58437934336023, "APm": 42.65591047670828, "APl": 52.71358174155893}