{"quality": 80, "model": "R101_FPN", "elapsed": 647.632884979248, "tp": 25340, "fp": 9999, "precision": 0.7170548119641189, "recall": 0.6973992018714738, "f1": 0.7070904372575829, "min_score": 0.5000513195991516, "AP": 37.28886131327951, "AP50": 53.94709952805592, "AP75": 41.43191637894375, "APs": 19.40397463142558, "APm": 40.69538788299836, "APl": 50.56945245230202}