{"quality": 83, "model": "R50_FPN", "elapsed": 558.9885580539703, "tp": 25213, "fp": 10907, "precision": 0.6980343300110742, "recall": 0.6939039493601211, "f1": 0.6959630115243945, "min_score": 0.5000117421150208, "AP": 35.688411255991355, "AP50": 52.668857795184344, "AP75": 39.48582905982133, "APs": 17.63873319469704, "APm": 38.80755429475967, "APl": 48.963185636101116}