{"quality": 84, "model": "R101_C4", "elapsed": 1590.556233406067, "tp": 28150, "fp": 16476, "precision": 0.630798189396316, "recall": 0.7747351038943168, "f1": 0.69539654895567, "min_score": 0.5000101327896118, "AP": 37.52091554462361, "AP50": 55.01868132247151, "AP75": 40.76991243787555, "APs": 18.313777475099986, "APm": 41.46056844513263, "APl": 52.709332082627505}