{"quality": 90, "model": "R50_DC5", "elapsed": 1022.8677341938019, "tp": 28605, "fp": 17766, "precision": 0.6168726143494857, "recall": 0.7872574652538874, "f1": 0.6917273232897251, "min_score": 0.500033438205719, "AP": 36.48740813097085, "AP50": 55.22361250494511, "AP75": 39.83956656470568, "APs": 17.94935609100207, "APm": 40.69481826126113, "APl": 50.0398841872665}