{"quality": 33, "model": "R101", "elapsed": 701.5778450965881, "tp": 16634, "fp": 3674, "precision": 0.8190860744534174, "recall": 0.4577955139672492, "f1": 0.5873276486061827, "min_score": 0.5000501871109009, "AP": 28.073811569487837, "AP50": 39.65767249956772, "AP75": 30.873036496787464, "APs": 10.568707773492061, "APm": 30.953268960441278, "APl": 40.72014418693945}