{"quality": 50, "model": "R101_FPN", "elapsed": 649.7736496925354, "tp": 41096, "fp": 91015, "precision": 0.3110717502706058, "recall": 1.1310306866657494, "f1": 0.48794272348408396, "min_score": 0.0500001423060894, "AP": 38.8658195111978, "AP50": 58.933098183230506, "AP75": 41.9045199152661, "APs": 21.435208509913036, "APm": 42.070306756884875, "APl": 52.08096667510592}