{"quality": 63, "model": "R101_DC5", "elapsed": 1133.6748821735382, "tp": 42614, "fp": 121938, "precision": 0.25896980893577715, "recall": 1.1728085867620752, "f1": 0.4242584139342019, "min_score": 0.05000020191073418, "AP": 38.58989109607184, "AP50": 59.22439651485728, "AP75": 41.20567701013031, "APs": 19.569811594163617, "APm": 42.71913543569737, "APl": 52.908815016418664}