{"quality": 100, "model": "R50", "elapsed": 484.07762932777405, "tp": 18872, "fp": 4292, "precision": 0.8147124848903471, "recall": 0.5193890188523462, "f1": 0.6343636027496261, "min_score": 0.5000017285346985, "AP": 31.62464110906627, "AP50": 44.4086550381567, "AP75": 35.12370127473935, "APs": 14.093703922743284, "APm": 34.912729343317565, "APl": 44.180511914428415}