{"quality": 19, "model": "R50_C4", "elapsed": 1510.920402288437, "tp": 21414, "fp": 19544, "precision": 0.5228282630987842, "recall": 0.5893491124260355, "f1": 0.5540993362917729, "min_score": 0.5000162124633789, "AP": 23.070735854793824, "AP50": 36.625979113020996, "AP75": 24.517512440490503, "APs": 8.596415995600385, "APm": 25.756264069748404, "APl": 35.331771538004524}