{"quality": 45, "model": "R101_DC5", "elapsed": 1134.2176387310028, "tp": 42267, "fp": 124257, "precision": 0.2538192692945161, "recall": 1.1632585661208201, "f1": 0.41671308642949045, "min_score": 0.05000011995434761, "AP": 37.12055275630032, "AP50": 57.55260746477763, "AP75": 39.44354764646057, "APs": 18.180330640841483, "APm": 41.02673616722873, "APl": 51.24980662548728}