{"quality": 92, "model": "X101", "elapsed": 2953.755040407181, "tp": 41289, "fp": 68968, "precision": 0.37447962487642505, "recall": 1.1363423696160726, "f1": 0.5633185985592665, "min_score": 0.05000152438879013, "AP": 42.836229573137096, "AP50": 63.49722698726074, "AP75": 46.59020639178247, "APs": 26.4995069286665, "APm": 45.71942598325125, "APl": 54.67793087113326}