{"quality": 64, "model": "X101", "elapsed": 2924.11128616333, "tp": 40347, "fp": 68722, "precision": 0.36992179262668584, "recall": 1.1104169533507637, "f1": 0.5549641000247586, "min_score": 0.050001293420791626, "AP": 41.00404708323555, "AP50": 61.383385797610515, "AP75": 44.36221332264922, "APs": 23.503971248434098, "APm": 44.45810630448931, "APl": 53.65375070134463}