{"quality": 37, "model": "R50_DC5", "elapsed": 1906.9341640472412, "tp": 25756, "fp": 16773, "precision": 0.6056102894495521, "recall": 0.7088482179716526, "f1": 0.6531750862243862, "min_score": 0.5000019073486328, "AP": 31.96688865533846, "AP50": 49.41287794455775, "AP75": 34.5956278099311, "APs": 13.707287032572784, "APm": 35.372844943659324, "APl": 45.755397847663644}