{"quality": 51, "model": "R101_FPN", "elapsed": 647.2331466674805, "tp": 23917, "fp": 9243, "precision": 0.7212605548854041, "recall": 0.658235860740333, "f1": 0.6883085114036982, "min_score": 0.5000138282775879, "AP": 34.871690857130034, "AP50": 51.058955361497304, "AP75": 38.37527137752301, "APs": 16.792233990369066, "APm": 38.08403925347316, "APl": 48.929615691612995}