{"quality": 14, "model": "R50_FPN", "elapsed": 555.0784718990326, "tp": 14928, "fp": 8101, "precision": 0.6482261496374137, "recall": 0.41084353928718864, "f1": 0.5029310693349505, "min_score": 0.5000335574150085, "AP": 16.706697331650293, "AP50": 26.717244889135085, "AP75": 17.942811333534877, "APs": 7.214049338914416, "APm": 18.726755515526655, "APl": 24.04730555047702}