{"quality": 74, "model": "R101", "elapsed": 696.6803839206696, "tp": 18713, "fp": 4068, "precision": 0.8214301391510469, "recall": 0.5150130727948259, "f1": 0.6330942553623383, "min_score": 0.5000408887863159, "AP": 32.03181269623251, "AP50": 44.695483910056396, "AP75": 35.381666762405914, "APs": 13.193772693663487, "APm": 35.51295468128135, "APl": 45.568993920538695}