{"quality": 19, "model": "R101_DC5", "elapsed": 1134.108802318573, "tp": 22228, "fp": 15131, "precision": 0.5949838057763859, "recall": 0.611751754506674, "f1": 0.6032512823296333, "min_score": 0.5000152587890625, "AP": 25.574902587044157, "AP50": 40.29485217172886, "AP75": 27.164967545539188, "APs": 10.572138424987383, "APm": 28.88377632974745, "APl": 36.962442770093844}