{"quality": 7, "model": "R50", "elapsed": 500.61341977119446, "tp": 22588, "fp": 452813, "precision": 0.04751357275226598, "recall": 0.6216595569010596, "f1": 0.08827989432050902, "min_score": 0.05000041797757149, "AP": 6.0503202816460915, "AP50": 10.741864348659954, "AP75": 5.77515285354905, "APs": 2.508807157549342, "APm": 7.0027611103802245, "APl": 8.916921124659249}