{"quality": 14, "model": "X101", "elapsed": 2945.762914419174, "tp": 15389, "fp": 7846, "precision": 0.6623197761996987, "recall": 0.42353103068666575, "f1": 0.5166694644955514, "min_score": 0.5000122785568237, "AP": 18.072715242913652, "AP50": 28.525872020826913, "AP75": 19.318585863350954, "APs": 7.649856501018043, "APm": 21.17731149743592, "APl": 24.001088177889617}