{"quality": 2, "model": "X101", "elapsed": 2944.1474609375, "tp": 377, "fp": 1129, "precision": 0.250332005312085, "recall": 0.01037567084078712, "f1": 0.01992547765651014, "min_score": 0.5004589557647705, "AP": 0.5664554157091125, "AP50": 1.020596579634158, "AP75": 0.5390447414928734, "APs": 0.14499262636037125, "APm": 0.4734049790807036, "APl": 1.0560483247767185}