{"quality": 85, "model": "R50", "elapsed": 484.0584235191345, "tp": 18483, "fp": 4161, "precision": 0.8162427133015369, "recall": 0.5086830879317462, "f1": 0.626765458892148, "min_score": 0.5000007152557373, "AP": 31.145149431091447, "AP50": 43.82404415485123, "AP75": 34.46335254159567, "APs": 12.872581053733716, "APm": 34.48160001150281, "APl": 44.46632475260019}