{"quality": 73, "model": "R101_C4", "elapsed": 1591.0372347831726, "tp": 27642, "fp": 16120, "precision": 0.6316438919610621, "recall": 0.760754093848906, "f1": 0.6902131165961272, "min_score": 0.5000212788581848, "AP": 36.809934853271635, "AP50": 54.066892255093975, "AP75": 40.05535360071705, "APs": 16.8713187385296, "APm": 41.03877587305676, "APl": 52.576346930654395}