{"quality": 27, "model": "R50_FPN", "elapsed": 485.0958468914032, "tp": 39567, "fp": 115184, "precision": 0.2556817080341969, "recall": 1.0889500481629284, "f1": 0.4141276702636509, "min_score": 0.05000011995434761, "AP": 32.40932114934397, "AP50": 51.453475121825285, "AP75": 34.44542851396067, "APs": 16.815528826111827, "APm": 35.40421099134989, "APl": 43.78569155624657}