{"quality": 39, "model": "R101_C4", "elapsed": 1609.5947606563568, "tp": 41351, "fp": 129845, "precision": 0.2415418584546368, "recall": 1.1380487133617725, "f1": 0.3985043198365546, "min_score": 0.0500020906329155, "AP": 36.752003005433586, "AP50": 55.75262934145099, "AP75": 38.9431824663739, "APs": 17.403507350223958, "APm": 41.05489666744962, "APl": 52.24216935149645}