{"quality": 10, "model": "R50_FPN", "elapsed": 481.55759739875793, "tp": 27161, "fp": 127239, "precision": 0.17591321243523317, "recall": 0.7475161689830742, "f1": 0.2848035232128346, "min_score": 0.05000096559524536, "AP": 12.645754270149881, "AP50": 21.85125208932288, "AP75": 12.906997719572178, "APs": 6.238821624948618, "APm": 14.281173147136503, "APl": 18.241869201299014}