{"quality": 52, "model": "X101", "elapsed": 2951.6509594917297, "tp": 24661, "fp": 9398, "precision": 0.7240670601015884, "recall": 0.6787119856887299, "f1": 0.7006563059351649, "min_score": 0.5000007152557373, "AP": 36.62057317168959, "AP50": 53.26867357564321, "AP75": 40.15739625489197, "APs": 18.322231338237465, "APm": 39.72095670025121, "APl": 50.24945929967711}