{"quality": 98, "model": "R101_FPN", "elapsed": 724.687341928482, "tp": 26150, "fp": 10682, "precision": 0.70998045178106, "recall": 0.7196917572588414, "f1": 0.7148031216258695, "min_score": 0.5000649094581604, "AP": 38.37077800373667, "AP50": 55.434086170891675, "AP75": 42.551403908467, "APs": 20.836599947559115, "APm": 42.03291082964548, "APl": 51.094514060665276}