{"quality": 56, "model": "R101", "elapsed": 701.4869725704193, "tp": 17962, "fp": 3869, "precision": 0.8227749530484174, "recall": 0.4943442961332049, "f1": 0.6176116631709246, "min_score": 0.5000566244125366, "AP": 30.640902621475615, "AP50": 42.949688767536664, "AP75": 33.561700109739846, "APs": 12.260587524201878, "APm": 33.94998941234985, "APl": 43.38379738239753}