{"quality": 74, "model": "X101", "elapsed": 2948.7218313217163, "tp": 25628, "fp": 9794, "precision": 0.7235051662808424, "recall": 0.7053254437869823, "f1": 0.714299650208342, "min_score": 0.5000073313713074, "AP": 38.25987497005695, "AP50": 55.42610203331929, "AP75": 42.10625208972143, "APs": 20.532680653349875, "APm": 41.299423193217464, "APl": 51.83697352186826}