{"quality": 11, "model": "R101_C4", "elapsed": 1809.6325545310974, "tp": 30805, "fp": 202136, "precision": 0.13224378705337403, "recall": 0.8478051465529104, "f1": 0.2287987046747575, "min_score": 0.05000029131770134, "AP": 16.478046428149867, "AP50": 27.272742806897387, "AP75": 16.941184338001555, "APs": 6.515599078863938, "APm": 18.372857485767334, "APl": 25.481153969237937}