{"quality": 95, "model": "R50_C4", "elapsed": 1301.765769481659, "tp": 42352, "fp": 137542, "precision": 0.2354275295451766, "recall": 1.1655979083528278, "f1": 0.39173283879590615, "min_score": 0.05000061169266701, "AP": 38.349265952723094, "AP50": 58.61827511008833, "AP75": 41.3472004065659, "APs": 20.77051992548284, "APm": 42.68763940342486, "APl": 52.72058192046881}