{"quality": 46, "model": "R50", "elapsed": 484.1983816623688, "tp": 16719, "fp": 3768, "precision": 0.8160784887977742, "recall": 0.4601348561992569, "f1": 0.588469254866073, "min_score": 0.5000441074371338, "AP": 28.104544618676158, "AP50": 39.808721194050136, "AP75": 30.825401165968717, "APs": 10.864772833610619, "APm": 30.73580277745389, "APl": 41.25341474895992}