{"quality": 66, "model": "R101_FPN", "elapsed": 646.9667229652405, "tp": 24669, "fp": 9562, "precision": 0.7206625573310742, "recall": 0.6789321590752718, "f1": 0.6991752402006632, "min_score": 0.5000733137130737, "AP": 36.39565051384684, "AP50": 52.85117514099969, "AP75": 40.157654627080944, "APs": 17.877547472717072, "APm": 40.00568015597966, "APl": 50.216219671737036}