{"quality": 89, "model": "R101_FPN", "elapsed": 649.9063537120819, "tp": 42320, "fp": 92183, "precision": 0.3146398221601005, "recall": 1.1647172148066602, "f1": 0.49544012456245096, "min_score": 0.050000354647636414, "AP": 41.7681704810893, "AP50": 62.168347375956536, "AP75": 45.653200904308626, "APs": 25.125155830392913, "APm": 45.02609205608844, "APl": 54.44826882591164}