{"quality": 39, "model": "R50_DC5", "elapsed": 1903.4486300945282, "tp": 25996, "fp": 16764, "precision": 0.6079513564078578, "recall": 0.7154534195679098, "f1": 0.6573361147986598, "min_score": 0.5000100135803223, "AP": 32.5464633998937, "AP50": 50.236542582274055, "AP75": 35.24979860947941, "APs": 14.068294576334118, "APm": 36.052801921806974, "APl": 46.205483909559284}