{"quality": 97, "model": "R101_FPN", "elapsed": 717.6319425106049, "tp": 26139, "fp": 10651, "precision": 0.7104919815167166, "recall": 0.7193890188523462, "f1": 0.7149128205128206, "min_score": 0.5000050067901611, "AP": 38.36688717800933, "AP50": 55.356327635786826, "AP75": 42.61705543753452, "APs": 20.74263416834724, "APm": 42.06751869347489, "APl": 51.29781707987625}