{"quality": 37, "model": "R101", "elapsed": 668.8406751155853, "tp": 43786, "fp": 346657, "precision": 0.112144410323658, "recall": 1.2050639878904637, "f1": 0.20519333236483606, "min_score": 0.05000064894556999, "AP": 35.72889125618279, "AP50": 54.330720471346, "AP75": 37.98102200860297, "APs": 18.061149338934754, "APm": 39.23292346310737, "APl": 47.75579111313735}