{"quality": 89, "model": "X101", "elapsed": 2947.739317417145, "tp": 41277, "fp": 68814, "precision": 0.3749352808131455, "recall": 1.1360121095362599, "f1": 0.5637933153948069, "min_score": 0.050000861287117004, "AP": 42.87708852095483, "AP50": 63.50292220288814, "AP75": 46.58337533374273, "APs": 27.283520374013925, "APm": 45.828827261378535, "APl": 54.845059170042866}