{"quality": 10, "model": "R101_FPN", "elapsed": 645.1254632472992, "tp": 26263, "fp": 104580, "precision": 0.20072147535596097, "recall": 0.7228017063437457, "f1": 0.314192058763713, "min_score": 0.05000057816505432, "AP": 12.96584684361771, "AP50": 21.903383387028118, "AP75": 13.240086209129807, "APs": 6.077113084305728, "APm": 14.643806020080744, "APl": 18.31329961297809}