{"quality": 50, "model": "R50_DC5", "elapsed": 1044.0666122436523, "tp": 42028, "fp": 131789, "precision": 0.24179453102976117, "recall": 1.1566808861978808, "f1": 0.3999771593893944, "min_score": 0.05000024288892746, "AP": 36.010421145213556, "AP50": 56.65587145783982, "AP75": 38.59791193064444, "APs": 17.847618586190954, "APm": 39.73195833514914, "APl": 49.969192209883815}