{"quality": 22, "model": "R50_FPN", "elapsed": 484.7004203796387, "tp": 38544, "fp": 120380, "precision": 0.2425310211170119, "recall": 1.0607953763588827, "f1": 0.3947987032607972, "min_score": 0.0500008687376976, "AP": 29.515594694704834, "AP50": 47.64737746155823, "AP75": 30.892834716272816, "APs": 15.0935630800648, "APm": 32.3745211256, "APl": 40.55434129513835}