{"quality": 70, "model": "R50", "elapsed": 498.8782777786255, "tp": 44552, "fp": 360264, "precision": 0.11005493853997865, "recall": 1.226145589651851, "f1": 0.20198072768734512, "min_score": 0.050000160932540894, "AP": 36.96063435362801, "AP50": 56.02997843161804, "AP75": 39.115302298292285, "APs": 21.040582079202167, "APm": 40.38789174689746, "APl": 48.78035276140945}