{"quality": 39, "model": "R101", "elapsed": 668.5764350891113, "tp": 43942, "fp": 345081, "precision": 0.11295476102955353, "recall": 1.2093573689280308, "f1": 0.20661184225993162, "min_score": 0.050000015646219254, "AP": 35.97791400969873, "AP50": 54.72548663310059, "AP75": 38.14155444497786, "APs": 18.192428325592214, "APm": 39.61187379917342, "APl": 48.11422296804718}