{"quality": 93, "model": "R101_C4", "elapsed": 1588.7958707809448, "tp": 28616, "fp": 17109, "precision": 0.6258283214871514, "recall": 0.7875602036603826, "f1": 0.6974408969047039, "min_score": 0.5000090599060059, "AP": 38.22356789385655, "AP50": 55.846508105082414, "AP75": 41.65892573974331, "APs": 18.822900377444874, "APm": 42.56610697148826, "APl": 53.43852607863471}