{"quality": 43, "model": "R101_C4", "elapsed": 1603.7027525901794, "tp": 26136, "fp": 15493, "precision": 0.6278315597299959, "recall": 0.719306453832393, "f1": 0.6704632907495768, "min_score": 0.5000076293945312, "AP": 34.434432150216736, "AP50": 50.94026290228737, "AP75": 37.38437143621191, "APs": 14.594954059289233, "APm": 38.37680157155103, "APl": 50.1738523798273}