{"quality": 78, "model": "R50_C4", "elapsed": 1362.00110912323, "tp": 27268, "fp": 16801, "precision": 0.6187569493294606, "recall": 0.7504609880280722, "f1": 0.6782747127008606, "min_score": 0.500018835067749, "AP": 34.78265670154519, "AP50": 51.99948602865896, "AP75": 37.906511673419956, "APs": 15.479846458449432, "APm": 38.23861830242913, "APl": 50.04690323321164}