{"quality": 39, "model": "R50_FPN", "elapsed": 485.17633152008057, "tp": 40918, "fp": 109589, "precision": 0.2718677536592982, "recall": 1.126131828815192, "f1": 0.4379957397159097, "min_score": 0.05000036582350731, "AP": 35.746032763611005, "AP50": 55.6769491776831, "AP75": 38.40393820645473, "APs": 19.311083333472915, "APm": 38.948689099562735, "APl": 48.0969588180384}