{"quality": 47, "model": "R50_C4", "elapsed": 1319.3591928482056, "tp": 40793, "fp": 145850, "precision": 0.21856163906495288, "recall": 1.1226916196504748, "f1": 0.3658925992698831, "min_score": 0.05000002309679985, "AP": 35.13063223214539, "AP50": 54.43048673990614, "AP75": 37.80305925478158, "APs": 16.920008329808574, "APm": 38.97931621102844, "APl": 49.97611314368625}