{"quality": 30, "model": "R101_C4", "elapsed": 1625.2445890903473, "tp": 40605, "fp": 135872, "precision": 0.2300866401854066, "recall": 1.11751754506674, "f1": 0.3816044208033382, "min_score": 0.050000209361314774, "AP": 34.96927391318167, "AP50": 53.537087994306596, "AP75": 37.25815284260343, "APs": 15.983739019149306, "APm": 39.01069295299206, "APl": 50.31964919039977}