{"quality": 74, "model": "R101_FPN", "elapsed": 647.8159286975861, "tp": 25083, "fp": 9897, "precision": 0.7170668953687822, "recall": 0.6903261318288152, "f1": 0.7034424735329173, "min_score": 0.500001847743988, "AP": 36.93798600202916, "AP50": 53.45979289847106, "AP75": 41.069113510993866, "APs": 18.91257277101066, "APm": 40.444674778180435, "APl": 50.52758592431867}