{"quality": 81, "model": "R50_C4", "elapsed": 1359.1565327644348, "tp": 27386, "fp": 16868, "precision": 0.6188367153251684, "recall": 0.7537085454795651, "f1": 0.6796461055479035, "min_score": 0.5000012516975403, "AP": 34.9502906581965, "AP50": 52.114491004488904, "AP75": 38.15760471143205, "APs": 15.66863839844481, "APm": 38.70484400860317, "APl": 49.89280969076689}