{"quality": 57, "model": "R101", "elapsed": 701.1493718624115, "tp": 18032, "fp": 3853, "precision": 0.8239433401873429, "recall": 0.49627081326544653, "f1": 0.6194434902095499, "min_score": 0.5000177025794983, "AP": 30.765263310743713, "AP50": 43.176289613499705, "AP75": 33.76648234049074, "APs": 12.561332124553196, "APm": 33.92958175391632, "APl": 43.657872892911854}