{"quality": 85, "model": "R50_C4", "elapsed": 1356.5076072216034, "tp": 27635, "fp": 17318, "precision": 0.6147531866616244, "recall": 0.7605614421356819, "f1": 0.6799281566774925, "min_score": 0.500005304813385, "AP": 35.28624606819928, "AP50": 52.61594627502192, "AP75": 38.60005903483818, "APs": 16.72742561765082, "APm": 38.87846827196397, "APl": 50.18932845230094}