{"quality": 47, "model": "R101_C4", "elapsed": 1601.570074558258, "tp": 26390, "fp": 15579, "precision": 0.6287974457337558, "recall": 0.7262969588550984, "f1": 0.6740396403759705, "min_score": 0.5000062584877014, "AP": 35.169294883729236, "AP50": 51.778049740805876, "AP75": 38.115451355658806, "APs": 15.275127307007603, "APm": 39.315502032462376, "APl": 51.22629095318075}