{"quality": 53, "model": "R101", "elapsed": 668.8813450336456, "tp": 44517, "fp": 337704, "precision": 0.11646926777963534, "recall": 1.22518233108573, "f1": 0.21271705578226094, "min_score": 0.05000012367963791, "AP": 37.511144653738086, "AP50": 56.73242472518126, "AP75": 39.5341749224761, "APs": 19.61657647090037, "APm": 41.27463397771478, "APl": 49.670347611079784}