{"quality": 59, "model": "R50_DC5", "elapsed": 1886.417162656784, "tp": 26941, "fp": 16857, "precision": 0.6151194118452897, "recall": 0.7414614008531719, "f1": 0.6724071231577503, "min_score": 0.5000185370445251, "AP": 34.1696011446569, "AP50": 52.273448524094825, "AP75": 37.38586861895985, "APs": 15.624010927050067, "APm": 37.92305881687767, "APl": 47.81390389288758}