{"quality": 25, "model": "R101", "elapsed": 668.7847082614899, "tp": 42705, "fp": 365968, "precision": 0.10449674923471822, "recall": 1.1753130590339893, "f1": 0.1919291338582677, "min_score": 0.05000010132789612, "AP": 31.862232339243015, "AP50": 49.456914878421784, "AP75": 33.440105720880574, "APs": 15.448544757399485, "APm": 35.25403269721319, "APl": 43.199051756829654}