{"quality": 20, "model": "R50_C4", "elapsed": 1490.6445527076721, "tp": 37700, "fp": 200228, "precision": 0.15845129619044418, "recall": 1.037567084078712, "f1": 0.2749186000298983, "min_score": 0.050000011920928955, "AP": 26.46926410521922, "AP50": 43.00542437118365, "AP75": 27.8509630572196, "APs": 10.955034780435502, "APm": 29.232145690864385, "APl": 39.1941598599684}