{"quality": 45, "model": "R50", "elapsed": 483.9784333705902, "tp": 16649, "fp": 3743, "precision": 0.816447626520204, "recall": 0.4582083390670153, "f1": 0.5869867964108803, "min_score": 0.5000149607658386, "AP": 27.897195638061568, "AP50": 39.5227326942107, "AP75": 30.73585397697481, "APs": 11.004431056664133, "APm": 30.562518044616464, "APl": 40.959447795629245}