{"quality": 47, "model": "R50_FPN", "elapsed": 558.0655994415283, "tp": 23334, "fp": 10021, "precision": 0.6995652825663319, "recall": 0.6421907251960919, "f1": 0.6696513129573827, "min_score": 0.5000166893005371, "AP": 32.902517239913784, "AP50": 49.110869945492055, "AP75": 36.38001744447839, "APs": 15.709700535730933, "APm": 36.00722775545427, "APl": 45.75741045691436}