{"quality": 19, "model": "R101_C4", "elapsed": 1683.1681516170502, "tp": 38245, "fp": 158114, "precision": 0.19477080245876177, "recall": 1.052566396036879, "f1": 0.328714964717612, "min_score": 0.05000012740492821, "AP": 28.804720746587893, "AP50": 45.368314669237364, "AP75": 30.13794586192784, "APs": 11.884439679150447, "APm": 31.941037239747068, "APl": 42.16359570199877}