{"quality": 31, "model": "R101_C4", "elapsed": 1623.6952884197235, "tp": 40669, "fp": 135300, "precision": 0.2311145713165387, "recall": 1.1192789321590753, "f1": 0.38312043107996074, "min_score": 0.050001706928014755, "AP": 35.23216069823385, "AP50": 53.80332716987062, "AP75": 37.5079371522292, "APs": 15.948223254890333, "APm": 39.19557002835655, "APl": 50.13947331010941}