{"quality": 61, "model": "R101_DC5", "elapsed": 1127.6568355560303, "tp": 27435, "fp": 16226, "precision": 0.6283639861661438, "recall": 0.7550571074721343, "f1": 0.6859092954647732, "min_score": 0.5000029802322388, "AP": 35.93586509186847, "AP50": 53.9464693037577, "AP75": 38.77153512675894, "APs": 16.724699057239032, "APm": 39.960653366061514, "APl": 50.33729170513944}