{"quality": 66, "model": "R50_DC5", "elapsed": 1030.5385036468506, "tp": 27341, "fp": 16909, "precision": 0.6178757062146892, "recall": 0.752470070180267, "f1": 0.678563008003971, "min_score": 0.5000059604644775, "AP": 34.88163793474767, "AP50": 53.175111975717634, "AP75": 38.08363364207369, "APs": 16.324236213906225, "APm": 38.805895296091485, "APl": 48.327854071274615}