{"quality": 24, "model": "X101", "elapsed": 2936.52116727829, "tp": 37800, "fp": 77112, "precision": 0.32894736842105265, "recall": 1.0403192514104858, "f1": 0.4998446250173557, "min_score": 0.05000007897615433, "AP": 33.60684573784336, "AP50": 52.680123346558936, "AP75": 35.358835654206814, "APs": 17.97845942095918, "APm": 36.87947041941655, "APl": 45.8454964822783}