{"quality": 17, "model": "R101", "elapsed": 701.1064467430115, "tp": 12675, "fp": 3007, "precision": 0.8082514985333503, "recall": 0.3488372093023256, "f1": 0.4873406770863371, "min_score": 0.500023365020752, "AP": 19.232623895144513, "AP50": 28.245230248424967, "AP75": 21.135803041735816, "APs": 6.7441023475322766, "APm": 21.59994440390661, "APl": 28.368115386013613}