{"quality": 51, "model": "X101", "elapsed": 2944.052789211273, "tp": 39994, "fp": 69781, "precision": 0.36432703256661353, "recall": 1.1007018026696023, "f1": 0.5474505509547601, "min_score": 0.050000548362731934, "AP": 39.87490957953193, "AP50": 60.0357566771328, "AP75": 42.783219858493574, "APs": 22.598427493354926, "APm": 43.123175623633934, "APl": 52.6454673218702}