{"quality": 9, "model": "R101_C4", "elapsed": 1841.2766954898834, "tp": 26567, "fp": 215504, "precision": 0.10974879270957694, "recall": 0.7311682950323379, "f1": 0.19085077189428387, "min_score": 0.050000254064798355, "AP": 11.913173683622988, "AP50": 20.140840588606, "AP75": 11.94657618852174, "APs": 4.719502447687239, "APm": 13.321650722399808, "APl": 18.26738864209988}