{"quality": 90, "model": "R50", "elapsed": 484.3946487903595, "tp": 18685, "fp": 4238, "precision": 0.8151201849670636, "recall": 0.5142424659419292, "f1": 0.6306321509332072, "min_score": 0.5000283122062683, "AP": 31.372281135816504, "AP50": 44.03056771856996, "AP75": 34.69711053293819, "APs": 13.235041412723808, "APm": 34.669832165749284, "APl": 44.59861283671033}