{"quality": 66, "model": "R101_DC5", "elapsed": 1132.5182611942291, "tp": 42792, "fp": 121369, "precision": 0.26067092671219105, "recall": 1.1777074446126325, "f1": 0.4268613837682547, "min_score": 0.05000020191073418, "AP": 38.76546008144108, "AP50": 59.367315333998874, "AP75": 41.548427125055824, "APs": 19.569754247935958, "APm": 42.916047049112244, "APl": 53.06408944926589}