{"quality": 24, "model": "R50", "elapsed": 500.3527641296387, "tp": 41870, "fp": 397713, "precision": 0.09524936132652992, "recall": 1.1523324618136783, "f1": 0.1759546812686219, "min_score": 0.05000002309679985, "AP": 29.27351832954447, "AP50": 46.27206704482965, "AP75": 30.539545288445268, "APs": 14.66552226102934, "APm": 32.230238650674934, "APl": 40.08748075039918}