{"quality": 89, "model": "R101_DC5", "elapsed": 1132.4425177574158, "tp": 43526, "fp": 122458, "precision": 0.26223009446693657, "recall": 1.197908352827852, "f1": 0.4302710076661114, "min_score": 0.050001755356788635, "AP": 40.25206551990506, "AP50": 61.26026621600366, "AP75": 43.316115305545964, "APs": 22.323511960175203, "APm": 44.503177234759086, "APl": 54.11259055516123}