{"quality": 50, "model": "R50_FPN", "elapsed": 556.9270224571228, "tp": 23453, "fp": 10053, "precision": 0.6999641855190115, "recall": 0.6454658043209027, "f1": 0.6716112312252115, "min_score": 0.5000207424163818, "AP": 33.2003064666986, "AP50": 49.32455313446107, "AP75": 36.891597363643136, "APs": 15.706900372256657, "APm": 36.3042087682121, "APl": 46.60922802302307}