{"quality": 85, "model": "R50_FPN", "elapsed": 555.8002679347992, "tp": 25355, "fp": 11065, "precision": 0.6961834157056562, "recall": 0.6978120269712399, "f1": 0.6969967699814446, "min_score": 0.5000004768371582, "AP": 35.993281801447644, "AP50": 53.127199974824535, "AP75": 39.988688913879514, "APs": 18.336187348960898, "APm": 39.2923344951681, "APl": 48.850151989075535}