{"quality": 91, "model": "R50_C4", "elapsed": 1364.0982031822205, "tp": 28005, "fp": 17651, "precision": 0.6133914490975995, "recall": 0.7707444612632448, "f1": 0.6831237574855777, "min_score": 0.5000171065330505, "AP": 35.520642452456336, "AP50": 53.061173207355296, "AP75": 38.74882700858036, "APs": 16.679790843235036, "APm": 39.48707973775607, "APl": 50.640790626698305}