{"quality": 51, "model": "R50_FPN", "elapsed": 485.54127526283264, "tp": 41294, "fp": 107431, "precision": 0.2776533871238864, "recall": 1.1364799779826613, "f1": 0.44627688317302494, "min_score": 0.05000229924917221, "AP": 37.12941921137254, "AP50": 57.04883100287501, "AP75": 40.445252889318475, "APs": 20.408492176968004, "APm": 40.25067255137426, "APl": 49.571133662284545}