{"quality": 84, "model": "R101_FPN", "elapsed": 650.3585748672485, "tp": 42200, "fp": 91590, "precision": 0.3154196875700725, "recall": 1.1614146140085317, "f1": 0.4961058045554739, "min_score": 0.05000005662441254, "AP": 41.405641137647606, "AP50": 61.66726827094611, "AP75": 44.95459702303722, "APs": 24.849045079467217, "APm": 44.729261111016385, "APl": 54.02048237750149}