{"quality": 15, "model": "R101_DC5", "elapsed": 1144.709728717804, "tp": 36512, "fp": 162359, "precision": 0.18359640168752608, "recall": 1.0048713361772397, "f1": 0.3104682703672526, "min_score": 0.05000000447034836, "AP": 23.531019071505344, "AP50": 39.002058373053615, "AP75": 24.56164839759522, "APs": 10.17379398838379, "APm": 26.148069268996764, "APl": 33.81108111361302}