{"quality": 88, "model": "X101", "elapsed": 2943.3433933258057, "tp": 41196, "fp": 68885, "precision": 0.37423351895422463, "recall": 1.133782853997523, "f1": 0.5627253852038028, "min_score": 0.05000070482492447, "AP": 42.73525422865923, "AP50": 63.27220248716734, "AP75": 46.49552542422748, "APs": 26.971074541491923, "APm": 45.70536814315934, "APl": 54.75661797355785}