{"quality": 2, "model": "R101_C4", "elapsed": 1846.3312015533447, "tp": 627, "fp": 8312, "precision": 0.07014207405750084, "recall": 0.01725608917022155, "f1": 0.027698016521623892, "min_score": 0.5000067353248596, "AP": 0.7038585846201479, "AP50": 1.2573952780771567, "AP75": 0.6753334916129428, "APs": 0.2020378655625501, "APm": 0.5467735252954611, "APl": 1.3413853714744302}