{"quality": 17, "model": "R101", "elapsed": 670.5918073654175, "tp": 39988, "fp": 394913, "precision": 0.09194736273312777, "recall": 1.100536672629696, "f1": 0.16971538677011094, "min_score": 0.050000566989183426, "AP": 25.557648110398635, "AP50": 41.25816557150513, "AP75": 26.449929632444324, "APs": 11.728193352353442, "APm": 28.450713394834843, "APl": 35.16631513595751}