{"quality": 68, "model": "R101", "elapsed": 667.824079990387, "tp": 44885, "fp": 332277, "precision": 0.11900721705792205, "recall": 1.2353103068666575, "f1": 0.2170995194644701, "min_score": 0.050000015646219254, "AP": 38.61390961753924, "AP50": 57.84935523962533, "AP75": 41.16695070344468, "APs": 21.10600138077881, "APm": 42.30554800769099, "APl": 50.6015593516406}