{"quality": 65, "model": "R50_DC5", "elapsed": 1033.4481563568115, "tp": 27290, "fp": 16945, "precision": 0.6169322934328021, "recall": 0.7510664648410623, "f1": 0.6774233585701874, "min_score": 0.5000041127204895, "AP": 34.88606514821584, "AP50": 53.14256709691247, "AP75": 38.17612494353465, "APs": 16.448851453376623, "APm": 38.94150471865267, "APl": 48.22718252697818}