{"quality": 11, "model": "R101_FPN", "elapsed": 645.3799691200256, "tp": 28451, "fp": 106535, "precision": 0.210770005778377, "recall": 0.7830191275629558, "f1": 0.33213674914342084, "min_score": 0.0500001460313797, "AP": 15.365173541708515, "AP50": 25.668513116366963, "AP75": 15.795837971044852, "APs": 7.3580631420763805, "APm": 17.16925309825897, "APl": 21.39601476333837}