{"quality": 84, "model": "R50_C4", "elapsed": 1357.6441037654877, "tp": 27538, "fp": 17185, "precision": 0.6157458131162936, "recall": 0.7578918398238613, "f1": 0.6794640874435589, "min_score": 0.5000343918800354, "AP": 35.14162300131438, "AP50": 52.467711303509915, "AP75": 38.46131031518503, "APs": 16.67729659272586, "APm": 38.7963244533062, "APl": 49.93201200780008}