{"quality": 61, "model": "R101", "elapsed": 668.4038932323456, "tp": 44761, "fp": 334715, "precision": 0.11795475866721479, "recall": 1.231897619375258, "f1": 0.2152949296675653, "min_score": 0.05000044405460358, "AP": 38.01473299587849, "AP50": 57.25893391005526, "AP75": 40.22285697745606, "APs": 19.962052112917622, "APm": 41.94142029473493, "APl": 49.94498900065449}