{"AP": 37.45999238918093, "AP50": 54.5671573653508, "AP75": 41.85607610611001, "APs": 19.952259630923916, "APm": 40.36791325400338, "APl": 50.87100460677046, "AP-person": 52.1202699529836, "AP-bicycle": 27.31534736208186, "AP-car": 41.70889582273138, "AP-motorcycle": 38.85764489805458, "AP-airplane": 60.326406532074074, "AP-bus": 60.841291178176085, "AP-train": 58.35175489535671, "AP-truck": 28.619620296330094, "AP-boat": 23.538024294021298, "AP-traffic light": 24.73908085209478, "AP-fire hydrant": 63.26708158273766, "AP-stop sign": 62.213534000930196, "AP-parking meter": 41.900914566992675, "AP-bench": 21.51834359018652, "AP-bird": 32.35731670333031, "AP-cat": 63.62185146672928, "AP-dog": 55.16110484510733, "AP-horse": 55.19289587732158, "AP-sheep": 47.161355896634234, "AP-cow": 48.95791542521598, "AP-elephant": 57.52449990243813, "AP-bear": 65.25426281861931, "AP-zebra": 63.805746348210945, "AP-giraffe": 62.9833655613818, "AP-backpack": 13.487930022458276, "AP-umbrella": 34.330946890185295, "AP-handbag": 11.700353882604704, "AP-tie": 31.27198834477532, "AP-suitcase": 32.66601334620136, "AP-frisbee": 59.152875075555066, "AP-skis": 22.07896990397178, "AP-snowboard": 30.980881100065467, "AP-sports ball": 44.91507298862245, "AP-kite": 37.38512487533291, "AP-baseball bat": 26.634072113048223, "AP-baseball glove": 33.26349612036358, "AP-skateboard": 48.479580205440634, "AP-surfboard": 34.42870864212563, "AP-tennis racket": 43.811647973604956, "AP-bottle": 35.72069118291466, "AP-wine glass": 32.08539643033, "AP-cup": 36.43059745809506, "AP-fork": 28.53710077164329, "AP-knife": 14.725506328215959, "AP-spoon": 14.91524023313025, "AP-bowl": 37.845595683121566, "AP-banana": 18.662220202537185, "AP-apple": 16.21554150553037, "AP-sandwich": 29.71015664364107, "AP-orange": 25.587612284489637, "AP-broccoli": 18.921609341856936, "AP-carrot": 18.193311196311278, "AP-hot dog": 28.956587550175346, "AP-pizza": 47.7228675407679, "AP-donut": 38.791828777825515, "AP-cake": 29.205287704121485, "AP-chair": 23.412093230177984, "AP-couch": 36.33790231670137, "AP-potted plant": 23.886455613502253, "AP-bed": 37.97244362923196, "AP-dining table": 23.95799656251554, "AP-toilet": 55.51758631106773, "AP-tv": 51.579726068336086, "AP-laptop": 55.73029875895732, "AP-mouse": 61.16307175771757, "AP-remote": 27.850516260239395, "AP-keyboard": 48.55099012129237, "AP-cell phone": 32.66107319914465, "AP-microwave": 50.657981943945764, "AP-oven": 30.26522832121571, "AP-toaster": 41.122112211221115, "AP-sink": 34.10274654316366, "AP-refrigerator": 51.60986818813977, "AP-book": 10.381036635573283, "AP-clock": 45.62108660363508, "AP-vase": 33.890932214548556, "AP-scissors": 24.390365822296516, "AP-teddy bear": 40.60626970242854, "AP-hair drier": 0.6930693069306931, "AP-toothbrush": 20.685202823687774}