{"AP": 28.22417825771962, "AP50": 42.79506212434951, "AP75": 31.028374970091505, "APs": 12.430208823305962, "APm": 30.937646816546803, "APl": 40.403887342444264, "AP-person": 43.92493874248573, "AP-bicycle": 20.961304295354534, "AP-car": 32.62886768157033, "AP-motorcycle": 33.62907456004308, "AP-airplane": 50.45940694560256, "AP-bus": 53.44893838171949, "AP-train": 54.37251845133343, "AP-truck": 22.945036582762956, "AP-boat": 17.79057769062348, "AP-traffic light": 19.207937948201387, "AP-fire hydrant": 55.53502650617696, "AP-stop sign": 54.02811411842311, "AP-parking meter": 31.714989273497512, "AP-bench": 15.81350916259333, "AP-bird": 22.250066023515824, "AP-cat": 40.29182302552742, "AP-dog": 38.54523181810574, "AP-horse": 43.85861351171775, "AP-sheep": 30.81722012041827, "AP-cow": 35.064833765914315, "AP-elephant": 42.26559854364215, "AP-bear": 46.25588619572971, "AP-zebra": 60.655213759803004, "AP-giraffe": 56.054160019709656, "AP-backpack": 7.826238757865196, "AP-umbrella": 28.094294770357187, "AP-handbag": 8.613439318408025, "AP-tie": 25.06434471591766, "AP-suitcase": 19.26530247876621, "AP-frisbee": 42.79032505162698, "AP-skis": 14.259291025455608, "AP-snowboard": 23.053952750886232, "AP-sports ball": 36.24909343909078, "AP-kite": 24.201610090160816, "AP-baseball bat": 17.556099800626647, "AP-baseball glove": 22.892917418831857, "AP-skateboard": 39.35436594539748, "AP-surfboard": 25.488915136532565, "AP-tennis racket": 35.20873130923377, "AP-bottle": 25.569668270805657, "AP-wine glass": 22.32150431066145, "AP-cup": 26.965912698190568, "AP-fork": 17.963895867870214, "AP-knife": 7.865985752759064, "AP-spoon": 7.252995503966487, "AP-bowl": 29.34402698824467, "AP-banana": 12.88671328215182, "AP-apple": 8.197844276966086, "AP-sandwich": 15.779497230932163, "AP-orange": 18.559640477260412, "AP-broccoli": 15.443994702822039, "AP-carrot": 12.793053976807636, "AP-hot dog": 21.849459901673445, "AP-pizza": 42.556074698296726, "AP-donut": 27.060350823126615, "AP-cake": 20.875659920927525, "AP-chair": 15.212837617226423, "AP-couch": 19.708856177861257, "AP-potted plant": 17.605689654817848, "AP-bed": 25.99816605254739, "AP-dining table": 18.328926548104366, "AP-toilet": 47.170676431702816, "AP-tv": 44.577024650795515, "AP-laptop": 45.59307615386195, "AP-mouse": 43.71737185351933, "AP-remote": 15.331963934706222, "AP-keyboard": 36.1743266750453, "AP-cell phone": 23.87224895127897, "AP-microwave": 38.35109296985985, "AP-oven": 20.74493851901656, "AP-toaster": 17.12871287128713, "AP-sink": 25.392735472781908, "AP-refrigerator": 40.799503406628816, "AP-book": 7.335137064075151, "AP-clock": 40.86236167776548, "AP-vase": 26.18105450299688, "AP-scissors": 15.457645764576455, "AP-teddy bear": 27.73120452136431, "AP-hair drier": 0.0, "AP-toothbrush": 18.93462132865836}