{"AP": 45.8080216334962, "AP50": 64.80295356941134, "AP75": 51.87619938129131, "APs": 25.493618147077573, "APm": 50.23814909531495, "APl": 59.35798253847507, "AP-person": 55.678096963525206, "AP-bicycle": 35.88971157372225, "AP-car": 45.80246428394561, "AP-motorcycle": 45.519536538441955, "AP-airplane": 59.591768325498094, "AP-bus": 63.96079665519164, "AP-train": 64.91933152668308, "AP-truck": 36.789185978832684, "AP-boat": 31.89311451915974, "AP-traffic light": 35.45247706474686, "AP-fire hydrant": 68.98292727129544, "AP-stop sign": 69.80149881909306, "AP-parking meter": 43.04416927960714, "AP-bench": 27.94417566068692, "AP-bird": 43.01590246236457, "AP-cat": 71.04268172199484, "AP-dog": 65.9292737208276, "AP-horse": 60.42388089840441, "AP-sheep": 54.39521473061421, "AP-cow": 58.555517331667374, "AP-elephant": 70.71573673831868, "AP-bear": 76.03213561543704, "AP-zebra": 70.67048406500936, "AP-giraffe": 71.55386314589265, "AP-backpack": 21.39432195257931, "AP-umbrella": 38.63578483083469, "AP-handbag": 17.55091744992073, "AP-tie": 43.42322228623321, "AP-suitcase": 40.19765869785241, "AP-frisbee": 68.6274829318879, "AP-skis": 27.88193812266676, "AP-snowboard": 40.58888227373413, "AP-sports ball": 52.00430102025388, "AP-kite": 45.562097442118905, "AP-baseball bat": 37.49395523099272, "AP-baseball glove": 43.44074913308509, "AP-skateboard": 54.018228071338456, "AP-surfboard": 47.37443321546699, "AP-tennis racket": 54.8589325621041, "AP-bottle": 40.868324825889175, "AP-wine glass": 42.950593621264446, "AP-cup": 45.770666827388794, "AP-fork": 35.47222540654292, "AP-knife": 26.470213148484994, "AP-spoon": 23.404027945328497, "AP-bowl": 43.761479990046105, "AP-banana": 30.60160175400067, "AP-apple": 25.307838084880395, "AP-sandwich": 41.30874357617665, "AP-orange": 33.76723620745826, "AP-broccoli": 33.34351660451721, "AP-carrot": 28.32102069583968, "AP-hot dog": 42.42615433003605, "AP-pizza": 56.4401668617357, "AP-donut": 56.60116247546474, "AP-cake": 42.76828766842542, "AP-chair": 32.62311147728073, "AP-couch": 41.41063652558003, "AP-potted plant": 32.774215161185595, "AP-bed": 49.53013675811101, "AP-dining table": 31.47628251280297, "AP-toilet": 70.40102895958522, "AP-tv": 56.32845022568357, "AP-laptop": 62.2354658615976, "AP-mouse": 58.474885725635616, "AP-remote": 40.52971608462874, "AP-keyboard": 55.42432363874116, "AP-cell phone": 40.64491928218635, "AP-microwave": 59.48287122566398, "AP-oven": 40.741480388106815, "AP-toaster": 28.774588773991557, "AP-sink": 41.8820857183547, "AP-refrigerator": 53.13793701919622, "AP-book": 15.523950564841165, "AP-clock": 54.12158674360007, "AP-vase": 46.14899508173348, "AP-scissors": 41.65586356824086, "AP-teddy bear": 53.72751468986958, "AP-hair drier": 18.357664959446502, "AP-toothbrush": 28.993909598122553}