{"AP": 35.85098236877255, "AP50": 52.64768345935804, "AP75": 39.798465098588444, "APs": 17.622806557219192, "APm": 38.80036491573759, "APl": 49.01139984173474, "AP-person": 50.57122918173561, "AP-bicycle": 26.105860374933513, "AP-car": 40.17138131809199, "AP-motorcycle": 38.09201437511248, "AP-airplane": 58.163281267771296, "AP-bus": 58.466084964586415, "AP-train": 57.494213154276, "AP-truck": 26.74660551473079, "AP-boat": 23.039688052190815, "AP-traffic light": 23.64185254638279, "AP-fire hydrant": 63.483770547103546, "AP-stop sign": 59.41740488883694, "AP-parking meter": 39.65356346873639, "AP-bench": 20.73809013062334, "AP-bird": 30.32948390275824, "AP-cat": 62.02288060481445, "AP-dog": 53.764941006016144, "AP-horse": 52.54976833098377, "AP-sheep": 45.19655602933256, "AP-cow": 46.627493768313926, "AP-elephant": 55.37528042997874, "AP-bear": 63.72179380440486, "AP-zebra": 63.352383753311116, "AP-giraffe": 62.24019752166505, "AP-backpack": 12.031532819408577, "AP-umbrella": 33.540753331445664, "AP-handbag": 11.001603380060876, "AP-tie": 30.16653104850477, "AP-suitcase": 28.454982425427712, "AP-frisbee": 57.224444411453845, "AP-skis": 20.264188338752014, "AP-snowboard": 30.839256140140474, "AP-sports ball": 42.815846794045264, "AP-kite": 34.24607336460201, "AP-baseball bat": 24.05099686276974, "AP-baseball glove": 30.831803563337278, "AP-skateboard": 48.157146747460885, "AP-surfboard": 33.01462500402865, "AP-tennis racket": 42.43505542304748, "AP-bottle": 33.198087599331906, "AP-wine glass": 29.06478755807833, "AP-cup": 35.21565791553244, "AP-fork": 28.542181056950405, "AP-knife": 13.411456810818793, "AP-spoon": 12.521470424607772, "AP-bowl": 36.175015956178086, "AP-banana": 17.02741553333715, "AP-apple": 14.568133248282214, "AP-sandwich": 26.227703743281065, "AP-orange": 24.6376885155669, "AP-broccoli": 17.385210666973524, "AP-carrot": 16.918087682419717, "AP-hot dog": 26.830491231733028, "AP-pizza": 47.02546181528924, "AP-donut": 36.687574517462906, "AP-cake": 28.74684890812737, "AP-chair": 21.876981475495814, "AP-couch": 34.301645471074615, "AP-potted plant": 22.81883532574629, "AP-bed": 38.88732842149486, "AP-dining table": 23.78682213915774, "AP-toilet": 54.92042040445154, "AP-tv": 49.94989604395451, "AP-laptop": 55.354177056204094, "AP-mouse": 57.613072189874494, "AP-remote": 24.985523399059854, "AP-keyboard": 44.53970574309526, "AP-cell phone": 30.489031641245457, "AP-microwave": 49.27744052990513, "AP-oven": 28.404525713969832, "AP-toaster": 32.21122112211221, "AP-sink": 32.469611045528964, "AP-refrigerator": 49.7614172149515, "AP-book": 9.881590963854341, "AP-clock": 44.447954842495164, "AP-vase": 33.54702439125141, "AP-scissors": 24.7326398631766, "AP-teddy bear": 39.27339805337986, "AP-hair drier": 0.0, "AP-toothbrush": 20.32439467517803}