{"quality": 96, "model": "R50", "elapsed": 499.1190950870514, "tp": 45267, "fp": 358078, "precision": 0.1122289851120009, "recall": 1.2458235860740332, "f1": 0.20590884279475985, "min_score": 0.05000080540776253, "AP": 38.6114764794797, "AP50": 57.924832452832234, "AP75": 41.41877265014769, "APs": 23.287394300225962, "APm": 42.237766067756105, "APl": 50.23032902039542}