{"quality": 62, "model": "R50_DC5", "elapsed": 983.9956390857697, "tp": 42190, "fp": 129438, "precision": 0.24582235998788077, "recall": 1.1611393972753543, "f1": 0.40574525276130846, "min_score": 0.050000421702861786, "AP": 36.93204101455147, "AP50": 57.803437256010156, "AP75": 39.62834102567059, "APs": 18.717737141872924, "APm": 40.88067095776949, "APl": 50.251760330528214}