{"quality": 58, "model": "X101", "elapsed": 2923.9687871932983, "tp": 40178, "fp": 69226, "precision": 0.3672443420715879, "recall": 1.105765790560066, "f1": 0.5513692285524122, "min_score": 0.05000070482492447, "AP": 40.63305823068081, "AP50": 60.87488671163198, "AP75": 44.056945488614765, "APs": 23.470258032177835, "APm": 43.71901730096515, "APl": 53.42494062189006}