{"quality": 48, "model": "R50_FPN", "elapsed": 559.8359899520874, "tp": 23417, "fp": 10015, "precision": 0.7004367073462551, "recall": 0.6444750240814642, "f1": 0.671291584846704, "min_score": 0.5000048875808716, "AP": 32.96060717197841, "AP50": 49.25221251538725, "AP75": 36.31293620303153, "APs": 15.607904988085197, "APm": 36.19896736400132, "APl": 46.02715342514073}