{"quality": 75, "model": "R101_C4", "elapsed": 1591.1696517467499, "tp": 27776, "fp": 16220, "precision": 0.6313301209200837, "recall": 0.7644419980734829, "f1": 0.691538758387173, "min_score": 0.5000043511390686, "AP": 37.054938511243066, "AP50": 54.31565211276591, "AP75": 40.251583866220194, "APs": 16.924644482517127, "APm": 41.12676331508929, "APl": 52.80117309482084}