{"quality": 29, "model": "R50_FPN", "elapsed": 485.47847533226013, "tp": 39814, "fp": 114308, "precision": 0.2583278182219281, "recall": 1.0957479014724094, "f1": 0.41808912247908975, "min_score": 0.05000126361846924, "AP": 33.056007411544115, "AP50": 52.46180902969036, "AP75": 35.21927445302752, "APs": 17.788490173396827, "APm": 35.87656561394107, "APl": 44.94816049889785}