{"quality": 61, "model": "R101_FPN", "elapsed": 649.8255078792572, "tp": 41261, "fp": 90013, "precision": 0.31431204960616727, "recall": 1.135571762763176, "f1": 0.4923482629214421, "min_score": 0.05000004917383194, "AP": 39.70014888130263, "AP50": 59.736986297725835, "AP75": 42.966819041174546, "APs": 21.88285034977634, "APm": 43.11872658281545, "APl": 52.71390500754533}