{"quality": 28, "model": "R50", "elapsed": 500.04350900650024, "tp": 42522, "fp": 388534, "precision": 0.09864611558590995, "recall": 1.1702765928168433, "f1": 0.18195472313330807, "min_score": 0.05000009015202522, "AP": 31.428005502252148, "AP50": 48.75617733743031, "AP75": 33.231231268590065, "APs": 15.387987483483666, "APm": 34.56146438455411, "APl": 42.93194363062216}