{"quality": 96, "model": "R50_DC5", "elapsed": 984.5302476882935, "tp": 43391, "fp": 129578, "precision": 0.25085998069018145, "recall": 1.1941929269299574, "f1": 0.414621794136758, "min_score": 0.050000399351119995, "AP": 38.976871334498256, "AP50": 60.42932041135413, "AP75": 42.08988587849174, "APs": 21.371155021074145, "APm": 43.41791816256816, "APl": 52.30876605486291}