{"quality": 90, "model": "R101_FPN", "elapsed": 648.0600011348724, "tp": 25919, "fp": 10408, "precision": 0.7134913425275966, "recall": 0.7133342507224439, "f1": 0.7134127879772095, "min_score": 0.5000146627426147, "AP": 38.14835658839616, "AP50": 55.06111206629794, "AP75": 42.45942749327094, "APs": 20.383826354152355, "APm": 41.761480073663165, "APl": 51.323335234385624}