{"quality": 55, "model": "R50_DC5", "elapsed": 996.4353048801422, "tp": 42231, "fp": 130396, "precision": 0.24463728153765055, "recall": 1.1622677858813817, "f1": 0.4041978924397738, "min_score": 0.05000021681189537, "AP": 36.325798879472174, "AP50": 57.11134567572408, "AP75": 39.057289806756465, "APs": 17.858508783828384, "APm": 40.245668550999184, "APl": 49.949159599346125}