{"quality": 16, "model": "X101", "elapsed": 2944.3633105754852, "tp": 17290, "fp": 8594, "precision": 0.6679802194405811, "recall": 0.47584973166368516, "f1": 0.5557787814011798, "min_score": 0.5000402927398682, "AP": 21.42915797593966, "AP50": 33.4122579110041, "AP75": 23.030881995675482, "APs": 9.307837622683248, "APm": 24.569884631077006, "APl": 29.10054007247379}