{"quality": 84, "model": "R101", "elapsed": 696.6331994533539, "tp": 19163, "fp": 4155, "precision": 0.8218114761128742, "recall": 0.5273978257878079, "f1": 0.6424823562938997, "min_score": 0.5000260472297668, "AP": 32.70973432817569, "AP50": 45.692207419108755, "AP75": 36.00379539859702, "APs": 14.209391502765707, "APm": 36.614173571790786, "APl": 45.149073988925096}