{"quality": 61, "model": "R101_C4", "elapsed": 1600.0607187747955, "tp": 42053, "fp": 124932, "precision": 0.25183699134652815, "recall": 1.1573689280308244, "f1": 0.4136631910289199, "min_score": 0.05000036954879761, "AP": 38.88572109003698, "AP50": 58.50163281711024, "AP75": 41.61525311340159, "APs": 19.316211591222455, "APm": 43.14230197356238, "APl": 53.91044591230079}