{"quality": 5, "model": "R101_DC5", "elapsed": 1113.229458808899, "tp": 3758, "fp": 8061, "precision": 0.3179626025890515, "recall": 0.10342644832805835, "f1": 0.15608256842629895, "min_score": 0.5000017881393433, "AP": 3.0237663739098517, "AP50": 5.169980807218725, "AP75": 2.9674947048062834, "APs": 0.8868245125900525, "APm": 3.4579192625407034, "APl": 4.811519495896621}