{"quality": 93, "model": "R50_FPN", "elapsed": 485.5143709182739, "tp": 42781, "fp": 107710, "precision": 0.284276136114452, "recall": 1.1774047062061372, "f1": 0.45797694111098025, "min_score": 0.05000019818544388, "AP": 40.01443409197699, "AP50": 60.704290471059274, "AP75": 43.440276801129166, "APs": 23.868525780304488, "APm": 43.276924360661546, "APl": 51.8312546265578}