{"quality": 67, "model": "R50_DC5", "elapsed": 993.637300491333, "tp": 42477, "fp": 128472, "precision": 0.24847761613112682, "recall": 1.169038117517545, "f1": 0.40984349973948786, "min_score": 0.05000364035367966, "AP": 37.32551166364536, "AP50": 58.28570363533079, "AP75": 40.16037345295133, "APs": 19.354237953814973, "APm": 41.53125883416312, "APl": 50.51539024028631}