{"quality": 76, "model": "R101", "elapsed": 742.7845239639282, "tp": 45125, "fp": 330573, "precision": 0.12010976901660377, "recall": 1.2419155084629145, "f1": 0.21903585392432162, "min_score": 0.05000044405460358, "AP": 39.156797261995244, "AP50": 58.60925211187343, "AP75": 41.81363970269815, "APs": 21.924380575860347, "APm": 42.795287104839254, "APl": 51.30035736958386}