{"quality": 77, "model": "R101_C4", "elapsed": 1590.1669528484344, "tp": 27855, "fp": 16270, "precision": 0.6312747875354108, "recall": 0.7666162102655841, "f1": 0.692393736017897, "min_score": 0.5000043511390686, "AP": 37.183543304201756, "AP50": 54.46620349205025, "AP75": 40.378236606252635, "APs": 17.396539288570775, "APm": 41.32784843995289, "APl": 52.846596392185}