{"quality": 72, "model": "R50_DC5", "elapsed": 992.3332431316376, "tp": 42600, "fp": 127524, "precision": 0.2504055865133667, "recall": 1.1724232833356267, "f1": 0.4126727340537346, "min_score": 0.0500001423060894, "AP": 37.627555233424395, "AP50": 58.745565390927204, "AP75": 40.173487227788264, "APs": 19.21192022277607, "APm": 41.81194037252231, "APl": 50.92794559477647}