{"quality": 89, "model": "X101", "elapsed": 2949.87442278862, "tp": 26382, "fp": 10228, "precision": 0.7206227806610216, "recall": 0.7260767854685565, "f1": 0.7233395023647954, "min_score": 0.5000003576278687, "AP": 39.3776806120873, "AP50": 56.661851535992504, "AP75": 43.457302344139976, "APs": 22.09209564374471, "APm": 42.4993681289522, "APl": 52.14314645464045}