{"quality": 51, "model": "R101_C4", "elapsed": 1599.5933923721313, "tp": 26506, "fp": 15653, "precision": 0.628715102350625, "recall": 0.7294894729599559, "f1": 0.6753637220679287, "min_score": 0.5000181198120117, "AP": 35.3297925097076, "AP50": 51.92920872176588, "AP75": 38.403964269916, "APs": 15.405212356628617, "APm": 39.25117542405921, "APl": 51.26375876818422}