{"quality": 93, "model": "X101", "elapsed": 2950.2168526649475, "tp": 26432, "fp": 10384, "precision": 0.717948717948718, "recall": 0.7274528691344434, "f1": 0.7226695465543874, "min_score": 0.5000362396240234, "AP": 39.42297242472449, "AP50": 56.769605238912476, "AP75": 43.58603784135873, "APs": 22.007518356767957, "APm": 42.633745428235166, "APl": 51.965025933512166}