{"quality": 86, "model": "R50_C4", "elapsed": 1292.1302046775818, "tp": 42136, "fp": 135279, "precision": 0.23749964771862583, "recall": 1.1596532269161965, "f1": 0.39425497076023397, "min_score": 0.05000002309679985, "AP": 37.87761303052521, "AP50": 57.80982384125439, "AP75": 40.882643502610186, "APs": 19.35641589702361, "APm": 42.03893283367465, "APl": 52.49268421935586}