{"quality": 57, "model": "R101_C4", "elapsed": 1600.6570208072662, "tp": 41903, "fp": 125284, "precision": 0.25063551591929994, "recall": 1.1532406770331636, "f1": 0.41177857921993694, "min_score": 0.050000935792922974, "AP": 38.52467160160451, "AP50": 58.13526535168199, "AP75": 41.11878123782677, "APs": 19.842993021362858, "APm": 42.8756944233358, "APl": 53.63315856787389}