{"quality": 63, "model": "R101_FPN", "elapsed": 650.031574010849, "tp": 41498, "fp": 90194, "precision": 0.3151140540047991, "recall": 1.1420943993394799, "f1": 0.4939444255982669, "min_score": 0.05000065267086029, "AP": 39.99734089077425, "AP50": 60.08326752984438, "AP75": 43.27214704502933, "APs": 22.186418791172876, "APm": 43.57126950476914, "APl": 52.872556960433435}