{"quality": 24, "model": "R101_DC5", "elapsed": 1132.1335878372192, "tp": 24106, "fp": 15515, "precision": 0.6084147295626057, "recall": 0.6634374569973854, "f1": 0.6347358997314235, "min_score": 0.5000309348106384, "AP": 29.57928097654472, "AP50": 45.916677417048305, "AP75": 31.3514994648783, "APs": 12.474223184887057, "APm": 33.09703624654886, "APl": 42.643604112894025}