{"quality": 49, "model": "R101", "elapsed": 701.566232919693, "tp": 17767, "fp": 3837, "precision": 0.8223940011109054, "recall": 0.488977569836246, "f1": 0.6133001950327068, "min_score": 0.5000020265579224, "AP": 30.333621001309453, "AP50": 42.63141784208783, "AP75": 33.282227477535265, "APs": 11.989906035068456, "APm": 33.4388336640799, "APl": 43.07736998849961}