{"quality": 43, "model": "X101", "elapsed": 2926.1104369163513, "tp": 39779, "fp": 70719, "precision": 0.3599974660174845, "recall": 1.0947846429062886, "f1": 0.5418264286638562, "min_score": 0.050000548362731934, "AP": 39.10058770759217, "AP50": 59.11255827975995, "AP75": 41.87257179736192, "APs": 22.0651654242152, "APm": 42.093298592067356, "APl": 52.11338063695714}