{"quality": 53, "model": "R101_FPN", "elapsed": 650.1019883155823, "tp": 41165, "fp": 90910, "precision": 0.3116789702820367, "recall": 1.1329296821246733, "f1": 0.48886645686123154, "min_score": 0.05000033974647522, "AP": 39.07634872637244, "AP50": 59.16431052154243, "AP75": 42.12385752958115, "APs": 21.484956871889597, "APm": 42.54457547205058, "APl": 52.145296348444504}