{"quality": 53, "model": "R50", "elapsed": 499.7182402610779, "tp": 43973, "fp": 366974, "precision": 0.10700406621778477, "recall": 1.2102105408008808, "f1": 0.19662315943856448, "min_score": 0.05000005662441254, "AP": 35.55295860442736, "AP50": 54.231957738854085, "AP75": 37.62695377313421, "APs": 18.889407259380494, "APm": 38.733185207461, "APl": 47.652771382138276}