{"quality": 1, "model": "R50_DC5", "elapsed": 1000.8811769485474, "tp": 673, "fp": 13269, "precision": 0.048271410127671784, "recall": 0.018522086142837485, "f1": 0.02677168486584323, "min_score": 0.5000028014183044, "AP": 0.5087684015312334, "AP50": 0.9368909343735478, "AP75": 0.5016191922979035, "APs": 0.17385480765686506, "APm": 0.5872705247545779, "APl": 0.7751642554775597}