{"quality": 31, "model": "R50", "elapsed": 499.7028863430023, "tp": 42835, "fp": 383901, "precision": 0.10037821978928424, "recall": 1.1788908765652952, "f1": 0.1850040274601519, "min_score": 0.050000015646219254, "AP": 32.30216294683903, "AP50": 49.9116076410333, "AP75": 34.17703365742813, "APs": 17.246882942163744, "APm": 35.39412726139125, "APl": 43.97595154440997}