{"quality": 83, "model": "R50", "elapsed": 484.0683271884918, "tp": 18328, "fp": 4169, "precision": 0.814686402631462, "recall": 0.5044172285674969, "f1": 0.6230622790318193, "min_score": 0.5000124573707581, "AP": 30.81563537686301, "AP50": 43.22624954825191, "AP75": 34.06442343359666, "APs": 12.785234835191318, "APm": 34.08664812678614, "APl": 43.705992620746564}