{"quality": 64, "model": "R50", "elapsed": 484.13396739959717, "tp": 17546, "fp": 3891, "precision": 0.8184913933852684, "recall": 0.482895280033026, "f1": 0.6074222806896075, "min_score": 0.5000092387199402, "AP": 29.694320189845698, "AP50": 41.85579680841459, "AP75": 32.57443160123559, "APs": 12.026528162801393, "APm": 32.594315672173124, "APl": 42.75005870577345}