{"quality": 81, "model": "R101_FPN", "elapsed": 650.3615601062775, "tp": 42027, "fp": 91139, "precision": 0.3155985762131475, "recall": 1.1566533645245631, "f1": 0.4958908796998248, "min_score": 0.05000046640634537, "AP": 41.27115492904, "AP50": 61.44105276182849, "AP75": 45.03306493390689, "APs": 24.71820108376319, "APm": 44.58394991972025, "APl": 53.92501170605291}