{"quality": 83, "model": "X101", "elapsed": 2945.7072649002075, "tp": 26103, "fp": 10085, "precision": 0.7213164584945285, "recall": 0.7183982386129076, "f1": 0.7198543910207795, "min_score": 0.5000212788581848, "AP": 38.88239713624407, "AP50": 56.09201125332645, "AP75": 42.92859634265612, "APs": 21.516075885730412, "APm": 42.10175715869445, "APl": 51.76033078315788}