{"quality": 49, "model": "R50_DC5", "elapsed": 1897.1296224594116, "tp": 26515, "fp": 16717, "precision": 0.6133188378978535, "recall": 0.7297371680198156, "f1": 0.6664823356416605, "min_score": 0.5000137090682983, "AP": 33.52392502833137, "AP50": 51.47738670651355, "AP75": 36.616449184867136, "APs": 14.955887496669934, "APm": 36.97918570006119, "APl": 47.702091578712604}