{"quality": 96, "model": "R101", "elapsed": 667.3354806900024, "tp": 45562, "fp": 330383, "precision": 0.12119325965234276, "recall": 1.2539424797027658, "f1": 0.22102454642475985, "min_score": 0.0500001460313797, "AP": 40.38015070978212, "AP50": 60.20826622175848, "AP75": 43.12444990861549, "APs": 23.811844541405165, "APm": 44.33309235608098, "APl": 52.13202459861477}