{"quality": 55, "model": "R50", "elapsed": 483.8778040409088, "tp": 17079, "fp": 3822, "precision": 0.8171379359839243, "recall": 0.47004265859364247, "f1": 0.5967922286672723, "min_score": 0.5000239610671997, "AP": 28.825184958001348, "AP50": 40.57963673462112, "AP75": 31.900075167213473, "APs": 11.313089005483294, "APm": 31.50043449022011, "APl": 42.099233466150395}