{"quality": 68, "model": "X101", "elapsed": 2932.339796066284, "tp": 25386, "fp": 9741, "precision": 0.7226919463660432, "recall": 0.6986651988440897, "f1": 0.7104754974671854, "min_score": 0.5000044107437134, "AP": 37.82982470732705, "AP50": 54.90747060000282, "AP75": 41.82806738941976, "APs": 19.518061777976843, "APm": 41.03794186777611, "APl": 51.62104407629806}