{"quality": 32, "model": "R101_C4", "elapsed": 1621.5483629703522, "tp": 40679, "fp": 134307, "precision": 0.23247002617352244, "recall": 1.1195541488922527, "f1": 0.3849972316996418, "min_score": 0.05000060424208641, "AP": 35.28195558049372, "AP50": 53.85149438751407, "AP75": 37.44819521224823, "APs": 16.035949072051977, "APm": 39.30986543933189, "APl": 50.7032499455571}