{"quality": 63, "model": "R101_DC5", "elapsed": 1127.9790813922882, "tp": 27473, "fp": 16253, "precision": 0.6282989525682661, "recall": 0.7561029310582084, "f1": 0.6863016949575949, "min_score": 0.5000091195106506, "AP": 36.13480130449533, "AP50": 54.122145471402725, "AP75": 39.270089770702185, "APs": 16.70584409931613, "APm": 40.274895225668004, "APl": 50.63522270083548}