{"quality": 100, "model": "R101_C4", "elapsed": 1620.1845903396606, "tp": 43104, "fp": 127583, "precision": 0.25253241313046687, "recall": 1.1862942066877666, "f1": 0.4164195109698486, "min_score": 0.05000070855021477, "AP": 41.013343757933676, "AP50": 61.25271723814873, "AP75": 44.16342158668377, "APs": 22.105071064132314, "APm": 45.39688883309424, "APl": 55.877421230226375}