{"quality": 8, "model": "R50_DC5", "elapsed": 1072.6153659820557, "tp": 23981, "fp": 226996, "precision": 0.09555058830092, "recall": 0.6599972478326682, "f1": 0.16693350782424682, "min_score": 0.050000742077827454, "AP": 8.412205490973593, "AP50": 15.188465510388852, "AP75": 8.01179865073252, "APs": 4.028751257875732, "APm": 10.003940765903195, "APl": 12.107710233955592}