{"quality": 83, "model": "R101_C4", "elapsed": 1590.6899209022522, "tp": 28116, "fp": 16518, "precision": 0.6299233767979567, "recall": 0.7737993670015136, "f1": 0.6944880139312576, "min_score": 0.5000075101852417, "AP": 37.49405887494838, "AP50": 54.9419974894394, "AP75": 40.62873249657846, "APs": 18.335118372222873, "APm": 41.19969471021832, "APl": 52.897335597020664}