{"quality": 76, "model": "R50_FPN", "elapsed": 485.7064926624298, "tp": 42175, "fp": 106036, "precision": 0.2845605251971851, "recall": 1.1607265721755882, "f1": 0.45706761457847905, "min_score": 0.05000180006027222, "AP": 39.07830958580376, "AP50": 59.56738741440964, "AP75": 42.423528767148596, "APs": 23.019072636681088, "APm": 42.209339874480115, "APl": 51.251480118617074}