{"quality": 97, "model": "R50_FPN", "elapsed": 545.7780437469482, "tp": 25879, "fp": 11363, "precision": 0.6948874926158638, "recall": 0.7122333837897344, "f1": 0.7034535248786985, "min_score": 0.5000027418136597, "AP": 36.60192260449226, "AP50": 53.89670549057656, "AP75": 40.610324273149125, "APs": 18.98395235964801, "APm": 40.096569069183786, "APl": 48.974875659009285}