{"quality": 77, "model": "R101_FPN", "elapsed": 647.936128616333, "tp": 25218, "fp": 9899, "precision": 0.7181137340889028, "recall": 0.6940415577267098, "f1": 0.7058724738285842, "min_score": 0.5000001788139343, "AP": 37.136708350351164, "AP50": 53.75998631584854, "AP75": 41.3520737736205, "APs": 19.246602865076, "APm": 40.63665156118006, "APl": 50.603047630725385}