{"quality": 50, "model": "R101_C4", "elapsed": 1599.086419582367, "tp": 26478, "fp": 15725, "precision": 0.6273961566713266, "recall": 0.7287188661070593, "f1": 0.6742723267717539, "min_score": 0.5000048875808716, "AP": 35.20526280795519, "AP50": 51.788830569416255, "AP75": 38.055944412827124, "APs": 15.422281923849454, "APm": 39.18535377462693, "APl": 50.73864993865958}