{"quality": 58, "model": "R101_C4", "elapsed": 1600.3487560749054, "tp": 41947, "fp": 124990, "precision": 0.25127443286988504, "recall": 1.1544516306591441, "f1": 0.41271793459010586, "min_score": 0.05000022053718567, "AP": 38.739929784660255, "AP50": 58.407614217950744, "AP75": 41.60168624997361, "APs": 20.01427222457935, "APm": 43.09676804101426, "APl": 54.04441643229907}