{"quality": 71, "model": "R101_FPN", "elapsed": 647.526957988739, "tp": 24931, "fp": 9744, "precision": 0.7189906272530642, "recall": 0.6861428374845191, "f1": 0.7021827911561752, "min_score": 0.5000891089439392, "AP": 36.803492611110485, "AP50": 53.45657135847698, "AP75": 40.980610162945815, "APs": 18.655527121203374, "APm": 40.370601009209686, "APl": 50.2209909015735}