{"quality": 23, "model": "R50_FPN", "elapsed": 554.8991456031799, "tp": 20108, "fp": 9499, "precision": 0.6791637112844935, "recall": 0.5534058070730701, "f1": 0.6098692790634194, "min_score": 0.5000110864639282, "AP": 26.05926036374987, "AP50": 40.32283811434877, "AP75": 28.365140943609724, "APs": 11.267573475195425, "APm": 29.309221063668716, "APl": 37.22512487709307}