{"quality": 22, "model": "R50", "elapsed": 500.8138105869293, "tp": 41388, "fp": 404339, "precision": 0.09285504355805235, "recall": 1.1390670152745286, "f1": 0.17171235235301682, "min_score": 0.05000007525086403, "AP": 27.899119572375398, "AP50": 44.25647780782015, "AP75": 28.89061195482001, "APs": 13.107449096663332, "APm": 30.513100008979798, "APl": 38.374112223119226}