{"quality": 15, "model": "R101_FPN", "elapsed": 647.6530239582062, "tp": 34240, "fp": 107043, "precision": 0.24235045971560626, "recall": 0.9423420943993395, "f1": 0.3855465099257958, "min_score": 0.05000011622905731, "AP": 23.025785972559387, "AP50": 37.737337668622665, "AP75": 23.878773544477884, "APs": 11.264119727772899, "APm": 25.327820045966327, "APl": 32.03510586627568}