{"quality": 39, "model": "R50_C4", "elapsed": 1332.8045608997345, "tp": 25284, "fp": 17018, "precision": 0.5977022363008841, "recall": 0.6958579881656805, "f1": 0.643056067754365, "min_score": 0.500024676322937, "AP": 31.4967830809639, "AP50": 47.803997479508325, "AP75": 34.34961135040469, "APs": 13.112068850046448, "APm": 34.66314807316068, "APl": 46.61811074319923}