{"quality": 72, "model": "R101_FPN", "elapsed": 647.8819916248322, "tp": 25004, "fp": 9775, "precision": 0.7189395899824607, "recall": 0.688151919636714, "f1": 0.7032089321371319, "min_score": 0.500014066696167, "AP": 36.886261101824495, "AP50": 53.557397811642446, "AP75": 41.025222979686106, "APs": 18.826470287321975, "APm": 40.39382844614356, "APl": 50.45869714602367}