{"quality": 67, "model": "R50_C4", "elapsed": 1367.4646887779236, "tp": 26647, "fp": 16654, "precision": 0.6153899448049699, "recall": 0.7333700288977569, "f1": 0.669219950776031, "min_score": 0.5000094771385193, "AP": 34.12629397018457, "AP50": 51.02440534308621, "AP75": 37.30781860943221, "APs": 15.13028726011319, "APm": 37.45482554132791, "APl": 49.54497516460597}