{"quality": 77, "model": "X101", "elapsed": 2950.2463898658752, "tp": 25793, "fp": 9880, "precision": 0.7230398340481596, "recall": 0.709866519884409, "f1": 0.7163926230418842, "min_score": 0.5000338554382324, "AP": 38.52592214570461, "AP50": 55.66933685971662, "AP75": 42.452769008274686, "APs": 20.922313410633773, "APm": 41.785540769032075, "APl": 51.369659565039605}