{"quality": 6, "model": "R50_FPN", "elapsed": 479.5273549556732, "tp": 13653, "fp": 120920, "precision": 0.10145422930305485, "recall": 0.37575340580707306, "f1": 0.15977016874575795, "min_score": 0.05000041052699089, "AP": 4.625294712026668, "AP50": 8.269325872724677, "AP75": 4.48429498517492, "APs": 2.373356182312158, "APm": 5.208921768990552, "APl": 6.762072259680838}