{"quality": 66, "model": "R50_C4", "elapsed": 1368.7037887573242, "tp": 26638, "fp": 16689, "precision": 0.6148129341980751, "recall": 0.7331223338378974, "f1": 0.6687755768120308, "min_score": 0.5000142455101013, "AP": 34.09079366180926, "AP50": 50.98773293456807, "AP75": 37.33426532226939, "APs": 14.93234944531342, "APm": 37.52010631914058, "APl": 49.397365414207975}