{"quality": 41, "model": "R101_DC5", "elapsed": 1135.2155675888062, "tp": 42048, "fp": 124857, "precision": 0.2519277433270423, "recall": 1.1572313196642356, "f1": 0.4137768155874828, "min_score": 0.050000015646219254, "AP": 36.69850083182815, "AP50": 56.942603156673734, "AP75": 39.04121112341674, "APs": 18.03411252653001, "APm": 40.669244555395856, "APl": 50.92196659436797}