{"quality": 56, "model": "R50_C4", "elapsed": 1310.2604265213013, "tp": 41075, "fp": 141918, "precision": 0.2244621378959851, "recall": 1.1304527315260768, "f1": 0.3745531806244529, "min_score": 0.050000693649053574, "AP": 35.89665338224628, "AP50": 55.43277486469606, "AP75": 38.57470343296841, "APs": 17.40452278660989, "APm": 39.73245668295499, "APl": 50.76703836545771}