{"quality": 63, "model": "R101_C4", "elapsed": 1598.7340760231018, "tp": 42116, "fp": 124889, "precision": 0.252184066345319, "recall": 1.1591027934498417, "f1": 0.41424215599488534, "min_score": 0.05000273510813713, "AP": 39.079113302735216, "AP50": 58.83182149270376, "AP75": 41.87411902173756, "APs": 20.273927950592014, "APm": 43.41840088844011, "APl": 54.44839828946575}