{"quality": 96, "model": "R50_C4", "elapsed": 1372.8419592380524, "tp": 28257, "fp": 18083, "precision": 0.609775571860164, "recall": 0.7776799229393148, "f1": 0.6835681886906562, "min_score": 0.5000014901161194, "AP": 35.79139952953598, "AP50": 53.55301086292388, "AP75": 39.20961912747677, "APs": 17.585309665188458, "APm": 39.72068902093086, "APl": 50.55217846452101}