{"quality": 20, "model": "R101_C4", "elapsed": 1671.3935322761536, "tp": 38593, "fp": 154132, "precision": 0.20024905954079647, "recall": 1.0621439383514517, "f1": 0.33696847987426876, "min_score": 0.05000030994415283, "AP": 29.89408727583576, "AP50": 46.83637607481551, "AP75": 31.574651118733993, "APs": 12.468697230227384, "APm": 33.07928294771888, "APl": 43.93902897938743}