{"quality": 30, "model": "X101", "elapsed": 2921.9326107501984, "tp": 38744, "fp": 73392, "precision": 0.34550902475565387, "recall": 1.0662997110224302, "f1": 0.521906634965751, "min_score": 0.050002630800008774, "AP": 36.40134080781725, "AP50": 56.12372535477959, "AP75": 38.75255621760999, "APs": 19.916367440853417, "APm": 39.450905476628016, "APl": 49.196496229830075}