{"quality": 49, "model": "R50", "elapsed": 483.7948977947235, "tp": 16812, "fp": 3792, "precision": 0.8159580663948748, "recall": 0.46269437181780654, "f1": 0.5905267040165791, "min_score": 0.5000099539756775, "AP": 28.19489879716595, "AP50": 39.825040543523585, "AP75": 31.219209222737305, "APs": 10.708968320686047, "APm": 31.034318608336097, "APl": 41.38724682308041}