{"quality": 70, "model": "R50_FPN", "elapsed": 559.6170737743378, "tp": 24614, "fp": 10627, "precision": 0.6984478306517976, "recall": 0.6774184670427962, "f1": 0.6877724376886107, "min_score": 0.5000017881393433, "AP": 34.91930685712022, "AP50": 51.741086476456424, "AP75": 38.70720426462635, "APs": 17.113338283748316, "APm": 38.04159798937843, "APl": 48.18011024253274}