{"quality": 6, "model": "R101_FPN", "elapsed": 639.6087510585785, "tp": 3487, "fp": 4191, "precision": 0.45415472779369626, "recall": 0.09596807485895142, "f1": 0.15845318428646082, "min_score": 0.5000680685043335, "AP": 3.876223108672926, "AP50": 6.337913678865773, "AP75": 4.066493842825876, "APs": 1.128062184538042, "APm": 4.501800079577089, "APl": 5.350548638679937}