{"quality": 20, "model": "R50", "elapsed": 483.069180727005, "tp": 13149, "fp": 3077, "precision": 0.8103660791322569, "recall": 0.36188248245493326, "f1": 0.5003329464812313, "min_score": 0.5000159740447998, "AP": 20.08130213914111, "AP50": 29.441765195042308, "AP75": 22.13859702822719, "APs": 6.4419793214774534, "APm": 22.273555069170115, "APl": 30.182960851381534}