{"quality": 8, "model": "R101_C4", "elapsed": 1844.7768959999084, "tp": 10117, "fp": 13142, "precision": 0.4349714089169784, "recall": 0.27843676895555247, "f1": 0.33953082525086414, "min_score": 0.5000161528587341, "AP": 8.393227856162168, "AP50": 13.70040551335508, "AP75": 8.63210051301909, "APs": 2.8311816838154638, "APm": 9.233193912538155, "APl": 12.996942714707416}