{"quality": 2, "model": "R101_DC5", "elapsed": 1104.3455066680908, "tp": 651, "fp": 5224, "precision": 0.11080851063829787, "recall": 0.017916609329847254, "f1": 0.03084577114427861, "min_score": 0.5000364780426025, "AP": 0.7367136637983326, "AP50": 1.3122176531367946, "AP75": 0.7101908631826096, "APs": 0.18633022546705907, "APm": 0.7144720162598409, "APl": 1.282416186483244}