{"quality": 69, "model": "X101", "elapsed": 2945.45334649086, "tp": 25445, "fp": 9721, "precision": 0.7235682193027356, "recall": 0.7002889775698362, "f1": 0.7117382973664703, "min_score": 0.5000205636024475, "AP": 37.952804848510134, "AP50": 55.049727923819326, "AP75": 42.112956077854, "APs": 20.071865445461835, "APm": 41.21673198296563, "APl": 51.022847939380966}