{"quality": 76, "model": "R50_DC5", "elapsed": 987.2446670532227, "tp": 42671, "fp": 127760, "precision": 0.25037111793042344, "recall": 1.1743773221411862, "f1": 0.412746776549336, "min_score": 0.05000051483511925, "AP": 37.85061544396636, "AP50": 59.01100812640379, "AP75": 40.73581653546627, "APs": 19.834415725128622, "APm": 41.91610379609631, "APl": 51.35133580000728}