{"quality": 82, "model": "R50_C4", "elapsed": 1356.2270374298096, "tp": 27389, "fp": 16974, "precision": 0.617383855915966, "recall": 0.7537911104995184, "f1": 0.6788024486356539, "min_score": 0.5000282526016235, "AP": 35.01065509701062, "AP50": 52.11211939102554, "AP75": 38.38681190868025, "APs": 15.833636338286425, "APm": 38.70461771922758, "APl": 50.02489981183885}