{"quality": 84, "model": "R101", "elapsed": 667.2699851989746, "tp": 45330, "fp": 329909, "precision": 0.12080300821609694, "recall": 1.2475574514930508, "f1": 0.22027630511159596, "min_score": 0.05000002309679985, "AP": 39.668890376623395, "AP50": 59.229534228650536, "AP75": 42.04245806275509, "APs": 22.55613671848454, "APm": 43.53714625037814, "APl": 51.40047205532496}