{"quality": 46, "model": "R101_C4", "elapsed": 1601.44580078125, "tp": 26334, "fp": 15539, "precision": 0.6289016788861558, "recall": 0.7247557451493051, "f1": 0.6734349427168576, "min_score": 0.5000014901161194, "AP": 35.01730823669574, "AP50": 51.62022432784451, "AP75": 38.01838007242957, "APs": 15.07165363565474, "APm": 39.15346759303712, "APl": 50.8808976278677}