{"quality": 24, "model": "X101", "elapsed": 2951.7543683052063, "tp": 21435, "fp": 9332, "precision": 0.6966880098807163, "recall": 0.589927067565708, "f1": 0.6388781258382761, "min_score": 0.5000050663948059, "AP": 29.96606346899892, "AP50": 45.14509462281, "AP75": 32.382730021601894, "APs": 13.598339086118896, "APm": 33.279509936711165, "APl": 41.825025340208654}