{"quality": 24, "model": "R101_C4", "elapsed": 1641.4800989627838, "tp": 23700, "fp": 15567, "precision": 0.6035602414240966, "recall": 0.652263657630384, "f1": 0.6269675405412556, "min_score": 0.5000343918800354, "AP": 29.88124954531235, "AP50": 44.911905136139765, "AP75": 32.122217591146544, "APs": 11.915346286721713, "APm": 33.38747669168256, "APl": 44.6591523678076}