{"quality": 30, "model": "R50_C4", "elapsed": 1374.1942093372345, "tp": 39716, "fp": 164018, "precision": 0.19494046158225922, "recall": 1.0930507774872713, "f1": 0.33087154109860084, "min_score": 0.050000566989183426, "AP": 32.14072266305742, "AP50": 50.57265015133909, "AP75": 34.293298024674854, "APs": 14.331984420763511, "APm": 35.54331456051903, "APl": 46.514437670356806}