{"quality": 15, "model": "R101", "elapsed": 700.5842332839966, "tp": 11469, "fp": 2797, "precision": 0.8039394364222627, "recall": 0.31564607128113387, "f1": 0.4533111993834114, "min_score": 0.5000143051147461, "AP": 16.703323844428652, "AP50": 24.67950499186864, "AP75": 18.51099444830403, "APs": 5.720419955362675, "APm": 18.955841521937323, "APl": 24.71075044176229}