{"quality": 49, "model": "R101_C4", "elapsed": 1598.8503739833832, "tp": 26463, "fp": 15700, "precision": 0.6276356046770866, "recall": 0.7283060410072932, "f1": 0.6742337384391959, "min_score": 0.5000110864639282, "AP": 35.207811256556, "AP50": 51.86507570294232, "AP75": 38.123815558153765, "APs": 15.36695455390977, "APm": 39.215212359723054, "APl": 51.04757271816932}