{"quality": 37, "model": "R50_FPN", "elapsed": 553.0809755325317, "tp": 22543, "fp": 9811, "precision": 0.6967608332818198, "recall": 0.6204210816017613, "f1": 0.6563787506005329, "min_score": 0.5000073909759521, "AP": 31.501525994083046, "AP50": 47.28876465210389, "AP75": 34.69529485837162, "APs": 14.770979044981072, "APm": 34.55743150162977, "APl": 44.717782670070896}