{"quality": 3, "model": "R101_DC5", "elapsed": 1111.3993589878082, "tp": 4112, "fp": 101462, "precision": 0.038948983651277774, "recall": 0.1131691206825375, "f1": 0.057952631616035616, "min_score": 0.05000012367963791, "AP": 1.223287841801195, "AP50": 2.167552641707763, "AP75": 1.1959762197845158, "APs": 0.43309023441990213, "APm": 1.121472402930322, "APl": 2.29489217636522}