{"quality": 41, "model": "R50", "elapsed": 499.0443570613861, "tp": 43587, "fp": 373555, "precision": 0.1044895982662978, "recall": 1.199587174900234, "f1": 0.1922346668077984, "min_score": 0.050000034272670746, "AP": 34.227762653765005, "AP50": 52.51275149988038, "AP75": 36.0515483239957, "APs": 17.602034642855696, "APm": 37.42390991528228, "APl": 46.31871220793313}