{"quality": 51, "model": "R101_DC5", "elapsed": 1134.107528924942, "tp": 42412, "fp": 122820, "precision": 0.2566815144766147, "recall": 1.1672492087518922, "f1": 0.4208228529471591, "min_score": 0.05000033974647522, "AP": 37.70662698785397, "AP50": 58.160053668647684, "AP75": 40.24586723942473, "APs": 18.87137440402313, "APm": 41.63718473057606, "APl": 52.12077923804552}