{"quality": 7, "model": "R101_DC5", "elapsed": 1132.5882306098938, "tp": 20954, "fp": 183313, "precision": 0.10258142529140782, "recall": 0.5766891426998761, "f1": 0.17417976575423316, "min_score": 0.050000257790088654, "AP": 7.196328867323352, "AP50": 12.756535159215737, "AP75": 7.005988392267663, "APs": 2.87990212794236, "APm": 8.26056410947942, "APl": 10.92605030785934}