{"quality": 48, "model": "R50", "elapsed": 483.92121267318726, "tp": 16771, "fp": 3746, "precision": 0.817419700735975, "recall": 0.4615659832117793, "f1": 0.5899880391191163, "min_score": 0.5000001192092896, "AP": 28.117138350387155, "AP50": 39.708439949713956, "AP75": 31.038044283792065, "APs": 10.703699743532846, "APm": 30.744801440924302, "APl": 41.39433194658365}