{"quality": 30, "model": "X101", "elapsed": 2951.583020210266, "tp": 22799, "fp": 9233, "precision": 0.711756993006993, "recall": 0.6274666299711023, "f1": 0.6669592054646247, "min_score": 0.5000043511390686, "AP": 32.89701699569748, "AP50": 48.936163036308535, "AP75": 35.87765358614829, "APs": 15.449569332999062, "APm": 35.86886050999244, "APl": 45.92242774969226}