{"quality": 22, "model": "X101", "elapsed": 2952.201100587845, "tp": 37157, "fp": 79195, "precision": 0.31934990374037403, "recall": 1.0226228154671804, "f1": 0.48670810219599575, "min_score": 0.050000857561826706, "AP": 31.818826117866863, "AP50": 50.29990825312664, "AP75": 33.375897628896304, "APs": 16.128662534265466, "APm": 35.21256227719724, "APl": 43.653744850228605}