{"quality": 53, "model": "R50_FPN", "elapsed": 556.0957217216492, "tp": 23698, "fp": 10165, "precision": 0.6998198623866757, "recall": 0.6522086142837484, "f1": 0.6751759309382033, "min_score": 0.5000131130218506, "AP": 33.5136785897016, "AP50": 49.922543152207986, "AP75": 37.2687460970087, "APs": 15.80807148661702, "APm": 36.75616870330984, "APl": 46.99539470651637}