{"quality": 35, "model": "R101_FPN", "elapsed": 650.101126909256, "tp": 40336, "fp": 93540, "precision": 0.3012937345005826, "recall": 1.1101142149442687, "f1": 0.47395291726151656, "min_score": 0.050000183284282684, "AP": 36.801737820875395, "AP50": 56.381357471234516, "AP75": 39.671154711287514, "APs": 19.74487788980067, "APm": 39.70372620300841, "APl": 50.28215191173872}