{"quality": 92, "model": "R101", "elapsed": 667.5271532535553, "tp": 45469, "fp": 329997, "precision": 0.12110017951026192, "recall": 1.2513829640842162, "f1": 0.22082996398745997, "min_score": 0.05000010132789612, "AP": 40.08520023446033, "AP50": 59.725522919707444, "AP75": 42.73065001949762, "APs": 23.459521944394734, "APm": 43.88127361041057, "APl": 52.37376762764556}