{"quality": 86, "model": "R101", "elapsed": 696.9531557559967, "tp": 19275, "fp": 4238, "precision": 0.8197592820992642, "recall": 0.5304802531993945, "f1": 0.6441318005614223, "min_score": 0.5000149607658386, "AP": 32.914398306096295, "AP50": 46.009486494690265, "AP75": 36.217468450483736, "APs": 14.32401030113946, "APm": 36.670827514965666, "APl": 45.35582954646435}