{"quality": 82, "model": "R101_FPN", "elapsed": 650.3964664936066, "tp": 42084, "fp": 91038, "precision": 0.31613106774237165, "recall": 1.158222099903674, "f1": 0.4966923762370395, "min_score": 0.05000048130750656, "AP": 41.2946495087317, "AP50": 61.626672227227594, "AP75": 44.86703947773345, "APs": 24.83163119078578, "APm": 44.51906530800243, "APl": 54.033282481983115}