{"quality": 40, "model": "R101_DC5", "elapsed": 1128.9737720489502, "tp": 26419, "fp": 15989, "precision": 0.6229720807394831, "recall": 0.7270950873813128, "f1": 0.6710183762366179, "min_score": 0.5000028610229492, "AP": 34.27961781748739, "AP50": 51.664525949402716, "AP75": 37.28369153188137, "APs": 15.291559767335505, "APm": 37.98467352362211, "APl": 48.655503142155226}