{"quality": 87, "model": "X101", "elapsed": 2933.4863300323486, "tp": 41255, "fp": 68895, "precision": 0.37453472537448934, "recall": 1.1354066327232695, "f1": 0.5632658633989829, "min_score": 0.05000191554427147, "AP": 42.75670075483599, "AP50": 63.439388070028144, "AP75": 46.55611877131442, "APs": 26.988211777834533, "APm": 45.76077828051366, "APl": 54.55402380557041}