{"quality": 75, "model": "R50", "elapsed": 484.1022675037384, "tp": 18011, "fp": 3993, "precision": 0.8185329940010907, "recall": 0.49569285812577407, "f1": 0.6174600181696634, "min_score": 0.5000124573707581, "AP": 30.381979204955663, "AP50": 42.76311241738628, "AP75": 33.441693190706005, "APs": 12.424832259984276, "APm": 33.56418646976353, "APl": 43.55587707969617}