{"quality": 52, "model": "R101_DC5", "elapsed": 1133.4678585529327, "tp": 42455, "fp": 123036, "precision": 0.2565396305539274, "recall": 1.1684326407045549, "f1": 0.42070892749199806, "min_score": 0.050000231713056564, "AP": 37.77489926560463, "AP50": 58.39181330690341, "AP75": 40.24219060391434, "APs": 18.879542802860144, "APm": 41.74081013549841, "APl": 52.018895039111534}