{"quality": 3, "model": "R101", "elapsed": 663.974066734314, "tp": 6400, "fp": 339793, "precision": 0.01848679782664583, "recall": 0.1761387092335214, "f1": 0.033461602810774635, "min_score": 0.050000205636024475, "AP": 1.1567426597891965, "AP50": 2.214547805067274, "AP75": 0.9899941879513211, "APs": 0.40756189990809494, "APm": 1.0758221787033366, "APl": 2.1996332285919133}