{"quality": 32, "model": "R101_DC5", "elapsed": 1135.6288034915924, "tp": 41300, "fp": 129565, "precision": 0.24171129254089485, "recall": 1.1366451080225677, "f1": 0.3986486486486487, "min_score": 0.050000593066215515, "AP": 35.110556958954724, "AP50": 54.87923073494236, "AP75": 37.15424106633782, "APs": 16.679295362814646, "APm": 38.69970603538353, "APl": 49.41340430857139}