{"quality": 95, "model": "X101", "elapsed": 2951.426202058792, "tp": 26617, "fp": 10433, "precision": 0.7184075573549258, "recall": 0.7325443786982249, "f1": 0.7254070995435036, "min_score": 0.5000117421150208, "AP": 39.63554530642471, "AP50": 57.0927781516006, "AP75": 43.82012347877341, "APs": 22.529544495981785, "APm": 42.94787643564917, "APl": 52.099655852588036}