{"quality": 80, "model": "R50_DC5", "elapsed": 994.0310506820679, "tp": 42943, "fp": 126875, "precision": 0.25287660907559856, "recall": 1.1818632172836108, "f1": 0.4166129040081881, "min_score": 0.050000108778476715, "AP": 38.12999813490788, "AP50": 59.20608124610284, "AP75": 40.91211947707635, "APs": 20.59257667509414, "APm": 42.09823735466465, "APl": 51.64473124322745}