{"quality": 97, "model": "X101", "elapsed": 2951.2525157928467, "tp": 26576, "fp": 10415, "precision": 0.7184450271687708, "recall": 0.7314159900921976, "f1": 0.7248724872487249, "min_score": 0.5000044107437134, "AP": 39.72906737494874, "AP50": 57.16482183185858, "AP75": 44.06052631796326, "APs": 22.527814032861894, "APm": 43.13443893604237, "APl": 52.14896836712326}