{"quality": 64, "model": "R50", "elapsed": 499.07997822761536, "tp": 44307, "fp": 361895, "precision": 0.10907627239649238, "recall": 1.219402779689005, "f1": 0.2002408838131049, "min_score": 0.05000027269124985, "AP": 36.54397744919322, "AP50": 55.35804688878767, "AP75": 38.52128240972614, "APs": 20.351321002426843, "APm": 39.91335939137146, "APl": 48.49307989672258}