{"quality": 99, "model": "R50_FPN", "elapsed": 485.22679805755615, "tp": 42774, "fp": 107956, "precision": 0.283778942479931, "recall": 1.1772120544929132, "f1": 0.45731697538288835, "min_score": 0.05000101029872894, "AP": 40.169916908652695, "AP50": 60.97911085735558, "AP75": 43.85071132071854, "APs": 24.161326603158095, "APm": 43.489442254527944, "APl": 51.802404203128475}