{"quality": 97, "model": "R101", "elapsed": 667.8075268268585, "tp": 45574, "fp": 329944, "precision": 0.12136302387635213, "recall": 1.2542727397825788, "f1": 0.22131197296122648, "min_score": 0.05000009015202522, "AP": 40.395851429110984, "AP50": 60.2052269228149, "AP75": 43.17190397796929, "APs": 23.942453353587982, "APm": 44.31559912368346, "APl": 52.286744238784934}