{"quality": 6, "model": "R50_C4", "elapsed": 1849.4955487251282, "tp": 15474, "fp": 299197, "precision": 0.04917517025718925, "recall": 0.42587037291867347, "f1": 0.08816943300114528, "min_score": 0.05000005289912224, "AP": 4.808575362626744, "AP50": 8.56520436383842, "AP75": 4.630500281774985, "APs": 2.051911601134503, "APm": 5.786913212851236, "APl": 7.58617924377154}