{"quality": 78, "model": "R101_C4", "elapsed": 1590.1672313213348, "tp": 27932, "fp": 16330, "precision": 0.6310605033663187, "recall": 0.7687353791110499, "f1": 0.6931275357643585, "min_score": 0.5000284314155579, "AP": 37.357527356189905, "AP50": 54.652854701006895, "AP75": 40.6776775245634, "APs": 17.660852255986306, "APm": 41.507718866300166, "APl": 53.001764093730245}