{"quality": 2, "model": "R50_C4", "elapsed": 1832.7577555179596, "tp": 710, "fp": 14154, "precision": 0.047766415500538215, "recall": 0.01954038805559378, "f1": 0.027734916697591747, "min_score": 0.5000235438346863, "AP": 0.6447486381268962, "AP50": 1.1458187687167811, "AP75": 0.6278825051670289, "APs": 0.15267193259319253, "APm": 0.6869756038937015, "APl": 1.0556429401568233}