{"quality": 81, "model": "R101_C4", "elapsed": 1589.6772198677063, "tp": 27966, "fp": 16269, "precision": 0.6322143099355714, "recall": 0.7696711160038531, "f1": 0.6942037979396798, "min_score": 0.5000317692756653, "AP": 37.459651685516825, "AP50": 54.70806770336788, "AP75": 40.714643040939386, "APs": 17.94479319287512, "APm": 41.24373112688055, "APl": 52.97680031032984}