{"quality": 16, "model": "R101_C4", "elapsed": 1713.0151393413544, "tp": 20358, "fp": 15595, "precision": 0.5662392568074986, "recall": 0.5602862254025045, "f1": 0.5632470119521913, "min_score": 0.5000096559524536, "AP": 22.91122568214922, "AP50": 35.49991031435011, "AP75": 24.506300915639258, "APs": 8.734648983887737, "APm": 25.635944924401286, "APl": 34.816850203336536}