{"quality": 72, "model": "R101_C4", "elapsed": 1594.3407084941864, "tp": 42423, "fp": 123574, "precision": 0.2555648596058965, "recall": 1.1675519471583873, "f1": 0.41934048988790706, "min_score": 0.050000473856925964, "AP": 39.56511890869522, "AP50": 59.39262250099063, "AP75": 42.43438963859199, "APs": 20.50677028175738, "APm": 43.879689290859055, "APl": 54.929356431288554}