{"quality": 8, "model": "R101", "elapsed": 697.8328018188477, "tp": 4815, "fp": 1413, "precision": 0.773121387283237, "recall": 0.13251685702490712, "f1": 0.22625284871837043, "min_score": 0.5000126957893372, "AP": 6.119489692519312, "AP50": 9.44398032500567, "AP75": 6.6416034840064, "APs": 1.5746912771848296, "APm": 7.177877767339842, "APl": 9.416247594251852}