{"quality": 95, "model": "R101_DC5", "elapsed": 1132.4558317661285, "tp": 43619, "fp": 123983, "precision": 0.2602534575959714, "recall": 1.2004678684464016, "f1": 0.4277693601455351, "min_score": 0.05000019818544388, "AP": 40.537033746864495, "AP50": 61.52647375743283, "AP75": 43.75864114951885, "APs": 23.377697318469437, "APm": 45.03682525940233, "APl": 54.12745889562272}