{"quality": 56, "model": "R101_FPN", "elapsed": 650.1114909648895, "tp": 41258, "fp": 90380, "precision": 0.31342013704249533, "recall": 1.1354891977432229, "f1": 0.49124561685508983, "min_score": 0.0500015914440155, "AP": 39.221483501863716, "AP50": 59.4717243960988, "AP75": 42.191744730746095, "APs": 21.583174834884414, "APm": 42.58818833137382, "APl": 52.16132595619519}