{"quality": 3, "model": "R50", "elapsed": 477.60336089134216, "tp": 298, "fp": 1170, "precision": 0.20299727520435967, "recall": 0.00820145864868584, "f1": 0.015765944501759117, "min_score": 0.5000321269035339, "AP": 0.611028877929964, "AP50": 1.0682117780102174, "AP75": 0.6323464536466735, "APs": 0.0985474565614037, "APm": 0.625400779294662, "APl": 1.074114045045507}