{"quality": 46, "model": "X101", "elapsed": 2951.966650247574, "tp": 24368, "fp": 9385, "precision": 0.721950641424466, "recall": 0.6706481354066327, "f1": 0.6953544115968496, "min_score": 0.5000099539756775, "AP": 36.12839923549813, "AP50": 52.73442255111445, "AP75": 39.829080533718916, "APs": 17.85625013109954, "APm": 39.16495142850616, "APl": 50.03307701610412}