{"quality": 87, "model": "R101", "elapsed": 697.2498548030853, "tp": 19276, "fp": 4241, "precision": 0.8196623719011779, "recall": 0.5305077748727123, "f1": 0.6441221680144356, "min_score": 0.5000314712524414, "AP": 33.01295462701694, "AP50": 46.191822252169224, "AP75": 36.45662996314181, "APs": 14.314275856439847, "APm": 36.94008129461516, "APl": 45.67056059018467}