{"quality": 2, "model": "R50", "elapsed": 494.5431897640228, "tp": 4031, "fp": 397722, "precision": 0.01003352806326275, "recall": 0.11093986514380075, "f1": 0.018402695348879675, "min_score": 0.050000034272670746, "AP": 0.7322764202399332, "AP50": 1.4901005997834533, "AP75": 0.6160975926370056, "APs": 0.2221911001574522, "APm": 0.710981581486533, "APl": 1.450309870972211}