{"quality": 6, "model": "R101_FPN", "elapsed": 643.1340022087097, "tp": 12637, "fp": 83695, "precision": 0.13118174646015862, "recall": 0.34779138571625157, "f1": 0.19050705902748988, "min_score": 0.0500006340444088, "AP": 4.981946738858532, "AP50": 8.645666794686898, "AP75": 5.064363008247844, "APs": 2.1765420513026434, "APm": 5.534718249153826, "APl": 7.20049533206954}