{"quality": 7, "model": "R50_C4", "elapsed": 1848.6990432739258, "tp": 19313, "fp": 303585, "precision": 0.059811457488123186, "recall": 0.5315260767854686, "f1": 0.10752352929714142, "min_score": 0.0500001423060894, "AP": 6.391640739725227, "AP50": 11.323738304568543, "AP75": 6.355692082861145, "APs": 2.648854582548887, "APm": 7.884454727466367, "APl": 10.261468352007284}