{"quality": 61, "model": "R50_C4", "elapsed": 1305.5091123580933, "tp": 41133, "fp": 139552, "precision": 0.2276503306860005, "recall": 1.1320489885785057, "f1": 0.37907105335913743, "min_score": 0.05000014975667, "AP": 36.16111333702136, "AP50": 55.775126300798426, "AP75": 38.81226851177591, "APs": 17.65905762235144, "APm": 39.93363354862159, "APl": 51.417269092748526}