{"quality": 43, "model": "R50_FPN", "elapsed": 560.896993637085, "tp": 23056, "fp": 9945, "precision": 0.6986454955910427, "recall": 0.6345397000137608, "f1": 0.6650513441790701, "min_score": 0.5000013113021851, "AP": 32.386675062808976, "AP50": 48.4311932551434, "AP75": 35.75046377532438, "APs": 15.276192661753493, "APm": 35.26634639227849, "APl": 45.53281484227527}