{"quality": 47, "model": "R101", "elapsed": 701.3008580207825, "tp": 17662, "fp": 3798, "precision": 0.8230195712954333, "recall": 0.4860877941378836, "f1": 0.6111947400294143, "min_score": 0.5000016689300537, "AP": 30.014301851675874, "AP50": 42.13026131464519, "AP75": 32.73514863561402, "APs": 11.406946074509555, "APm": 33.317782561537484, "APl": 42.591134559157084}