{"quality": 24, "model": "R50_C4", "elapsed": 1420.547756433487, "tp": 23112, "fp": 18383, "precision": 0.5569827690083142, "recall": 0.6360809137195541, "f1": 0.5939098034177052, "min_score": 0.5000154376029968, "AP": 27.11068914709965, "AP50": 42.11700826725451, "AP75": 29.283450401848874, "APs": 10.692405420707466, "APm": 30.014162673714097, "APl": 40.618755472274465}