{"quality": 92, "model": "R50_C4", "elapsed": 1367.2490932941437, "tp": 27964, "fp": 17754, "precision": 0.6116628023973052, "recall": 0.7696160726572175, "f1": 0.681608228827709, "min_score": 0.5000060200691223, "AP": 35.64833595953373, "AP50": 53.12872737682718, "AP75": 39.14334161455229, "APs": 17.055095823742082, "APm": 39.559529673122626, "APl": 50.34491230497081}