{"quality": 71, "model": "R50_C4", "elapsed": 1362.2292771339417, "tp": 26949, "fp": 16752, "precision": 0.6166678108052447, "recall": 0.7416815742397138, "f1": 0.6734219601179469, "min_score": 0.5000128149986267, "AP": 34.33978055630026, "AP50": 51.4648141382086, "AP75": 37.3341962385481, "APs": 15.531585020903794, "APm": 37.983798139324776, "APl": 49.725436820717334}