{"quality": 70, "model": "R101_C4", "elapsed": 1591.9605243206024, "tp": 27495, "fp": 16030, "precision": 0.6317059161401494, "recall": 0.7567084078711985, "f1": 0.688580015026296, "min_score": 0.5000249147415161, "AP": 36.85335769606945, "AP50": 54.11746035429271, "AP75": 40.0116766080659, "APs": 16.923906150749765, "APm": 41.11120894074124, "APl": 52.36796960307275}