{"quality": 13, "model": "R101_DC5", "elapsed": 1146.3585166931152, "tp": 34536, "fp": 169995, "precision": 0.16885459905833344, "recall": 0.9504885097013899, "f1": 0.28676525537020586, "min_score": 0.05000031739473343, "AP": 20.202527169343284, "AP50": 34.10085619058115, "AP75": 20.74410444932658, "APs": 8.734627602456232, "APm": 22.43219344161761, "APl": 29.56234324813617}