{"quality": 15, "model": "R50_FPN", "elapsed": 552.5716772079468, "tp": 15696, "fp": 8393, "precision": 0.6515837104072398, "recall": 0.43198018439521124, "f1": 0.5195286641069774, "min_score": 0.5000107288360596, "AP": 18.156890872647207, "AP50": 28.737716088425646, "AP75": 19.48510649251193, "APs": 7.620811351779213, "APm": 20.56285231702212, "APl": 26.56092397006789}