{"quality": 58, "model": "R50_C4", "elapsed": 1309.0372223854065, "tp": 41130, "fp": 140861, "precision": 0.2260001868224253, "recall": 1.1319664235585523, "f1": 0.3767760138508469, "min_score": 0.050000205636024475, "AP": 35.984754606209215, "AP50": 55.63582951846651, "AP75": 38.57247376587837, "APs": 17.982003754216585, "APm": 39.748312691119374, "APl": 50.719408442929314}