{"quality": 84, "model": "R50_FPN", "elapsed": 560.3365485668182, "tp": 25356, "fp": 10975, "precision": 0.6979163799510061, "recall": 0.6978395486445576, "f1": 0.6978779621831394, "min_score": 0.5000227093696594, "AP": 35.84416129958918, "AP50": 52.73586540021478, "AP75": 39.64327700154386, "APs": 18.108139786443708, "APm": 38.952476323693126, "APl": 48.973678972466054}