{"quality": 30, "model": "R50_DC5", "elapsed": 1913.3925950527191, "tp": 24828, "fp": 16857, "precision": 0.5956099316300828, "recall": 0.683308105132792, "f1": 0.6364521917457061, "min_score": 0.5000091195106506, "AP": 30.412741097960826, "AP50": 47.36535772412662, "AP75": 32.75900485475303, "APs": 12.734508569590691, "APm": 33.87993889200189, "APl": 43.6378399556231}