{"quality": 31, "model": "R50_C4", "elapsed": 1367.101191520691, "tp": 39709, "fp": 162173, "precision": 0.19669410843958351, "recall": 1.092858125774047, "f1": 0.33338510685635364, "min_score": 0.05000074952840805, "AP": 32.39840422188017, "AP50": 50.963750004695726, "AP75": 34.455939411130274, "APs": 14.518385410351323, "APm": 35.770880386175094, "APl": 47.04696595617269}