{"quality": 93, "model": "R50", "elapsed": 484.49710416793823, "tp": 18797, "fp": 4307, "precision": 0.8135820637119113, "recall": 0.517324893353516, "f1": 0.6324803580140985, "min_score": 0.5000107884407043, "AP": 31.49931519922574, "AP50": 44.17228574141501, "AP75": 35.00347477168491, "APs": 13.98878561083969, "APm": 34.637286239644574, "APl": 44.49533604321125}