{"quality": 15, "model": "R50_DC5", "elapsed": 1048.4608058929443, "tp": 19308, "fp": 17084, "precision": 0.5305561661903715, "recall": 0.5313884684188799, "f1": 0.5309719911449667, "min_score": 0.500087559223175, "AP": 19.367424407724354, "AP50": 31.580712897751795, "AP75": 20.677347046986554, "APs": 7.740628479005082, "APm": 22.03929540374165, "APl": 28.812077134826442}