{"quality": 55, "model": "X101", "elapsed": 2925.836899995804, "tp": 40124, "fp": 69380, "precision": 0.36641583869082406, "recall": 1.1042796202009082, "f1": 0.5502506188330967, "min_score": 0.05000055953860283, "AP": 40.22404905262922, "AP50": 60.44585856045691, "AP75": 43.30257004934811, "APs": 23.015945801726033, "APm": 43.2726310996741, "APl": 52.617532197673}