{"quality": 54, "model": "X101", "elapsed": 2950.826023578644, "tp": 24736, "fp": 9498, "precision": 0.7225565227551557, "recall": 0.6807761111875602, "f1": 0.7010443679235925, "min_score": 0.5000974535942078, "AP": 36.688806400461324, "AP50": 53.26164369546266, "AP75": 40.36328846246424, "APs": 18.38109306958388, "APm": 39.948395831572405, "APl": 49.84621894644852}