{"quality": 89, "model": "R50_C4", "elapsed": 1362.8607110977173, "tp": 27943, "fp": 17531, "precision": 0.6144830012754541, "recall": 0.769038117517545, "f1": 0.6831277732278845, "min_score": 0.500048816204071, "AP": 35.511172821261674, "AP50": 53.03120783179304, "AP75": 38.887119488917044, "APs": 16.61974872391029, "APm": 39.506668833576114, "APl": 50.557864298217005}