{"quality": 78, "model": "R50", "elapsed": 484.06921005249023, "tp": 18147, "fp": 4018, "precision": 0.8187232122715994, "recall": 0.49943580569698637, "f1": 0.6204102564102564, "min_score": 0.500026524066925, "AP": 30.4915968906162, "AP50": 42.99529317788803, "AP75": 33.7099704845749, "APs": 12.49480734906359, "APm": 33.53264701467234, "APl": 43.734861496163774}