{"quality": 21, "model": "R50_DC5", "elapsed": 1039.5921638011932, "tp": 22750, "fp": 17138, "precision": 0.5703469715202567, "recall": 0.6261180679785331, "f1": 0.5969326843603636, "min_score": 0.5000103116035461, "AP": 25.7836701430741, "AP50": 41.318451172205215, "AP75": 27.65655475763819, "APs": 10.512076033259627, "APm": 28.790216568106036, "APl": 37.91160733013341}