{"quality": 78, "model": "R50_DC5", "elapsed": 1030.2340958118439, "tp": 27959, "fp": 17259, "precision": 0.6183157149807599, "recall": 0.7694784642906288, "f1": 0.6856645371721456, "min_score": 0.5000011324882507, "AP": 35.6208424848157, "AP50": 54.17539114364078, "AP75": 38.834083169484664, "APs": 17.42662756568965, "APm": 39.60634211874854, "APl": 49.32531590825161}