{"quality": 51, "model": "R101", "elapsed": 668.4101252555847, "tp": 44421, "fp": 338741, "precision": 0.11593268643550247, "recall": 1.2225402504472271, "f1": 0.2117822058322229, "min_score": 0.05000027269124985, "AP": 37.330098896478546, "AP50": 56.42239816764708, "AP75": 39.44215538490612, "APs": 19.377745122368964, "APm": 40.99997100118251, "APl": 49.42164804887193}