{"quality": 65, "model": "R50", "elapsed": 499.44919085502625, "tp": 44374, "fp": 361476, "precision": 0.1093359615621535, "recall": 1.2212467318012936, "f1": 0.20070332553116907, "min_score": 0.05000009015202522, "AP": 36.67382627820901, "AP50": 55.58863957370801, "AP75": 38.77271490843023, "APs": 20.198545492373395, "APm": 40.04193653016777, "APl": 48.59969463241036}