{"quality": 70, "model": "R50_DC5", "elapsed": 1033.118156671524, "tp": 27512, "fp": 17004, "precision": 0.6180249797825501, "recall": 0.7571762763176001, "f1": 0.6805605372846347, "min_score": 0.5000008344650269, "AP": 35.06104714814864, "AP50": 53.5072178395412, "AP75": 38.002761070710136, "APs": 16.511750411029222, "APm": 39.11971969624117, "APl": 48.621118810561775}