{"quality": 82, "model": "X101", "elapsed": 2947.8447530269623, "tp": 40997, "fp": 68430, "precision": 0.3746515942134939, "recall": 1.1283060410072931, "f1": 0.5625197239335356, "min_score": 0.050001394003629684, "AP": 42.26447907404693, "AP50": 62.758130561354506, "AP75": 46.09028951517013, "APs": 25.871804135011693, "APm": 45.17686574306084, "APl": 54.55637073211391}