{"quality": 98, "model": "R101_C4", "elapsed": 1620.7823028564453, "tp": 43087, "fp": 127787, "precision": 0.25215655980430024, "recall": 1.1858263382413652, "f1": 0.41587961912851273, "min_score": 0.05000012367963791, "AP": 41.005796130517986, "AP50": 61.24826190837326, "AP75": 44.011990643394746, "APs": 22.0755260813179, "APm": 45.39159584115938, "APl": 55.419339537190424}