{"quality": 78, "model": "R50_C4", "elapsed": 1293.7593834400177, "tp": 41833, "fp": 135386, "precision": 0.23605256772693672, "recall": 1.151314159900922, "f1": 0.39177912846399504, "min_score": 0.05000011995434761, "AP": 37.41816192259461, "AP50": 57.299638292528996, "AP75": 40.14302741423927, "APs": 19.205566579795693, "APm": 41.243446263600035, "APl": 52.34613961970904}