{"quality": 36, "model": "R50_DC5", "elapsed": 1904.751106262207, "tp": 25649, "fp": 16815, "precision": 0.6040175207234363, "recall": 0.7059033989266548, "f1": 0.6509981091130598, "min_score": 0.500015377998352, "AP": 31.957738144166402, "AP50": 49.46020312181801, "AP75": 34.74496887943018, "APs": 13.696443194255986, "APm": 35.28681089786303, "APl": 45.717311299971}