{"quality": 77, "model": "R50_FPN", "elapsed": 485.65749502182007, "tp": 42300, "fp": 105852, "precision": 0.28551757654300985, "recall": 1.1641667813403056, "f1": 0.45856889645340865, "min_score": 0.05000049248337746, "AP": 39.189044621749865, "AP50": 59.79231685420322, "AP75": 42.85200826247714, "APs": 22.822513450935137, "APm": 42.340093969879156, "APl": 51.313220614941024}