{"quality": 8, "model": "R50_FPN", "elapsed": 514.8473906517029, "tp": 7091, "fp": 5649, "precision": 0.5565934065934066, "recall": 0.19515618549607816, "f1": 0.28898624554253693, "min_score": 0.5000043511390686, "AP": 6.731397241604591, "AP50": 10.988239256555103, "AP75": 7.037786083072229, "APs": 3.0329429315652883, "APm": 7.775780468871109, "APl": 9.326052891602783}