{"quality": 49, "model": "R101_C4", "elapsed": 1603.0241103172302, "tp": 41716, "fp": 126647, "precision": 0.24777415465393227, "recall": 1.1480941241227467, "f1": 0.4075858093386354, "min_score": 0.05000092461705208, "AP": 37.90218080127457, "AP50": 57.26392721571488, "AP75": 40.45170933164378, "APs": 18.845008936369435, "APm": 42.13990035810448, "APl": 53.400524617371204}