{"quality": 7, "model": "X101", "elapsed": 2916.4216504096985, "tp": 5022, "fp": 3924, "precision": 0.5613682092555332, "recall": 0.13821384340167883, "f1": 0.2218148892471456, "min_score": 0.5000023245811462, "AP": 5.227016929157078, "AP50": 8.69506284793216, "AP75": 5.312257496525884, "APs": 2.010667347435111, "APm": 6.069517257565891, "APl": 6.676758624938843}