{"quality": 91, "model": "R50_FPN", "elapsed": 565.5422508716583, "tp": 25678, "fp": 11203, "precision": 0.6962392559854668, "recall": 0.7067015274528692, "f1": 0.701431381118881, "min_score": 0.5000026226043701, "AP": 36.3450700870545, "AP50": 53.638726673631, "AP75": 40.375369133981195, "APs": 18.886033431992093, "APm": 39.64491553542687, "APl": 49.10665508973302}