{"quality": 24, "model": "R50_FPN", "elapsed": 557.7638523578644, "tp": 20373, "fp": 9527, "precision": 0.681371237458194, "recall": 0.5606990505022705, "f1": 0.6151732467728543, "min_score": 0.5000037550926208, "AP": 26.906143886119523, "AP50": 41.403635641416095, "AP75": 29.471951232497666, "APs": 11.777751895562943, "APm": 29.790100826761858, "APl": 38.47297769605331}