{"quality": 36, "model": "R50_FPN", "elapsed": 558.8878452777863, "tp": 22464, "fp": 9891, "precision": 0.6942976356050069, "recall": 0.6182468694096601, "f1": 0.6540690056776824, "min_score": 0.5000017881393433, "AP": 31.19582055485054, "AP50": 46.87663473574714, "AP75": 34.39460877608618, "APs": 14.32406218057111, "APm": 34.12782553263946, "APl": 44.140433704959875}