{"quality": 40, "model": "R50_DC5", "elapsed": 1050.480129480362, "tp": 41597, "fp": 135478, "precision": 0.23491176055343782, "recall": 1.1448190449979359, "f1": 0.3898317792043484, "min_score": 0.050000082701444626, "AP": 34.90560705595651, "AP50": 55.26069488360006, "AP75": 37.044657160382314, "APs": 16.65486770943907, "APm": 38.641667534313804, "APl": 48.36340485964164}