{"quality": 94, "model": "X101", "elapsed": 2951.402714252472, "tp": 41348, "fp": 69428, "precision": 0.3732577453600058, "recall": 1.137966148341819, "f1": 0.5621333550856157, "min_score": 0.05000355467200279, "AP": 42.99484794948085, "AP50": 63.59547975139361, "AP75": 46.83466743882988, "APs": 26.87646321651606, "APm": 45.99508930576596, "APl": 54.72660882963755}