{"quality": 98, "model": "R101_DC5", "elapsed": 1126.9926161766052, "tp": 29176, "fp": 17771, "precision": 0.6214667603893752, "recall": 0.8029723407183157, "f1": 0.7006556038519728, "min_score": 0.5000027418136597, "AP": 38.232905521448885, "AP50": 56.68269554132651, "AP75": 41.971447540949484, "APs": 19.334227200340845, "APm": 42.647880340519286, "APl": 52.34149160054942}