{"quality": 19, "model": "R101", "elapsed": 670.6491231918335, "tp": 41075, "fp": 386187, "precision": 0.09613539233538204, "recall": 1.1304527315260768, "f1": 0.17720131924926177, "min_score": 0.050000015646219254, "AP": 27.439894115714132, "AP50": 43.9138251466921, "AP75": 28.589910203125758, "APs": 12.688765837734618, "APm": 30.49028150205022, "APl": 37.70834744591648}