{"quality": 61, "model": "R50", "elapsed": 499.20150923728943, "tp": 44235, "fp": 363605, "precision": 0.10846165162808945, "recall": 1.217421219210128, "f1": 0.19917825181516294, "min_score": 0.05000029504299164, "AP": 36.215571648710764, "AP50": 54.99589317409125, "AP75": 38.1199818136247, "APs": 19.67116823397503, "APm": 39.54809577914033, "APl": 48.25182428942452}