{"quality": 41, "model": "R50", "elapsed": 483.6901652812958, "tp": 16491, "fp": 3640, "precision": 0.8191843425562565, "recall": 0.4538599146828127, "f1": 0.5841037084263097, "min_score": 0.500094473361969, "AP": 27.303186651520544, "AP50": 38.78730280137819, "AP75": 30.039974203062265, "APs": 10.004781346530942, "APm": 30.03600372870184, "APl": 40.62674550134274}