{"quality": 64, "model": "R101", "elapsed": 701.4449970722198, "tp": 18356, "fp": 3925, "precision": 0.8238409407118172, "recall": 0.5051878354203936, "f1": 0.6263136345025249, "min_score": 0.5000486373901367, "AP": 31.418393718065325, "AP50": 43.87748652335335, "AP75": 34.74196875765899, "APs": 13.183859638697246, "APm": 34.70287052932968, "APl": 44.539004456835514}