{"quality": 101, "model": "R50_DC5", "elapsed": 959.3318438529968, "tp": 28912, "fp": 18190, "precision": 0.613816823064838, "recall": 0.7957066189624329, "f1": 0.6930258758104917, "min_score": 0.500001072883606, "AP": 36.81332543063816, "AP50": 55.74432346371755, "AP75": 40.48285228320967, "APs": 18.17985773773952, "APm": 41.35333807666891, "APl": 50.50137591289715}