{"quality": 29, "model": "X101", "elapsed": 2951.136165857315, "tp": 22655, "fp": 9328, "precision": 0.7083450583122284, "recall": 0.6235035090133481, "f1": 0.6632219912760913, "min_score": 0.5000159740447998, "AP": 32.483320869404594, "AP50": 48.38157573943705, "AP75": 35.28261153585135, "APs": 15.058840561875087, "APm": 35.45478134079028, "APl": 45.543164182073866}