{"quality": 6, "model": "R50_DC5", "elapsed": 1016.7128119468689, "tp": 5793, "fp": 14471, "precision": 0.2858764311093565, "recall": 0.1594330535296546, "f1": 0.20470326330853902, "min_score": 0.5000123977661133, "AP": 3.926952990488671, "AP50": 7.0778001361262595, "AP75": 3.759150168437796, "APs": 1.5889724343363671, "APm": 4.950666080113457, "APl": 5.4683557487811765}