{
  "AP": 28.137740267439177,
  "AP-airplane": 50.10701706633892,
  "AP-apple": 8.142461907348867,
  "AP-backpack": 7.763075717008973,
  "AP-banana": 12.850397828775955,
  "AP-baseball bat": 17.513184304928778,
  "AP-baseball glove": 22.875797552852788,
  "AP-bear": 45.76880885827111,
  "AP-bed": 25.91771738278889,
  "AP-bench": 15.747241443569324,
  "AP-bicycle": 21.18121130544961,
  "AP-bird": 22.184699191074174,
  "AP-boat": 17.92007090357518,
  "AP-book": 7.344518736366762,
  "AP-bottle": 25.606245781385482,
  "AP-bowl": 29.20637400991466,
  "AP-broccoli": 15.393485765754031,
  "AP-bus": 53.30050656130053,
  "AP-cake": 20.85590741181399,
  "AP-car": 32.58145069964012,
  "AP-carrot": 12.667361229620608,
  "AP-cat": 40.15713769587697,
  "AP-cell phone": 24.178134601419295,
  "AP-chair": 15.194023064338785,
  "AP-clock": 40.764801802890446,
  "AP-couch": 20.044849547265912,
  "AP-cow": 34.55696489995091,
  "AP-cup": 26.69638666703229,
  "AP-dining table": 18.343197057394082,
  "AP-dog": 39.02154369405188,
  "AP-donut": 27.06089066942741,
  "AP-elephant": 41.90054216831995,
  "AP-fire hydrant": 55.472886412281056,
  "AP-fork": 17.973676362516425,
  "AP-frisbee": 41.36889943805646,
  "AP-giraffe": 56.05417815424023,
  "AP-hair drier": 0.0,
  "AP-handbag": 8.576148308896938,
  "AP-horse": 43.54463918318241,
  "AP-hot dog": 21.28688571227902,
  "AP-keyboard": 35.95505039902824,
  "AP-kite": 24.03415393245398,
  "AP-knife": 7.979459959469367,
  "AP-laptop": 45.65582206425422,
  "AP-microwave": 38.44144557606391,
  "AP-motorcycle": 33.622487751999095,
  "AP-mouse": 43.41148291117848,
  "AP-orange": 18.64390749908601,
  "AP-oven": 20.854528826705657,
  "AP-parking meter": 31.739802260164996,
  "AP-person": 43.61753828269504,
  "AP-pizza": 42.35048812095714,
  "AP-potted plant": 17.31239741222737,
  "AP-refrigerator": 39.96661861382161,
  "AP-remote": 15.251706098675353,
  "AP-sandwich": 15.769821948639832,
  "AP-scissors": 15.281903190319031,
  "AP-sheep": 30.788586006258374,
  "AP-sink": 25.156320618807698,
  "AP-skateboard": 39.25494120463974,
  "AP-skis": 14.239770436145479,
  "AP-snowboard": 22.915719590203864,
  "AP-spoon": 6.994580230348636,
  "AP-sports ball": 36.109417351541346,
  "AP-stop sign": 54.29213890852693,
  "AP-suitcase": 19.493009089203937,
  "AP-surfboard": 25.801012458911938,
  "AP-teddy bear": 28.469959137687432,
  "AP-tennis racket": 35.21307386428178,
  "AP-tie": 24.700027004220008,
  "AP-toaster": 17.12871287128713,
  "AP-toilet": 47.09072072500603,
  "AP-toothbrush": 19.012234625916776,
  "AP-traffic light": 18.836587388506125,
  "AP-train": 54.65412006946403,
  "AP-truck": 22.856947681333946,
  "AP-tv": 44.328079104108525,
  "AP-umbrella": 27.74402333698076,
  "AP-vase": 25.935885474040436,
  "AP-wine glass": 22.389099553974624,
  "AP-zebra": 60.60232071879993,
  "AP50": 42.75215618405563,
  "AP75": 30.981691741940036,
  "APl": 40.37942922084034,
  "APm": 30.871230744631966,
  "APs": 12.325610470840754
}