{
  "AP": 33.775444062838574,
  "AP-airplane": 55.216337645355594,
  "AP-apple": 12.249461614734175,
  "AP-backpack": 10.920914117283344,
  "AP-banana": 16.949083359173265,
  "AP-baseball bat": 22.28446174734738,
  "AP-baseball glove": 28.344922943458574,
  "AP-bear": 57.61645086150591,
  "AP-bed": 33.80937072162159,
  "AP-bench": 19.536300355361426,
  "AP-bicycle": 22.656906754464284,
  "AP-bird": 27.728803935633557,
  "AP-boat": 21.414022651483418,
  "AP-book": 8.761261617320638,
  "AP-bottle": 31.048413983823014,
  "AP-bowl": 34.32617288787536,
  "AP-broccoli": 17.659340822402328,
  "AP-bus": 57.09934593489939,
  "AP-cake": 24.895845287954927,
  "AP-car": 37.13687662616716,
  "AP-carrot": 15.615452516965247,
  "AP-cat": 58.34796264194972,
  "AP-cell phone": 28.858216972157315,
  "AP-chair": 19.68223969226682,
  "AP-clock": 42.64677484427879,
  "AP-couch": 31.40381786089066,
  "AP-cow": 45.76921141051316,
  "AP-cup": 32.70810420003708,
  "AP-dining table": 22.538765868453286,
  "AP-dog": 50.34572234644684,
  "AP-donut": 34.55975236769073,
  "AP-elephant": 53.24593280635784,
  "AP-fire hydrant": 60.34722827243186,
  "AP-fork": 25.576770734730665,
  "AP-frisbee": 53.84204544012658,
  "AP-giraffe": 61.490817623825265,
  "AP-hair drier": 0.0,
  "AP-handbag": 10.242244301416878,
  "AP-horse": 49.55075759640048,
  "AP-hot dog": 24.85298722277525,
  "AP-keyboard": 42.182761293042034,
  "AP-kite": 31.302096522852874,
  "AP-knife": 11.660247144662296,
  "AP-laptop": 51.48953399816259,
  "AP-microwave": 45.87654461070539,
  "AP-motorcycle": 35.835030223038046,
  "AP-mouse": 52.8298888135203,
  "AP-orange": 22.831602339109587,
  "AP-oven": 26.72954024108649,
  "AP-parking meter": 37.883380535591755,
  "AP-person": 48.6350791337753,
  "AP-pizza": 45.808152407316086,
  "AP-potted plant": 21.694118817452665,
  "AP-refrigerator": 47.91005584880488,
  "AP-remote": 21.66296833984477,
  "AP-sandwich": 24.25949293593136,
  "AP-scissors": 23.334913848527712,
  "AP-sheep": 41.83408579429459,
  "AP-sink": 29.988188797305448,
  "AP-skateboard": 44.94598389479593,
  "AP-skis": 19.264664808595,
  "AP-snowboard": 30.334901988753206,
  "AP-spoon": 10.589814603622608,
  "AP-sports ball": 42.14161809335405,
  "AP-stop sign": 56.98635675692512,
  "AP-suitcase": 26.312725599142066,
  "AP-surfboard": 30.587844461255067,
  "AP-teddy bear": 36.39601544691351,
  "AP-tennis racket": 39.89901939035983,
  "AP-tie": 27.592005963088567,
  "AP-toaster": 31.014851485148515,
  "AP-toilet": 52.43595023836916,
  "AP-toothbrush": 20.17542637044812,
  "AP-traffic light": 22.09262282922118,
  "AP-train": 57.40346465070755,
  "AP-truck": 25.18909052465425,
  "AP-tv": 48.313439910189544,
  "AP-umbrella": 32.24014756685945,
  "AP-vase": 32.94476190636574,
  "AP-wine glass": 26.54459842344188,
  "AP-zebra": 63.603439882271374,
  "AP50": 49.989725637904286,
  "AP75": 37.30528694505863,
  "APl": 47.030315714819636,
  "APm": 36.483672764314626,
  "APs": 16.247224187595734
}