{
  "AP": 37.45999238918093,
  "AP-airplane": 60.326406532074074,
  "AP-apple": 16.21554150553037,
  "AP-backpack": 13.487930022458276,
  "AP-banana": 18.662220202537185,
  "AP-baseball bat": 26.634072113048223,
  "AP-baseball glove": 33.26349612036358,
  "AP-bear": 65.25426281861931,
  "AP-bed": 37.97244362923196,
  "AP-bench": 21.51834359018652,
  "AP-bicycle": 27.31534736208186,
  "AP-bird": 32.35731670333031,
  "AP-boat": 23.538024294021298,
  "AP-book": 10.381036635573283,
  "AP-bottle": 35.72069118291466,
  "AP-bowl": 37.845595683121566,
  "AP-broccoli": 18.921609341856936,
  "AP-bus": 60.841291178176085,
  "AP-cake": 29.205287704121485,
  "AP-car": 41.70889582273138,
  "AP-carrot": 18.193311196311278,
  "AP-cat": 63.62185146672928,
  "AP-cell phone": 32.66107319914465,
  "AP-chair": 23.412093230177984,
  "AP-clock": 45.62108660363508,
  "AP-couch": 36.33790231670137,
  "AP-cow": 48.95791542521598,
  "AP-cup": 36.43059745809506,
  "AP-dining table": 23.95799656251554,
  "AP-dog": 55.16110484510733,
  "AP-donut": 38.791828777825515,
  "AP-elephant": 57.52449990243813,
  "AP-fire hydrant": 63.26708158273766,
  "AP-fork": 28.53710077164329,
  "AP-frisbee": 59.152875075555066,
  "AP-giraffe": 62.9833655613818,
  "AP-hair drier": 0.6930693069306931,
  "AP-handbag": 11.700353882604704,
  "AP-horse": 55.19289587732158,
  "AP-hot dog": 28.956587550175346,
  "AP-keyboard": 48.55099012129237,
  "AP-kite": 37.38512487533291,
  "AP-knife": 14.725506328215959,
  "AP-laptop": 55.73029875895732,
  "AP-microwave": 50.657981943945764,
  "AP-motorcycle": 38.85764489805458,
  "AP-mouse": 61.16307175771757,
  "AP-orange": 25.587612284489637,
  "AP-oven": 30.26522832121571,
  "AP-parking meter": 41.900914566992675,
  "AP-person": 52.1202699529836,
  "AP-pizza": 47.7228675407679,
  "AP-potted plant": 23.886455613502253,
  "AP-refrigerator": 51.60986818813977,
  "AP-remote": 27.850516260239395,
  "AP-sandwich": 29.71015664364107,
  "AP-scissors": 24.390365822296516,
  "AP-sheep": 47.161355896634234,
  "AP-sink": 34.10274654316366,
  "AP-skateboard": 48.479580205440634,
  "AP-skis": 22.07896990397178,
  "AP-snowboard": 30.980881100065467,
  "AP-spoon": 14.91524023313025,
  "AP-sports ball": 44.91507298862245,
  "AP-stop sign": 62.213534000930196,
  "AP-suitcase": 32.66601334620136,
  "AP-surfboard": 34.42870864212563,
  "AP-teddy bear": 40.60626970242854,
  "AP-tennis racket": 43.811647973604956,
  "AP-tie": 31.27198834477532,
  "AP-toaster": 41.122112211221115,
  "AP-toilet": 55.51758631106773,
  "AP-toothbrush": 20.685202823687774,
  "AP-traffic light": 24.73908085209478,
  "AP-train": 58.35175489535671,
  "AP-truck": 28.619620296330094,
  "AP-tv": 51.579726068336086,
  "AP-umbrella": 34.330946890185295,
  "AP-vase": 33.890932214548556,
  "AP-wine glass": 32.08539643033,
  "AP-zebra": 63.805746348210945,
  "AP50": 54.5671573653508,
  "AP75": 41.85607610611001,
  "APl": 50.87100460677046,
  "APm": 40.36791325400338,
  "APs": 19.952259630923916
}