{
  "AP": 34.63759608016673,
  "AP-airplane": 55.88741123283677,
  "AP-apple": 13.291143006836728,
  "AP-backpack": 11.373831187197954,
  "AP-banana": 16.773028533814262,
  "AP-baseball bat": 23.713475735978403,
  "AP-baseball glove": 30.068837188151846,
  "AP-bear": 60.52355585518276,
  "AP-bed": 35.28496908287521,
  "AP-bench": 20.20637568055582,
  "AP-bicycle": 25.07237061350872,
  "AP-bird": 28.241102933912497,
  "AP-boat": 21.02117380006769,
  "AP-book": 9.08562496610978,
  "AP-bottle": 31.798744925491505,
  "AP-bowl": 34.44468792237335,
  "AP-broccoli": 17.80341473660218,
  "AP-bus": 58.2131440688331,
  "AP-cake": 25.527755395948486,
  "AP-car": 38.450809795893356,
  "AP-carrot": 17.22903665307728,
  "AP-cat": 58.670132010360554,
  "AP-cell phone": 29.44899602960455,
  "AP-chair": 20.349208833980317,
  "AP-clock": 43.86595229280594,
  "AP-couch": 33.851521799784074,
  "AP-cow": 46.339298667540454,
  "AP-cup": 33.59006974688158,
  "AP-dining table": 22.818015367978926,
  "AP-dog": 51.46204049360483,
  "AP-donut": 35.29779465831122,
  "AP-elephant": 53.27793056659659,
  "AP-fire hydrant": 61.524715343443006,
  "AP-fork": 26.721080755458654,
  "AP-frisbee": 54.60771217581352,
  "AP-giraffe": 61.9440433312621,
  "AP-hair drier": 0.0,
  "AP-handbag": 9.8759167736063,
  "AP-horse": 52.11156263013416,
  "AP-hot dog": 24.894598205408762,
  "AP-keyboard": 43.865756074753406,
  "AP-kite": 32.242742864429246,
  "AP-knife": 12.09092853600539,
  "AP-laptop": 53.017463306609244,
  "AP-microwave": 50.29499198421633,
  "AP-motorcycle": 36.95468619708589,
  "AP-mouse": 53.95837146243881,
  "AP-orange": 23.920703219135333,
  "AP-oven": 28.042578057766548,
  "AP-parking meter": 37.78348621480713,
  "AP-person": 49.31782668445546,
  "AP-pizza": 47.37789884544263,
  "AP-potted plant": 22.009887635938693,
  "AP-refrigerator": 49.43534828397896,
  "AP-remote": 23.2538852915166,
  "AP-sandwich": 26.00307336189794,
  "AP-scissors": 23.35813196704286,
  "AP-sheep": 43.08055697071788,
  "AP-sink": 31.269432712921336,
  "AP-skateboard": 47.49899948239843,
  "AP-skis": 19.190831934879093,
  "AP-snowboard": 29.047163543616378,
  "AP-spoon": 11.679573935059153,
  "AP-sports ball": 41.67213738347989,
  "AP-stop sign": 58.43711470231809,
  "AP-suitcase": 27.544513872269917,
  "AP-surfboard": 32.82906123309397,
  "AP-teddy bear": 37.3694351617442,
  "AP-tennis racket": 40.61009688705832,
  "AP-tie": 30.089614758545107,
  "AP-toaster": 32.103960396039604,
  "AP-toilet": 52.74543261872044,
  "AP-toothbrush": 18.713536581564654,
  "AP-traffic light": 22.53153640379723,
  "AP-train": 56.502634660293424,
  "AP-truck": 25.404011440952583,
  "AP-tv": 49.07897400831801,
  "AP-umbrella": 32.78691660834021,
  "AP-vase": 31.880539117453488,
  "AP-wine glass": 28.20850186486532,
  "AP-zebra": 63.14426714954755,
  "AP50": 51.0185969880928,
  "AP75": 38.57526208329674,
  "APl": 47.90765092946912,
  "APm": 37.286540052413216,
  "APs": 16.586755376680415
}