{
  "AP": 19.374552066769994,
  "AP-airplane": 37.49785612728875,
  "AP-apple": 2.966482281843895,
  "AP-backpack": 4.1578797657368485,
  "AP-banana": 7.3295143238589,
  "AP-baseball bat": 12.825587666332028,
  "AP-baseball glove": 18.500338057381896,
  "AP-bear": 11.746997324166806,
  "AP-bed": 10.142449176942634,
  "AP-bench": 10.394426960696599,
  "AP-bicycle": 16.664511531233206,
  "AP-bird": 12.931650145635555,
  "AP-boat": 12.190763791077854,
  "AP-book": 3.8943029099685154,
  "AP-bottle": 17.030360839002835,
  "AP-bowl": 17.467844702152416,
  "AP-broccoli": 9.005612978162661,
  "AP-bus": 47.369463449675216,
  "AP-cake": 11.765215041328984,
  "AP-car": 26.109422314721943,
  "AP-carrot": 7.405862805411116,
  "AP-cat": 13.814195143886906,
  "AP-cell phone": 15.681758490310546,
  "AP-chair": 9.996581506250823,
  "AP-clock": 35.825597000416685,
  "AP-couch": 7.4890067418762625,
  "AP-cow": 22.73947226409484,
  "AP-cup": 15.672802298766749,
  "AP-dining table": 11.586564119683771,
  "AP-dog": 21.179136257172214,
  "AP-donut": 16.73513245625538,
  "AP-elephant": 20.165639239759496,
  "AP-fire hydrant": 49.07823013728693,
  "AP-fork": 10.682036315959364,
  "AP-frisbee": 28.82800020324482,
  "AP-giraffe": 45.78244036679834,
  "AP-hair drier": 0.0,
  "AP-handbag": 4.339580746033533,
  "AP-horse": 29.985724921072944,
  "AP-hot dog": 8.957411260694151,
  "AP-keyboard": 28.459159582333708,
  "AP-kite": 16.852879546288264,
  "AP-knife": 5.651693900761919,
  "AP-laptop": 35.450628047176835,
  "AP-microwave": 34.058161860645434,
  "AP-motorcycle": 27.04254829496665,
  "AP-mouse": 25.67261673773927,
  "AP-orange": 10.168376178563717,
  "AP-oven": 13.958475325045397,
  "AP-parking meter": 25.163017111427738,
  "AP-person": 35.92295061257716,
  "AP-pizza": 26.96779343591223,
  "AP-potted plant": 12.209238670796168,
  "AP-refrigerator": 31.407967989094992,
  "AP-remote": 7.416613382366364,
  "AP-sandwich": 0.8745874587458747,
  "AP-scissors": 7.339108910891088,
  "AP-sheep": 13.460479053270062,
  "AP-sink": 17.81768831115999,
  "AP-skateboard": 27.643623076361628,
  "AP-skis": 9.97053539659768,
  "AP-snowboard": 11.31726160470298,
  "AP-spoon": 4.045688966889999,
  "AP-sports ball": 30.00543217489571,
  "AP-stop sign": 53.330232939187326,
  "AP-suitcase": 9.957980936505574,
  "AP-surfboard": 15.564954582579842,
  "AP-teddy bear": 11.69962973357844,
  "AP-tennis racket": 31.670238664185003,
  "AP-tie": 19.224241707021715,
  "AP-toaster": 7.128712871287125,
  "AP-toilet": 36.48134374533131,
  "AP-toothbrush": 9.394778660075477,
  "AP-traffic light": 16.2748241799506,
  "AP-train": 49.59896136411865,
  "AP-truck": 20.635336737222254,
  "AP-tv": 37.560482283504925,
  "AP-umbrella": 22.07991996356308,
  "AP-vase": 16.412060686885994,
  "AP-wine glass": 14.431067064735338,
  "AP-zebra": 53.70702193047374,
  "AP50": 30.44862792753282,
  "AP75": 21.108676761311624,
  "APl": 27.98084759378127,
  "APm": 21.605680733340385,
  "APs": 8.036491572452721
}