{"quality": 27, "model": "R101", "elapsed": 668.9204041957855, "tp": 42985, "fp": 360761, "precision": 0.10646545105090824, "recall": 1.1830191275629558, "f1": 0.19535040140337803, "min_score": 0.05000010132789612, "AP": 32.85317861061209, "AP50": 50.74702520304372, "AP75": 34.60584327515671, "APs": 15.993984129365035, "APm": 36.213331613697505, "APl": 44.17510871785112}