{"quality": 26, "model": "R50", "elapsed": 483.5771358013153, "tp": 14714, "fp": 3459, "precision": 0.8096626864029054, "recall": 0.40495390119719277, "f1": 0.5398840537168855, "min_score": 0.5000165700912476, "AP": 23.735084523261104, "AP50": 34.06397763280207, "AP75": 26.17947052395997, "APs": 8.084389090616115, "APm": 26.331935373347115, "APl": 35.626664912405644}