{"quality": 15, "model": "R50", "elapsed": 501.8780024051666, "tp": 37816, "fp": 429006, "precision": 0.08100732184858468, "recall": 1.0407595981835696, "f1": 0.15031491164785543, "min_score": 0.050000883638858795, "AP": 20.841795155159677, "AP50": 34.16938298260146, "AP75": 21.48412525451833, "APs": 9.356949044967402, "APm": 22.92501983012423, "APl": 29.375459130212516}