{"quality": 83, "model": "R101_DC5", "elapsed": 1127.257553100586, "tp": 28603, "fp": 16913, "precision": 0.6284163810528166, "recall": 0.787202421907252, "f1": 0.6989041062418297, "min_score": 0.500015377998352, "AP": 37.4759889783786, "AP50": 55.78426171670247, "AP75": 40.84597750801043, "APs": 18.37543548853107, "APm": 41.49563842186518, "APl": 51.64297249674576}