{"quality": 2, "model": "R101", "elapsed": 694.5914881229401, "tp": 232, "fp": 301, "precision": 0.4352720450281426, "recall": 0.006385028209715151, "f1": 0.012585439947922317, "min_score": 0.5003621578216553, "AP": 0.5708494641409323, "AP50": 0.964498417862316, "AP75": 0.5826103735906922, "APs": 0.14226528823929807, "APm": 0.4794475621903032, "APl": 1.0216938353738179}