{"quality": 96, "model": "R101", "elapsed": 696.9613950252533, "tp": 19600, "fp": 4357, "precision": 0.8181324873732103, "recall": 0.5394247970276593, "f1": 0.6501691766735223, "min_score": 0.5000084042549133, "AP": 33.59625056643151, "AP50": 46.98595298777189, "AP75": 37.21520965222428, "APs": 15.075934469362954, "APm": 37.49740012184256, "APl": 46.033837376316725}