{"quality": 86, "model": "R101", "elapsed": 667.4929821491241, "tp": 45427, "fp": 329685, "precision": 0.12110249738744695, "recall": 1.2502270538048714, "f1": 0.22081580373656876, "min_score": 0.05000023916363716, "AP": 39.81035991075528, "AP50": 59.46434296079494, "AP75": 42.30115118332712, "APs": 22.940012498549216, "APm": 43.72763484522033, "APl": 51.618557219429704}