{"quality": 28, "model": "X101", "elapsed": 2916.57984995842, "tp": 38481, "fp": 74326, "precision": 0.3411224480750308, "recall": 1.0590615109398651, "f1": 0.5160317013316168, "min_score": 0.05000067129731178, "AP": 35.74542036818974, "AP50": 55.02612651042338, "AP75": 38.10146541244169, "APs": 19.03350986685869, "APm": 38.76397979145417, "APl": 48.48150753313505}