{"quality": 25, "model": "R101_C4", "elapsed": 1637.6205031871796, "tp": 23887, "fp": 15478, "precision": 0.6068080782420933, "recall": 0.6574102105408008, "f1": 0.6310964332892999, "min_score": 0.5000016093254089, "AP": 30.348323772014606, "AP50": 45.54532149505926, "AP75": 32.75124520797113, "APs": 12.043543369833614, "APm": 33.80702451903431, "APl": 45.539875222145334}