{"quality": 99, "model": "R50_C4", "elapsed": 1372.5777530670166, "tp": 28278, "fp": 18022, "precision": 0.610755939524838, "recall": 0.7782578780789872, "f1": 0.6844073334543475, "min_score": 0.5000183582305908, "AP": 35.90974002312514, "AP50": 53.521564814385, "AP75": 39.298272708351426, "APs": 17.599056986437102, "APm": 39.88552966562597, "APl": 50.71899746446299}