{"quality": 17, "model": "R50_C4", "elapsed": 1558.6847894191742, "tp": 20303, "fp": 19830, "precision": 0.5058929060872599, "recall": 0.5587725333700289, "f1": 0.5310195114296176, "min_score": 0.5000032782554626, "AP": 21.182290274802668, "AP50": 33.99026954868648, "AP75": 22.51444585823257, "APs": 8.19429490587313, "APm": 23.5693173058657, "APl": 32.6287612086568}