{"quality": 4, "model": "R50_FPN", "elapsed": 488.815495967865, "tp": 1123, "fp": 6828, "precision": 0.14124009558546094, "recall": 0.03090683913581946, "f1": 0.05071580183353656, "min_score": 0.5000173449516296, "AP": 1.2704682275598043, "AP50": 2.2114405062833518, "AP75": 1.2792754824412735, "APs": 0.41308262732275125, "APm": 1.302108094438666, "APl": 1.972617231193095}