{"quality": 69, "model": "R50_DC5", "elapsed": 1029.5145072937012, "tp": 27530, "fp": 16955, "precision": 0.6188602899853883, "recall": 0.7576716664373194, "f1": 0.6812670131155655, "min_score": 0.5000703930854797, "AP": 34.998407993900365, "AP50": 53.403089430570226, "AP75": 38.10165241477425, "APs": 16.44942924681149, "APm": 39.00987006456918, "APl": 48.58041483142762}