{"quality": 3, "model": "R50", "elapsed": 495.8451917171478, "tp": 4874, "fp": 424893, "precision": 0.011341028976166154, "recall": 0.13414063575065363, "f1": 0.020913877220007634, "min_score": 0.0500008724629879, "AP": 0.9695066322999303, "AP50": 1.9400907583605254, "AP75": 0.8871595667052659, "APs": 0.354816833242055, "APm": 0.9835440785496393, "APl": 1.754358416955465}