{"quality": 96, "model": "R101_DC5", "elapsed": 1126.8085107803345, "tp": 29157, "fp": 17744, "precision": 0.6216711797189826, "recall": 0.8024494289252787, "f1": 0.7005862847806238, "min_score": 0.5000150203704834, "AP": 38.28929232436309, "AP50": 56.72977901132927, "AP75": 42.14505385985357, "APs": 19.43540925066447, "APm": 42.752675791295815, "APl": 52.27935831425483}