{"quality": 44, "model": "R50_DC5", "elapsed": 1895.7066020965576, "tp": 26345, "fp": 16807, "precision": 0.6105163144234335, "recall": 0.7250584835558002, "f1": 0.6628756903644621, "min_score": 0.5000006556510925, "AP": 33.182922066048114, "AP50": 50.89663186037495, "AP75": 36.164279885153036, "APs": 14.602624046525516, "APm": 36.44852159880318, "APl": 46.82584443688244}