{"quality": 70, "model": "R50_FPN", "elapsed": 485.1561167240143, "tp": 42030, "fp": 105562, "precision": 0.28477153233237573, "recall": 1.1567359295445163, "f1": 0.4570291474334927, "min_score": 0.05000336095690727, "AP": 38.61548917376648, "AP50": 59.033615987260646, "AP75": 41.92211158452008, "APs": 22.033688250278463, "APm": 41.66612751571427, "APl": 51.041916460159385}