{"quality": 94, "model": "R101_FPN", "elapsed": 687.1321024894714, "tp": 26078, "fp": 10603, "precision": 0.710940268804013, "recall": 0.7177101967799642, "f1": 0.7143091925057522, "min_score": 0.5000410676002502, "AP": 38.28195800766503, "AP50": 55.29724166900796, "AP75": 42.42684296021969, "APs": 20.599236085884947, "APm": 41.87221840743373, "APl": 51.60225628078795}