{"quality": 93, "model": "R101_DC5", "elapsed": 1126.8571300506592, "tp": 29093, "fp": 17594, "precision": 0.623149913252083, "recall": 0.8006880418329434, "f1": 0.7008503770085037, "min_score": 0.5000001192092896, "AP": 37.947164440333395, "AP50": 56.50132629874977, "AP75": 41.691237468392835, "APs": 19.173948165898036, "APm": 42.344625421186755, "APl": 52.2108537388975}