{"quality": 91, "model": "R50_FPN", "elapsed": 485.4720742702484, "tp": 42671, "fp": 106727, "precision": 0.2856196200752353, "recall": 1.1743773221411862, "f1": 0.4594875439474945, "min_score": 0.05000191181898117, "AP": 39.92206504178777, "AP50": 60.611842312726004, "AP75": 43.51261222342095, "APs": 23.76826599027023, "APm": 43.08804066563048, "APl": 51.89467529870536}