{"quality": 70, "model": "R101", "elapsed": 668.4041571617126, "tp": 44945, "fp": 331392, "precision": 0.11942753436414703, "recall": 1.2369616072657217, "f1": 0.21782432537220844, "min_score": 0.05000029504299164, "AP": 38.76460363475822, "AP50": 58.05004431397397, "AP75": 41.166308161173404, "APs": 21.47066162505664, "APm": 42.49984627768293, "APl": 50.866318753870786}