{"quality": 72, "model": "R50_C4", "elapsed": 1296.090200662613, "tp": 41583, "fp": 136170, "precision": 0.23393697996658283, "recall": 1.1444337415714876, "f1": 0.3884664250214865, "min_score": 0.050000909715890884, "AP": 36.92483773047053, "AP50": 56.8173226714211, "AP75": 39.62962184496615, "APs": 18.685549421890315, "APm": 40.875914638493214, "APl": 51.83269069293449}