{"quality": 12, "model": "R101_DC5", "elapsed": 1146.7559838294983, "tp": 32963, "fp": 176157, "precision": 0.1576271996939556, "recall": 0.9071969175725885, "f1": 0.2685869100242407, "min_score": 0.05000002682209015, "AP": 18.338713511652134, "AP50": 30.772399984279247, "AP75": 18.913182315073406, "APs": 7.847458074129161, "APm": 20.52579410324601, "APl": 26.17242287132779}