{"quality": 54, "model": "R50", "elapsed": 498.8157184123993, "tp": 44012, "fp": 366496, "precision": 0.10721350132031532, "recall": 1.2112838860602724, "f1": 0.19699088941753595, "min_score": 0.05000012367963791, "AP": 35.615793514261696, "AP50": 54.24834955471329, "AP75": 37.89311098082966, "APs": 18.835423911873598, "APm": 38.75340491244897, "APl": 47.725905128682875}