{"quality": 95, "model": "R101_FPN", "elapsed": 650.7245252132416, "tp": 42509, "fp": 93402, "precision": 0.31277085739932753, "recall": 1.1699188110637126, "f1": 0.4935847566852061, "min_score": 0.05000121518969536, "AP": 41.89260349406444, "AP50": 62.404747749134906, "AP75": 45.58765252950054, "APs": 25.285023089601484, "APm": 45.367949943110546, "APl": 54.55143865322546}