{"quality": 99, "model": "R101_DC5", "elapsed": 1132.6104147434235, "tp": 43674, "fp": 123983, "precision": 0.26049613198375254, "recall": 1.201981560478877, "f1": 0.4281932624808816, "min_score": 0.05000030994415283, "AP": 40.6448978412847, "AP50": 61.65676434005556, "AP75": 43.97657901142759, "APs": 23.256104369786147, "APm": 45.08373014332231, "APl": 54.31837104268071}