{"quality": 88, "model": "R101", "elapsed": 697.3099937438965, "tp": 19337, "fp": 4267, "precision": 0.8192255549906795, "recall": 0.5321865969450943, "f1": 0.6452226430204041, "min_score": 0.5000144243240356, "AP": 33.196302211678145, "AP50": 46.37616775036174, "AP75": 36.613794428905834, "APs": 14.73948878874575, "APm": 36.94043893093373, "APl": 45.84381302383553}