{"quality": 98, "model": "R50", "elapsed": 499.54238414764404, "tp": 45309, "fp": 358052, "precision": 0.11232865844739576, "recall": 1.2469794963533782, "f1": 0.20609239110658273, "min_score": 0.05000005662441254, "AP": 38.59888660162529, "AP50": 57.951113591288475, "AP75": 41.234728413395885, "APs": 23.587548827640646, "APm": 42.23015548242067, "APl": 50.17244054828161}