{"quality": 60, "model": "R50", "elapsed": 499.27100372314453, "tp": 44215, "fp": 363831, "precision": 0.1083578812192743, "recall": 1.2168707857437733, "f1": 0.19899590666567651, "min_score": 0.05000010132789612, "AP": 36.095272869678226, "AP50": 54.945169465464026, "AP75": 37.94802474476685, "APs": 19.69738887343323, "APm": 39.58944664853186, "APl": 48.035045223404204}