{"quality": 35, "model": "R50_DC5", "elapsed": 1905.7295382022858, "tp": 25506, "fp": 16855, "precision": 0.602110431765067, "recall": 0.7019677996422182, "f1": 0.6482159194876487, "min_score": 0.500015377998352, "AP": 31.68454978295545, "AP50": 49.12333377635847, "AP75": 34.157454660064914, "APs": 13.579861971771809, "APm": 35.00832948505786, "APl": 45.233665344655996}