{"quality": 5, "model": "R101_C4", "elapsed": 1849.042471408844, "tp": 3594, "fp": 10415, "precision": 0.2565493611249911, "recall": 0.09891289390394936, "f1": 0.1427776894962657, "min_score": 0.5000059008598328, "AP": 3.1465446154787857, "AP50": 5.209317953334365, "AP75": 3.123495571908945, "APs": 0.8694968918007047, "APm": 3.3960621610729103, "APl": 4.841739483545417}