{"quality": 52, "model": "R50_DC5", "elapsed": 995.4616448879242, "tp": 42125, "fp": 131025, "precision": 0.24328616806237366, "recall": 1.1593504885097015, "f1": 0.4021767668329474, "min_score": 0.05000012740492821, "AP": 36.25117834674235, "AP50": 56.93063337596179, "AP75": 38.81594386707196, "APs": 18.30271709983254, "APm": 40.100447319350685, "APl": 49.759103303949445}