{"quality": 41, "model": "R101", "elapsed": 701.5586705207825, "tp": 17268, "fp": 3797, "precision": 0.819748397816283, "recall": 0.47524425485069494, "f1": 0.6016724738675958, "min_score": 0.5000032782554626, "AP": 29.357708100234703, "AP50": 41.29914936644397, "AP75": 32.3526921958607, "APs": 11.602277230003457, "APm": 32.258340121938126, "APl": 42.13665429568313}