{"quality": 1, "model": "R101_DC5", "elapsed": 1110.5634772777557, "tp": 2904, "fp": 80277, "precision": 0.034911818804775126, "recall": 0.07992293931471034, "f1": 0.04859600388232538, "min_score": 0.05000001937150955, "AP": 0.8531695099143652, "AP50": 1.5715713092757089, "AP75": 0.8008228096647448, "APs": 0.22039445846547484, "APm": 0.8084186971587346, "APl": 1.9486514337229428}