{"quality": 91, "model": "R101_FPN", "elapsed": 647.7876124382019, "tp": 25964, "fp": 10440, "precision": 0.7132183276563016, "recall": 0.7145727260217422, "f1": 0.7138948844498825, "min_score": 0.5000027418136597, "AP": 38.20750198602124, "AP50": 55.134451236700436, "AP75": 42.385706795802655, "APs": 20.488839852527537, "APm": 41.92974511643738, "APl": 51.13052409688093}