{"quality": 44, "model": "R50_C4", "elapsed": 1391.6122188568115, "tp": 25566, "fp": 16903, "precision": 0.6019920412536203, "recall": 0.7036191000412825, "f1": 0.648850312166895, "min_score": 0.5000008344650269, "AP": 32.168481674277785, "AP50": 48.73819538849325, "AP75": 35.14680437500698, "APs": 13.61759798025785, "APm": 35.488896735153055, "APl": 47.14829704489313}