{"quality": 2, "model": "R50", "elapsed": 477.69164085388184, "tp": 222, "fp": 1089, "precision": 0.16933638443935928, "recall": 0.006109811476537773, "f1": 0.011794081708548053, "min_score": 0.5000467896461487, "AP": 0.48292189001958474, "AP50": 0.8644204242862672, "AP75": 0.460785266903224, "APs": 0.10173391837616684, "APm": 0.49680184064365557, "APl": 0.8681278003154164}