{"quality": 12, "model": "R50_DC5", "elapsed": 1050.2398822307587, "tp": 16408, "fp": 16572, "precision": 0.497513644633111, "recall": 0.4515756157974405, "f1": 0.473432878886244, "min_score": 0.5000301003456116, "AP": 14.662654327293733, "AP50": 24.48367479802723, "AP75": 15.396041167936977, "APs": 5.74181065319605, "APm": 16.87908783317753, "APl": 21.277914722233668}