{"quality": 101, "model": "R101_C4", "elapsed": 1593.9557402133942, "tp": 43122, "fp": 127795, "precision": 0.25229789898020677, "recall": 1.186789596807486, "f1": 0.41613108679288985, "min_score": 0.05000068247318268, "AP": 41.06893611218366, "AP50": 61.40496940955814, "AP75": 44.059044149090624, "APs": 22.190828016197976, "APm": 45.46240163654861, "APl": 55.86085074298654}