{"quality": 40, "model": "R50_C4", "elapsed": 1333.2048091888428, "tp": 25277, "fp": 17138, "precision": 0.5959448308381469, "recall": 0.6956653364524563, "f1": 0.6419555555555556, "min_score": 0.5000141859054565, "AP": 31.51259007454918, "AP50": 47.74345698860839, "AP75": 34.29951456475351, "APs": 13.074275663650809, "APm": 34.71219080480532, "APl": 46.65182726230398}