{"quality": 10, "model": "R50_FPN", "elapsed": 553.644365310669, "tp": 10261, "fp": 6562, "precision": 0.6099387742970933, "recall": 0.2823998899133067, "f1": 0.38605666127393806, "min_score": 0.5001295804977417, "AP": 10.3653539146155, "AP50": 16.823055794820398, "AP75": 11.121083724941462, "APs": 4.582386895828025, "APm": 11.939998283630246, "APl": 14.589628489979425}