{"quality": 79, "model": "R101", "elapsed": 697.0887968540192, "tp": 18861, "fp": 4050, "precision": 0.8232290166295666, "recall": 0.5190862804458511, "f1": 0.6367012118961618, "min_score": 0.500033438205719, "AP": 32.37973607710089, "AP50": 45.19613632788669, "AP75": 35.74342802371782, "APs": 14.060714468899668, "APm": 35.82238766100017, "APl": 45.398815692402785}