{"quality": 70, "model": "R101_FPN", "elapsed": 650.4406363964081, "tp": 41723, "fp": 90457, "precision": 0.315652897563928, "recall": 1.1482867758359707, "f1": 0.49518440494911425, "min_score": 0.05000006780028343, "AP": 40.50941371538699, "AP50": 60.692357227157736, "AP75": 44.043869209617924, "APs": 23.07257601419776, "APm": 43.95310745788403, "APl": 53.598139375492}