{"quality": 11, "model": "R101_C4", "elapsed": 1804.2644729614258, "tp": 15137, "fp": 14711, "precision": 0.5071361565264004, "recall": 0.41659556901059586, "f1": 0.45742864481815565, "min_score": 0.5000048875808716, "AP": 14.405025851687487, "AP50": 22.92803021472371, "AP75": 15.240430238215556, "APs": 5.371325325889003, "APm": 16.144074967427606, "APl": 22.117076270873444}