{"quality": 81, "model": "R50_DC5", "elapsed": 993.7795052528381, "tp": 42928, "fp": 127181, "precision": 0.2523558424304417, "recall": 1.1814503921838448, "f1": 0.41588033558737475, "min_score": 0.05000011995434761, "AP": 38.22123567701887, "AP50": 59.330675964805835, "AP75": 41.2234489514521, "APs": 20.53641773286548, "APm": 42.107425629500476, "APl": 51.83447289964461}