{"quality": 18, "model": "R50", "elapsed": 500.8347821235657, "tp": 39713, "fp": 417694, "precision": 0.08682202065119249, "recall": 1.0929682124673181, "f1": 0.16086539123671878, "min_score": 0.050000328570604324, "AP": 24.641200375277243, "AP50": 39.717668776776755, "AP75": 25.504718478248577, "APs": 11.462019283106214, "APm": 27.275751683734573, "APl": 33.74654761403868}