{"quality": 68, "model": "R50_C4", "elapsed": 1300.143226146698, "tp": 41478, "fp": 137746, "precision": 0.23143105834040084, "recall": 1.141543965873125, "f1": 0.3848412731549135, "min_score": 0.05000092089176178, "AP": 36.8575131272037, "AP50": 56.43546920930903, "AP75": 39.567300535776226, "APs": 18.412804325668347, "APm": 40.79212148189654, "APl": 51.86856872572332}