{"quality": 57, "model": "R50", "elapsed": 499.1883840560913, "tp": 44101, "fp": 365168, "precision": 0.10775553486826513, "recall": 1.2137333149855511, "f1": 0.19793807955045287, "min_score": 0.05000007525086403, "AP": 35.932233475775774, "AP50": 54.57326012923788, "AP75": 38.03613111675422, "APs": 19.39415363033658, "APm": 39.23474798305455, "APl": 48.04262418096292}