{"quality": 57, "model": "R101", "elapsed": 668.0935943126678, "tp": 44645, "fp": 336134, "precision": 0.11724648680730818, "recall": 1.2287051052704003, "f1": 0.21406617855070795, "min_score": 0.05000026151537895, "AP": 37.78844302835549, "AP50": 57.0116861416047, "AP75": 39.947690586618144, "APs": 19.970030645759202, "APm": 41.62336132982305, "APl": 49.65977141858898}