{"quality": 55, "model": "R50_C4", "elapsed": 1313.2821297645569, "tp": 41016, "fp": 142466, "precision": 0.22354236382860443, "recall": 1.1288289528003304, "f1": 0.3731831478002156, "min_score": 0.050000812858343124, "AP": 35.764074775575175, "AP50": 55.300380614154065, "AP75": 38.41516229630345, "APs": 17.24165212040979, "APm": 39.632773092566104, "APl": 51.04408210702509}