{"quality": 15, "model": "X101", "elapsed": 2943.872947216034, "tp": 16367, "fp": 8109, "precision": 0.6686958653374735, "recall": 0.4504472271914132, "f1": 0.5382907697620496, "min_score": 0.5000069737434387, "AP": 19.835391567728365, "AP50": 31.088671705157484, "AP75": 21.264959866390516, "APs": 8.517151977478228, "APm": 22.920228886057263, "APl": 27.287975173387895}