{"quality": 16, "model": "X101", "elapsed": 2952.5348665714264, "tp": 33860, "fp": 84882, "precision": 0.28515605261828164, "recall": 0.9318838585385991, "f1": 0.4366862913262443, "min_score": 0.050003618001937866, "AP": 24.822919540168108, "AP50": 40.57595246285525, "AP75": 25.8591912878433, "APs": 12.156064435359921, "APm": 27.816861520088676, "APl": 33.316473366424965}