{"quality": 59, "model": "R101_C4", "elapsed": 1600.3033471107483, "tp": 42067, "fp": 124927, "precision": 0.2519072541528438, "recall": 1.1577542314572726, "f1": 0.4137825888092697, "min_score": 0.05000031366944313, "AP": 38.69385062615922, "AP50": 58.35502012623534, "AP75": 41.599623914730635, "APs": 19.673053514868393, "APm": 43.00396762676819, "APl": 54.191607715433165}