{"quality": 22, "model": "R50_C4", "elapsed": 1451.230182170868, "tp": 22453, "fp": 18795, "precision": 0.5443415438324283, "recall": 0.617944131003165, "f1": 0.5788123686890169, "min_score": 0.500005841255188, "AP": 25.6758683541277, "AP50": 40.10878199055393, "AP75": 27.551918480449512, "APs": 9.846323033717749, "APm": 28.016737768470602, "APl": 38.82492966073987}