{"quality": 34, "model": "R50_FPN", "elapsed": 485.3969554901123, "tp": 40418, "fp": 111581, "precision": 0.26590964414239565, "recall": 1.1123709921563232, "f1": 0.4292161797657353, "min_score": 0.050001200288534164, "AP": 34.62204598247302, "AP50": 54.13244833020825, "AP75": 37.10688103202499, "APs": 18.840912745525433, "APm": 37.61418634421124, "APl": 46.5655520462699}