{"quality": 11, "model": "R50_C4", "elapsed": 1783.35094332695, "tp": 29671, "fp": 279887, "precision": 0.09584956615561542, "recall": 0.8165955690105958, "f1": 0.1715617257359935, "min_score": 0.05000041797757149, "AP": 14.237067447165803, "AP50": 24.5160343971062, "AP75": 14.433085050400003, "APs": 5.551608610615371, "APm": 16.228182077705906, "APl": 21.889915168288265}