{"quality": 35, "model": "R101_C4", "elapsed": 1617.0508947372437, "tp": 41055, "fp": 132359, "precision": 0.23674559147473676, "recall": 1.129902298059722, "f1": 0.39146789734396825, "min_score": 0.0500006340444088, "AP": 36.24808789563337, "AP50": 55.01628439065181, "AP75": 38.59915041567915, "APs": 16.87081408592055, "APm": 40.31469552753875, "APl": 51.45529764437967}