{"quality": 14, "model": "R50_DC5", "elapsed": 1047.512433052063, "tp": 18475, "fp": 17079, "precision": 0.5196321089047646, "recall": 0.5084629145452043, "f1": 0.5139868408240481, "min_score": 0.5000020265579224, "AP": 17.949414066758933, "AP50": 29.527097616935173, "AP75": 18.98443321477123, "APs": 7.219225375834536, "APm": 20.31766780167975, "APl": 26.380723300510862}