{"quality": 67, "model": "R101", "elapsed": 667.9459030628204, "tp": 44844, "fp": 332454, "precision": 0.11885565256110554, "recall": 1.2341819182606302, "f1": 0.2168298951002459, "min_score": 0.050000179558992386, "AP": 38.57903464774932, "AP50": 57.86572582841539, "AP75": 41.153527951425026, "APs": 20.886684015752934, "APm": 42.33368804433291, "APl": 50.56250257493541}