{"quality": 90, "model": "R50_C4", "elapsed": 1297.909057378769, "tp": 42263, "fp": 136326, "precision": 0.2366495136878531, "recall": 1.1631484794275493, "f1": 0.3932832070871564, "min_score": 0.05000017210841179, "AP": 38.087893624880174, "AP50": 58.22933153197491, "AP75": 41.10882591409447, "APs": 20.28301620318232, "APm": 42.314851039347836, "APl": 52.68617349396132}