{"quality": 72, "model": "R50_C4", "elapsed": 1363.9100568294525, "tp": 26951, "fp": 16855, "precision": 0.6152353558873214, "recall": 0.7417366175863492, "f1": 0.6725895608989156, "min_score": 0.5000419616699219, "AP": 34.343685554689436, "AP50": 51.56052776403649, "AP75": 37.5139330913216, "APs": 15.34717929365724, "APm": 37.88514846917456, "APl": 49.58185549646487}