{"quality": 22, "model": "R101_FPN", "elapsed": 646.0038633346558, "tp": 20249, "fp": 8556, "precision": 0.702968234681479, "recall": 0.5572863630108711, "f1": 0.621707092416334, "min_score": 0.5000066161155701, "AP": 27.283033289024566, "AP50": 41.45915785880776, "AP75": 29.70238088551656, "APs": 11.895837068735041, "APm": 30.103409987698605, "APl": 39.43121610353536}