{"quality": 92, "model": "R101_DC5", "elapsed": 1132.3327260017395, "tp": 43551, "fp": 122649, "precision": 0.26203971119133573, "recall": 1.1985963946607954, "f1": 0.4300590021477769, "min_score": 0.0500003844499588, "AP": 40.31743928900379, "AP50": 61.27609466792708, "AP75": 43.575474220373515, "APs": 23.209847762236627, "APm": 44.52774019566393, "APl": 54.053922533385055}