{"quality": 44, "model": "R50_FPN", "elapsed": 485.3420729637146, "tp": 41127, "fp": 108795, "precision": 0.27432264777684395, "recall": 1.131883858538599, "f1": 0.4416156171311682, "min_score": 0.05000029876828194, "AP": 36.483116741415635, "AP50": 56.344143618096574, "AP75": 39.40012118143799, "APs": 20.128020943011535, "APm": 39.56753065513137, "APl": 48.73083704716262}