{"quality": 7, "model": "R50_FPN", "elapsed": 482.8119943141937, "tp": 5343, "fp": 5423, "precision": 0.49628459966561395, "recall": 0.14704830053667262, "f1": 0.22687416403048768, "min_score": 0.500012993812561, "AP": 5.01129205860512, "AP50": 8.333681500427257, "AP75": 5.282891525851007, "APs": 2.0703042107030014, "APm": 5.798836639269676, "APl": 6.742521585328721}