{"quality": 101, "model": "R50_C4", "elapsed": 1202.675125837326, "tp": 42426, "fp": 138201, "precision": 0.23488182829809498, "recall": 1.1676345121783405, "f1": 0.39109152754860305, "min_score": 0.05000019073486328, "AP": 38.40160603926579, "AP50": 58.65500622450347, "AP75": 41.337079238454436, "APs": 20.7455084958659, "APm": 42.6675053958342, "APl": 53.0990395145018}