{"quality": 89, "model": "R50_DC5", "elapsed": 992.7266845703125, "tp": 43179, "fp": 128128, "precision": 0.25205624989054737, "recall": 1.188358332186597, "f1": 0.41589851764093966, "min_score": 0.05000028386712074, "AP": 38.86765140225973, "AP50": 60.25065797591136, "AP75": 41.82055254769415, "APs": 21.29352731537847, "APm": 43.11435855848655, "APl": 51.93593044217084}