{"quality": 4, "model": "R50_DC5", "elapsed": 1048.6978161334991, "tp": 7297, "fp": 227743, "precision": 0.03104577944179714, "recall": 0.20082565019953214, "f1": 0.05377798249654536, "min_score": 0.050000399351119995, "AP": 1.5651724286094408, "AP50": 2.9533154595219564, "AP75": 1.4413650238709612, "APs": 1.578876956375554, "APm": 1.7886722554564642, "APl": 2.4776975635492295}