{"quality": 80, "model": "R50_FPN", "elapsed": 485.1589570045471, "tp": 42324, "fp": 105840, "precision": 0.2856564347614805, "recall": 1.1648273014999313, "f1": 0.4587992346841988, "min_score": 0.05000244453549385, "AP": 39.183147641125, "AP50": 59.62564066206407, "AP75": 42.23620770615602, "APs": 22.8997080668367, "APm": 42.18775674151088, "APl": 51.34069633204741}