{"quality": 22, "model": "R50_FPN", "elapsed": 555.8247833251953, "tp": 19726, "fp": 9453, "precision": 0.6760341341375646, "recall": 0.5428925278656942, "f1": 0.6021918979149494, "min_score": 0.5000008344650269, "AP": 25.34503480556855, "AP50": 39.262706649222004, "AP75": 27.450275162309723, "APs": 10.892029453521717, "APm": 28.175788318864498, "APl": 36.79895494333431}