{"quality": 10, "model": "R50_DC5", "elapsed": 1042.3703610897064, "tp": 13725, "fp": 15815, "precision": 0.4646242383209208, "recall": 0.3777349662859502, "f1": 0.4166982922201139, "min_score": 0.5000308156013489, "AP": 11.036525588147954, "AP50": 18.732890287490374, "AP75": 11.3334015829291, "APs": 4.68447844639321, "APm": 12.892687643791248, "APl": 15.975077241290187}