{"quality": 26, "model": "X101", "elapsed": 2950.279322862625, "tp": 21868, "fp": 9331, "precision": 0.7009199012788871, "recall": 0.6018439521122885, "f1": 0.6476145349009388, "min_score": 0.5000220537185669, "AP": 31.012156141457748, "AP50": 46.48944918080582, "AP75": 33.66129027512639, "APs": 13.703445792680416, "APm": 34.137949271916604, "APl": 43.927842743859046}