{"quality": 25, "model": "R101_C4", "elapsed": 1641.80673289299, "tp": 39838, "fp": 142735, "precision": 0.2182031297070213, "recall": 1.0964084216320353, "f1": 0.36397025234345026, "min_score": 0.050000209361314774, "AP": 33.103093043289014, "AP50": 51.15725997417058, "AP75": 35.07716339840093, "APs": 14.3880123410666, "APm": 36.729244046485746, "APl": 48.23741129400783}