{"quality": 59, "model": "R50", "elapsed": 483.6919538974762, "tp": 17254, "fp": 3892, "precision": 0.8159462782559349, "recall": 0.4748589514242466, "f1": 0.600337502827021, "min_score": 0.5000033974647522, "AP": 28.904028950172062, "AP50": 40.7273216139984, "AP75": 32.0062611164683, "APs": 11.120558176976438, "APm": 31.793947418855318, "APl": 42.19017993961804}