{"quality": 38, "model": "R101_FPN", "elapsed": 646.9648547172546, "tp": 23078, "fp": 9037, "precision": 0.7186050132336914, "recall": 0.6351451768267511, "f1": 0.6743024105186267, "min_score": 0.5000051259994507, "AP": 33.51915155698349, "AP50": 49.470671349521126, "AP75": 36.74873258761491, "APs": 15.77726923221353, "APm": 36.5490856176344, "APl": 47.14019306685937}