{"quality": 69, "model": "R101_DC5", "elapsed": 1127.2712497711182, "tp": 27866, "fp": 16413, "precision": 0.6293276722599878, "recall": 0.7669189486720792, "f1": 0.6913439352965985, "min_score": 0.5000097155570984, "AP": 36.57128237144413, "AP50": 54.741706833517966, "AP75": 39.74138044499218, "APs": 17.28153262605198, "APm": 40.54769984357767, "APl": 51.482240791128085}