{"quality": 13, "model": "X101", "elapsed": 2944.9379601478577, "tp": 14375, "fp": 7504, "precision": 0.6570227158462453, "recall": 0.3956240539424797, "f1": 0.4938674545641942, "min_score": 0.5000644326210022, "AP": 16.553906601038783, "AP50": 26.13143952514535, "AP75": 17.69024587249071, "APs": 6.8948259110443955, "APm": 19.30870721003713, "APl": 22.362015384738648}