{"quality": 41, "model": "R101_C4", "elapsed": 1604.8979895114899, "tp": 25942, "fp": 15439, "precision": 0.6269060680022233, "recall": 0.7139672492087519, "f1": 0.6676102733027949, "min_score": 0.500015139579773, "AP": 34.36459455289445, "AP50": 50.70799736551906, "AP75": 37.1066968894433, "APs": 14.238868823401049, "APm": 38.185568179988664, "APl": 50.499589305189104}