{"quality": 66, "model": "R50", "elapsed": 498.9371888637543, "tp": 44449, "fp": 361251, "precision": 0.10956125215676608, "recall": 1.223310857300124, "f1": 0.20111077177146605, "min_score": 0.0500006228685379, "AP": 36.787552965265505, "AP50": 55.66921834259575, "AP75": 38.96882231726331, "APs": 20.382137615868995, "APm": 40.22286227054403, "APl": 48.58475009278514}