{"quality": 61, "model": "R101", "elapsed": 701.7221579551697, "tp": 18177, "fp": 3907, "precision": 0.8230845861257019, "recall": 0.5002614558965185, "f1": 0.6222975401838444, "min_score": 0.5000126361846924, "AP": 30.91600818740819, "AP50": 43.30051809692034, "AP75": 34.00155250644977, "APs": 12.240478889351472, "APm": 34.39259112398871, "APl": 43.92358129766732}