{"quality": 82, "model": "R50_FPN", "elapsed": 560.28937292099, "tp": 25167, "fp": 10800, "precision": 0.6997247476853783, "recall": 0.6926379523875051, "f1": 0.6961633149843711, "min_score": 0.5000002384185791, "AP": 35.74096628310895, "AP50": 52.67662812440509, "AP75": 39.476836388977155, "APs": 18.268238036097312, "APm": 38.885098124228115, "APl": 48.71411154666521}