{"quality": 25, "model": "R101_DC5", "elapsed": 1137.1390931606293, "tp": 40620, "fp": 135881, "precision": 0.23014033914822013, "recall": 1.1179303701665062, "f1": 0.38170234358849064, "min_score": 0.05000092461705208, "AP": 32.56357142872186, "AP50": 51.95402921306761, "AP75": 34.26182945440563, "APs": 14.778974804244863, "APm": 36.28170645688817, "APl": 45.866345492729224}