{"quality": 5, "model": "R101_FPN", "elapsed": 642.7800221443176, "tp": 8258, "fp": 76109, "precision": 0.09788187324427798, "recall": 0.22727397825787807, "f1": 0.1368328610959222, "min_score": 0.05000047758221626, "AP": 3.3564458311578864, "AP50": 5.895017644088815, "AP75": 3.392264665660843, "APs": 1.543377330148013, "APm": 3.402758132136665, "APl": 5.537743468173814}