{"quality": 10, "model": "R101_C4", "elapsed": 1821.9339153766632, "tp": 13686, "fp": 14403, "precision": 0.48723699668909537, "recall": 0.3766616210265584, "f1": 0.42487271824164907, "min_score": 0.500004768371582, "AP": 12.377679028408206, "AP50": 19.853351845216377, "AP75": 13.037002576019471, "APs": 4.063238070486377, "APm": 13.94964433067693, "APl": 18.93969112222846}