{"quality": 40, "model": "R50_FPN", "elapsed": 485.17658853530884, "tp": 40855, "fp": 109488, "precision": 0.27174527580266455, "recall": 1.1243979633961745, "f1": 0.43770556787623605, "min_score": 0.05000029131770134, "AP": 35.820421100345555, "AP50": 55.66082948623323, "AP75": 38.73112469545344, "APs": 19.333529046054064, "APm": 38.86821680302466, "APl": 47.97577156464}