{"quality": 46, "model": "R101_FPN", "elapsed": 650.3395688533783, "tp": 40974, "fp": 91161, "precision": 0.3100919514133273, "recall": 1.1276730425209853, "f1": 0.4864248827684454, "min_score": 0.05000019818544388, "AP": 38.51583248583964, "AP50": 58.390126056226386, "AP75": 41.43533752296441, "APs": 21.362306681304744, "APm": 41.45944769474563, "APl": 51.942252574707005}