{"quality": 10, "model": "R50", "elapsed": 502.1944489479065, "tp": 31091, "fp": 449146, "precision": 0.0647409508221982, "recall": 0.8556763451217834, "f1": 0.12037431374522815, "min_score": 0.05000007152557373, "AP": 12.034418533441187, "AP50": 20.593302628609468, "AP75": 11.988261009904322, "APs": 5.464149108024334, "APm": 13.495949282440858, "APl": 17.38872882025747}