{"quality": 3, "model": "R50_DC5", "elapsed": 1040.493099451065, "tp": 3871, "fp": 208620, "precision": 0.018217242142020133, "recall": 0.10653639741296271, "f1": 0.031114111869338414, "min_score": 0.050000276416540146, "AP": 0.8371685838545723, "AP50": 1.594950897398221, "AP75": 0.7797960826062214, "APs": 0.36613856481462553, "APm": 0.9756144579478926, "APl": 1.4186640377692434}