{"quality": 59, "model": "R101", "elapsed": 701.5009655952454, "tp": 18087, "fp": 3914, "precision": 0.8220989955002045, "recall": 0.4977845052979221, "f1": 0.6200973669775095, "min_score": 0.5000083446502686, "AP": 30.839830648846366, "AP50": 43.296746089569034, "AP75": 33.840306704344066, "APs": 12.661791092558957, "APm": 34.037283618509846, "APl": 43.77716444184784}