{"quality": 79, "model": "R101_DC5", "elapsed": 1132.688140153885, "tp": 43210, "fp": 120795, "precision": 0.26346757720801195, "recall": 1.1892115040594469, "f1": 0.4313666766496955, "min_score": 0.050000451505184174, "AP": 39.63315330637143, "AP50": 60.58224908754987, "AP75": 42.721578789764465, "APs": 21.885685957281392, "APm": 43.77938062638953, "APl": 53.25167368584148}