{"quality": 51, "model": "R50_FPN", "elapsed": 557.9528584480286, "tp": 23565, "fp": 10003, "precision": 0.7020078646329838, "recall": 0.6485482317324893, "f1": 0.6742199905583451, "min_score": 0.5000474452972412, "AP": 33.26759940478392, "AP50": 49.43893722531343, "AP75": 37.06890074972515, "APs": 15.555094883103715, "APm": 36.3718232361238, "APl": 46.47953047914868}