{"quality": 83, "model": "R101", "elapsed": 667.6570925712585, "tp": 45402, "fp": 329448, "precision": 0.12112044817927171, "recall": 1.2495390119719278, "f1": 0.2208349039969843, "min_score": 0.050000227987766266, "AP": 39.621114122218195, "AP50": 59.18012289473904, "AP75": 42.14672959662036, "APs": 22.686333817280765, "APm": 43.41863998847603, "APl": 51.60941156050096}