{"quality": 21, "model": "R50_FPN", "elapsed": 484.6586928367615, "tp": 38132, "fp": 120774, "precision": 0.23996576592450883, "recall": 1.0494564469519747, "f1": 0.39061467622067086, "min_score": 0.050000593066215515, "AP": 28.486418646981136, "AP50": 46.25964379080794, "AP75": 29.80647205333684, "APs": 14.481904240892742, "APm": 30.990023009797206, "APl": 39.75498762020791}