{"quality": 68, "model": "R101_DC5", "elapsed": 1133.1700036525726, "tp": 42966, "fp": 121026, "precision": 0.26200058539440946, "recall": 1.1824962157699188, "f1": 0.42895865260299404, "min_score": 0.05000029131770134, "AP": 38.88784369672424, "AP50": 59.6148661282212, "AP75": 41.54723929945333, "APs": 19.60843337391308, "APm": 42.936608047872305, "APl": 53.325247255952945}