{"quality": 56, "model": "R50_FPN", "elapsed": 555.2209470272064, "tp": 23898, "fp": 10260, "precision": 0.6996311259441419, "recall": 0.657712948947296, "f1": 0.6780247684167223, "min_score": 0.500024676322937, "AP": 33.794959607174334, "AP50": 50.1893195784521, "AP75": 37.417874953742405, "APs": 16.130167462446767, "APm": 37.000332186429965, "APl": 47.39197726714035}