{"quality": 33, "model": "R50_FPN", "elapsed": 485.13720703125, "tp": 40254, "fp": 112027, "precision": 0.26434026569302804, "recall": 1.1078574377322141, "f1": 0.4268354752513043, "min_score": 0.05000009387731552, "AP": 34.37432549409188, "AP50": 53.81936370309669, "AP75": 36.93354762860926, "APs": 18.682616293788673, "APm": 37.35704837199976, "APl": 46.59006313392096}