{"quality": 76, "model": "R101_C4", "elapsed": 1591.0831446647644, "tp": 27835, "fp": 16190, "precision": 0.6322544009085747, "recall": 0.7660657767992294, "f1": 0.6927575908412145, "min_score": 0.5000256896018982, "AP": 37.05463436490011, "AP50": 54.234302645153775, "AP75": 40.23917719003819, "APs": 17.255663453502184, "APm": 41.04815071636826, "APl": 52.95711870224231}