{"quality": 97, "model": "R101_DC5", "elapsed": 1133.201022386551, "tp": 43646, "fp": 123657, "precision": 0.2608799603115306, "recall": 1.2012109536259805, "f1": 0.4286626268181774, "min_score": 0.05000130459666252, "AP": 40.65397151004003, "AP50": 61.66145892669967, "AP75": 44.019099702081924, "APs": 22.87463235667852, "APm": 45.07294035052544, "APl": 54.39150872730807}