{"quality": 47, "model": "R50", "elapsed": 499.4518995285034, "tp": 43834, "fp": 369761, "precision": 0.10598290598290598, "recall": 1.206385028209715, "f1": 0.19484808748027468, "min_score": 0.050000354647636414, "AP": 35.00269195923102, "AP50": 53.42215414687486, "AP75": 36.85683644285457, "APs": 18.672493972874015, "APm": 38.08585511507825, "APl": 47.01793543285746}