{"quality": 31, "model": "R101_DC5", "elapsed": 1135.7470452785492, "tp": 41344, "fp": 130160, "precision": 0.24106726373728893, "recall": 1.1378560616485482, "f1": 0.3978464099615568, "min_score": 0.05000005662441254, "AP": 34.868769874612795, "AP50": 54.61631447578248, "AP75": 36.79953089053241, "APs": 16.372874065330063, "APm": 38.45441843629518, "APl": 49.12801990472049}