{"quality": 24, "model": "R50", "elapsed": 483.53002738952637, "tp": 14340, "fp": 3418, "precision": 0.8075233697488456, "recall": 0.3946607953763589, "f1": 0.5301979923465143, "min_score": 0.5000005960464478, "AP": 22.67236411316802, "AP50": 32.8469191585174, "AP75": 25.015367891379714, "APs": 7.633402728457697, "APm": 25.17912330301494, "APl": 34.057615035967906}