{"quality": 25, "model": "R101_DC5", "elapsed": 1131.6469013690948, "tp": 24342, "fp": 15626, "precision": 0.609037229783827, "recall": 0.6699325719003716, "f1": 0.6380352017613986, "min_score": 0.5000136494636536, "AP": 30.099069009498475, "AP50": 46.61825281105129, "AP75": 32.428447170612515, "APs": 12.641965028382597, "APm": 33.69713771005397, "APl": 43.489869917294264}