{"quality": 84, "model": "R50", "elapsed": 498.65285539627075, "tp": 45007, "fp": 357406, "precision": 0.11184280825917652, "recall": 1.2386679510114216, "f1": 0.20516104916717567, "min_score": 0.05000064894556999, "AP": 37.99502858824081, "AP50": 57.149360025615614, "AP75": 40.53243618805877, "APs": 22.33340577317899, "APm": 41.50187687162777, "APl": 49.649171947791146}