{"quality": 36, "model": "R101_C4", "elapsed": 1613.323426246643, "tp": 41206, "fp": 131474, "precision": 0.2386263608987723, "recall": 1.1340580707307004, "f1": 0.3942874913283736, "min_score": 0.050000086426734924, "AP": 36.39083693288503, "AP50": 55.21441452037992, "AP75": 38.92944737563309, "APs": 16.898223192361783, "APm": 40.5232032685389, "APl": 52.071809307836425}