{"quality": 67, "model": "R101_DC5", "elapsed": 1132.0961606502533, "tp": 42827, "fp": 121188, "precision": 0.2611163613084169, "recall": 1.1786707031787533, "f1": 0.42752183678562516, "min_score": 0.0500028170645237, "AP": 38.861877526408925, "AP50": 59.489021345585755, "AP75": 41.43564047381068, "APs": 19.646988482331622, "APm": 42.9845912374147, "APl": 53.112459710507906}