{"quality": 11, "model": "X101", "elapsed": 2945.481509447098, "tp": 11655, "fp": 6602, "precision": 0.6383852768801008, "recall": 0.3207651025182331, "f1": 0.42698563892145364, "min_score": 0.5000420212745667, "AP": 12.599800498345093, "AP50": 20.22214692760788, "AP75": 13.325875102601504, "APs": 5.229448868741792, "APm": 14.691216601661425, "APl": 17.006732142245312}