{"quality": 59, "model": "R101_C4", "elapsed": 1596.986757516861, "tp": 26983, "fp": 15661, "precision": 0.6327502110496201, "recall": 0.7426173111325168, "f1": 0.6832955595791287, "min_score": 0.5000070333480835, "AP": 36.02622957589545, "AP50": 53.0056086627971, "AP75": 39.37948008213662, "APs": 16.04085044865377, "APm": 40.09450260231566, "APl": 51.92071843400807}