{"quality": 72, "model": "X101", "elapsed": 2948.2127158641815, "tp": 40695, "fp": 68452, "precision": 0.37284579512034227, "recall": 1.1199944956653365, "f1": 0.5594506536891161, "min_score": 0.05000007897615433, "AP": 41.558965111791935, "AP50": 62.1349999662283, "AP75": 44.72965395368696, "APs": 24.618167423849872, "APm": 44.930591535611605, "APl": 53.94709999722493}