{"quality": 96, "model": "R101_C4", "elapsed": 1588.953864812851, "tp": 28786, "fp": 17182, "precision": 0.6262182387747999, "recall": 0.7922388881243979, "f1": 0.699512775961994, "min_score": 0.5000001192092896, "AP": 38.462974723908324, "AP50": 56.24871935928412, "AP75": 41.79184331098787, "APs": 19.044750319430413, "APm": 42.674577193985094, "APl": 53.58769015744927}