{"quality": 37, "model": "R101_DC5", "elapsed": 1128.6662998199463, "tp": 26163, "fp": 15868, "precision": 0.6224691299279104, "recall": 0.7200495390119719, "f1": 0.6677130388178547, "min_score": 0.5000008940696716, "AP": 33.75750625121724, "AP50": 51.10030035292776, "AP75": 36.440432904154385, "APs": 14.951338436780205, "APm": 37.44588332098063, "APl": 47.89500390377391}