{"quality": 1, "model": "R50_C4", "elapsed": 1833.376318693161, "tp": 708, "fp": 14170, "precision": 0.047587041268987766, "recall": 0.019485344708958303, "f1": 0.027649229687774588, "min_score": 0.5000168681144714, "AP": 0.6376210446775592, "AP50": 1.1296196142819852, "AP75": 0.6250052533895967, "APs": 0.1645507593649, "APm": 0.6653808289347402, "APl": 1.0423025478599153}