{"quality": 74, "model": "R101", "elapsed": 670.8503949642181, "tp": 45152, "fp": 330720, "precision": 0.12012600034054147, "recall": 1.2426585936424934, "f1": 0.2190743970869005, "min_score": 0.050000790506601334, "AP": 39.103242094052696, "AP50": 58.4319011333799, "AP75": 41.579388140736455, "APs": 21.718621832400054, "APm": 42.8774716795151, "APl": 51.38488134520729}