{"quality": 21, "model": "R50_FPN", "elapsed": 556.3164672851562, "tp": 19314, "fp": 9289, "precision": 0.6752438555396287, "recall": 0.5315535984587862, "f1": 0.5948443130370508, "min_score": 0.5000720620155334, "AP": 24.522723301993317, "AP50": 38.14502704658773, "AP75": 26.52172391337995, "APs": 10.500565243818015, "APm": 27.1885684439798, "APl": 35.66910416600011}