{"quality": 1, "model": "R101_C4", "elapsed": 1845.5743832588196, "tp": 631, "fp": 8284, "precision": 0.07077958496915311, "recall": 0.0173661758634925, "f1": 0.02788950276243094, "min_score": 0.5000140070915222, "AP": 0.6970975373326063, "AP50": 1.2341862149534029, "AP75": 0.6659333987111704, "APs": 0.20859191007906022, "APm": 0.5465675942755014, "APl": 1.32602950609467}