{"quality": 98, "model": "R101_C4", "elapsed": 1589.6945691108704, "tp": 28784, "fp": 17288, "precision": 0.6247612432714013, "recall": 0.7921838447777625, "f1": 0.698581431189098, "min_score": 0.500012218952179, "AP": 38.44446130769977, "AP50": 56.21918074065025, "AP75": 41.81893190365424, "APs": 19.009958907942075, "APm": 42.72075508554027, "APl": 53.23914630425368}