{"quality": 71, "model": "R50_DC5", "elapsed": 993.7829613685608, "tp": 42578, "fp": 127308, "precision": 0.25062689097394725, "recall": 1.1718178065226366, "f1": 0.41293563701077973, "min_score": 0.05000019446015358, "AP": 37.574441514576456, "AP50": 58.73416215806048, "AP75": 40.060795914859796, "APs": 19.403089539019753, "APm": 41.70926799632774, "APl": 51.14738394654821}