{"quality": 86, "model": "X101", "elapsed": 2924.6268317699432, "tp": 41283, "fp": 68772, "precision": 0.3751124437781109, "recall": 1.1361772395761662, "f1": 0.5640139353780995, "min_score": 0.050000421702861786, "AP": 42.6079221499943, "AP50": 63.256042899879525, "AP75": 46.33621662028533, "APs": 26.806804650977252, "APm": 45.598683165857906, "APl": 54.62878898752339}