{"quality": 75, "model": "R101_DC5", "elapsed": 1127.2052867412567, "tp": 28189, "fp": 16531, "precision": 0.6303443649373882, "recall": 0.7758084491537085, "f1": 0.6955524026895317, "min_score": 0.500009298324585, "AP": 36.96611863925677, "AP50": 55.15144883752734, "AP75": 40.23459657996627, "APs": 17.813826998406444, "APm": 40.91321847184409, "APl": 51.48256463515673}