{"quality": 64, "model": "R101_DC5", "elapsed": 1132.6983842849731, "tp": 42732, "fp": 121704, "precision": 0.2598701014376414, "recall": 1.1760561442135682, "f1": 0.4256790074263713, "min_score": 0.05000085011124611, "AP": 38.74124749777357, "AP50": 59.31872407142279, "AP75": 41.32033953956485, "APs": 19.581717415099405, "APm": 42.793132883053644, "APl": 53.2314894021549}