{"quality": 18, "model": "R50", "elapsed": 483.1008303165436, "tp": 12419, "fp": 2954, "precision": 0.8078449229168022, "recall": 0.34179166093298474, "f1": 0.48035120290864086, "min_score": 0.5000123977661133, "AP": 18.507885338260436, "AP50": 27.0727148767297, "AP75": 20.367676292632588, "APs": 5.95774313542793, "APm": 20.799227796979455, "APl": 27.684345251136456}