{"quality": 3, "model": "R50_DC5", "elapsed": 1003.0111665725708, "tp": 942, "fp": 15331, "precision": 0.057887297978246176, "recall": 0.02592541626530893, "f1": 0.03581204379562044, "min_score": 0.5000059604644775, "AP": 0.7381444562810177, "AP50": 1.328725409060107, "AP75": 0.7130955711717142, "APs": 0.27053771956523476, "APm": 0.8381313205300651, "APl": 1.160462484293835}