{"quality": 34, "model": "R101_FPN", "elapsed": 650.0740976333618, "tp": 40328, "fp": 93871, "precision": 0.300508945670236, "recall": 1.1098940415577268, "f1": 0.47296140359107275, "min_score": 0.050000421702861786, "AP": 36.526753673563405, "AP50": 56.12493652963339, "AP75": 39.144469477812386, "APs": 19.55589443918168, "APm": 39.48654586777334, "APl": 50.001293247080504}