{"quality": 97, "model": "R50", "elapsed": 498.8434920310974, "tp": 45254, "fp": 357866, "precision": 0.11225937686048819, "recall": 1.2454658043209028, "f1": 0.20595510348044735, "min_score": 0.05000083148479462, "AP": 38.63039370964852, "AP50": 58.01465916311036, "AP75": 41.20494656370657, "APs": 23.28841425910948, "APm": 42.26218330673366, "APl": 50.18538018328722}