{"quality": 27, "model": "R50_FPN", "elapsed": 556.8453600406647, "tp": 21036, "fp": 9649, "precision": 0.6855466840475802, "recall": 0.5789459199119307, "f1": 0.62775290957923, "min_score": 0.500006377696991, "AP": 28.477179028126642, "AP50": 43.46920447409432, "AP75": 31.126523010006142, "APs": 12.36829181218001, "APm": 31.614674860183307, "APl": 40.220849280992645}