{"quality": 6, "model": "R50_FPN", "elapsed": 545.7846450805664, "tp": 3723, "fp": 5468, "precision": 0.4050701773474051, "recall": 0.10246318976193752, "f1": 0.16355489171023152, "min_score": 0.5000486373901367, "AP": 3.597584890578523, "AP50": 5.968313028642394, "AP75": 3.6943421132917424, "APs": 1.647825574396275, "APm": 4.040965761346709, "APl": 4.926028396456465}