{"quality": 83, "model": "R50_C4", "elapsed": 1360.7284815311432, "tp": 27472, "fp": 17089, "precision": 0.6165032203047508, "recall": 0.7560754093848906, "f1": 0.6791930379746836, "min_score": 0.500028133392334, "AP": 35.077196984382766, "AP50": 52.20078002582185, "AP75": 38.327832647648904, "APs": 16.227502558231013, "APm": 38.7581778513319, "APl": 49.99200211041968}