{"quality": 7, "model": "R101_FPN", "elapsed": 639.9683427810669, "tp": 5027, "fp": 4490, "precision": 0.5282126720605232, "recall": 0.13835145176826752, "f1": 0.21927069702521157, "min_score": 0.5000009536743164, "AP": 5.407216440615242, "AP50": 8.823515168378265, "AP75": 5.693078403526656, "APs": 2.3281956844499256, "APm": 6.163808109643214, "APl": 7.145120553024349}