{"quality": 88, "model": "R50_C4", "elapsed": 1359.987467288971, "tp": 27850, "fp": 17589, "precision": 0.6129096150883602, "recall": 0.7664786018989954, "f1": 0.6811455963998336, "min_score": 0.5000041723251343, "AP": 35.509044685125716, "AP50": 52.86753273144438, "AP75": 38.77084253030463, "APs": 16.73237499783934, "APm": 39.261316283501884, "APl": 50.44766207702912}