{"quality": 63, "model": "R101", "elapsed": 701.540415763855, "tp": 18274, "fp": 3880, "precision": 0.824862327344949, "recall": 0.502931058208339, "f1": 0.6248696336063191, "min_score": 0.5000178813934326, "AP": 31.134277736087192, "AP50": 43.65399876884999, "AP75": 34.170457180656776, "APs": 12.346030932933656, "APm": 34.597558594972234, "APl": 44.23195062078903}