{"quality": 6, "model": "X101", "elapsed": 2945.519779920578, "tp": 11373, "fp": 52560, "precision": 0.1778893529163343, "recall": 0.31300399064263107, "f1": 0.22685203654206726, "min_score": 0.050000958144664764, "AP": 4.73247506435617, "AP50": 8.296652937163925, "AP75": 4.683959526592778, "APs": 2.056200589149899, "APm": 5.438178210768234, "APl": 6.322611867117571}