{"quality": 59, "model": "R101_FPN", "elapsed": 647.6015350818634, "tp": 24306, "fp": 9463, "precision": 0.7197725724777162, "recall": 0.668941791660933, "f1": 0.6934269085929476, "min_score": 0.5000321269035339, "AP": 35.65851135522461, "AP50": 52.04029891079147, "AP75": 39.13429317963474, "APs": 17.62608836518265, "APm": 38.85963413203044, "APl": 49.55398916724497}