{"quality": 13, "model": "R101_DC5", "elapsed": 1137.7577772140503, "tp": 17847, "fp": 14146, "precision": 0.5578407776701153, "recall": 0.49117930370166507, "f1": 0.5223919915700737, "min_score": 0.5000402331352234, "AP": 17.8044254580989, "AP50": 28.93207206948808, "AP75": 18.821337677983298, "APs": 7.075485612741951, "APm": 20.09630465748774, "APl": 26.098344948778397}