{"quality": 29, "model": "R50", "elapsed": 483.69688963890076, "tp": 15219, "fp": 3527, "precision": 0.811853195348341, "recall": 0.41885234622265033, "f1": 0.5526043463263194, "min_score": 0.5000163316726685, "AP": 24.811928153208793, "AP50": 35.529932836912536, "AP75": 27.42941285775313, "APs": 8.42752900516935, "APm": 27.282205345661076, "APl": 37.246154157350766}