{"quality": 26, "model": "R101_DC5", "elapsed": 1131.6437084674835, "tp": 24508, "fp": 15634, "precision": 0.6105326092372079, "recall": 0.674501169671116, "f1": 0.6409247224655777, "min_score": 0.5000563859939575, "AP": 30.52194562733109, "AP50": 46.95987400798879, "AP75": 32.748173093446496, "APs": 13.041836983407071, "APm": 34.10716023872483, "APl": 44.116502535479114}