{"quality": 53, "model": "R101_DC5", "elapsed": 1127.4610652923584, "tp": 27131, "fp": 16223, "precision": 0.6258015408036167, "recall": 0.7466905187835421, "f1": 0.6809220846038976, "min_score": 0.5000320076942444, "AP": 35.47028285102422, "AP50": 53.16197647819425, "AP75": 38.82350608398177, "APs": 15.968775099838131, "APm": 39.29919388106895, "APl": 50.0094836721601}