{"quality": 59, "model": "R101_DC5", "elapsed": 1133.4787075519562, "tp": 42604, "fp": 121928, "precision": 0.2589405100527557, "recall": 1.1725333700288978, "f1": 0.42420108828229625, "min_score": 0.05000089481472969, "AP": 38.24815388090024, "AP50": 58.69889420877781, "AP75": 41.243485408487004, "APs": 20.00974119976785, "APm": 42.17954628764754, "APl": 52.53611258144147}