{"quality": 85, "model": "R101_FPN", "elapsed": 647.8295996189117, "tp": 25663, "fp": 10264, "precision": 0.714309572188048, "recall": 0.706288702353103, "f1": 0.7102764938695303, "min_score": 0.5000344514846802, "AP": 37.78433328124384, "AP50": 54.60832067527781, "AP75": 41.63642066061576, "APs": 19.995930873241498, "APm": 41.31118529522951, "APl": 50.82437210366897}