{"quality": 24, "model": "R101_FPN", "elapsed": 645.8646337985992, "tp": 20865, "fp": 8769, "precision": 0.7040898967402308, "recall": 0.5742397137745975, "f1": 0.6325698434112992, "min_score": 0.5000154972076416, "AP": 28.693067756272033, "AP50": 43.20350321702326, "AP75": 31.313491311715985, "APs": 12.683103808615781, "APm": 31.56379810807128, "APl": 41.292474486701224}