{"quality": 9, "model": "R101", "elapsed": 671.2598187923431, "tp": 30060, "fp": 431715, "precision": 0.06509663797303882, "recall": 0.8273014999311958, "f1": 0.12069623175603782, "min_score": 0.05000007152557373, "AP": 10.986155968573218, "AP50": 18.95945603660225, "AP75": 10.974384609384792, "APs": 4.735595866071055, "APm": 12.594510242046697, "APl": 15.932213059294673}