{"quality": 57, "model": "R50_FPN", "elapsed": 558.1641049385071, "tp": 23890, "fp": 10261, "precision": 0.6995402770050657, "recall": 0.6574927755607541, "f1": 0.6778651079647022, "min_score": 0.5000008940696716, "AP": 33.94758072660573, "AP50": 50.3001179544267, "AP75": 37.71933197710353, "APs": 16.359990616155784, "APm": 37.09311776662963, "APl": 47.45155590268361}