{"quality": 6, "model": "X101", "elapsed": 2932.512122154236, "tp": 3443, "fp": 3179, "precision": 0.5199335548172758, "recall": 0.09475712123297096, "f1": 0.16029983471843937, "min_score": 0.5001397728919983, "AP": 3.882184108486548, "AP50": 6.398344687420029, "AP75": 4.034620114511256, "APs": 1.5292501142483685, "APm": 4.44533740629941, "APl": 4.7962777891286725}