{"quality": 93, "model": "R50_DC5", "elapsed": 1024.501743555069, "tp": 28775, "fp": 18098, "precision": 0.613892859428669, "recall": 0.7919361497179028, "f1": 0.6916402269012596, "min_score": 0.5000047087669373, "AP": 36.59277538357076, "AP50": 55.53323980081463, "AP75": 40.0629346482863, "APs": 18.108030460243032, "APm": 41.06874949846453, "APl": 50.27191231776603}