{"quality": 61, "model": "R101_FPN", "elapsed": 648.0683228969574, "tp": 24373, "fp": 9462, "precision": 0.7203487512930398, "recall": 0.6707857437732214, "f1": 0.6946843380361979, "min_score": 0.5000208616256714, "AP": 35.824297567494625, "AP50": 52.13332560866492, "AP75": 39.55400032149989, "APs": 17.788643303258766, "APm": 39.26488557416528, "APl": 49.40355621771124}