{"quality": 27, "model": "R101_DC5", "elapsed": 1131.2462646961212, "tp": 24709, "fp": 15754, "precision": 0.6106566492845316, "recall": 0.6800330260079813, "f1": 0.6434802989661189, "min_score": 0.5000227093696594, "AP": 30.90166810563575, "AP50": 47.572101479300414, "AP75": 33.31060872197228, "APs": 13.081724722328433, "APm": 34.582390667838766, "APl": 44.10022195641159}