{"quality": 31, "model": "R50_DC5", "elapsed": 1047.9751784801483, "tp": 41143, "fp": 142122, "precision": 0.22450004092434453, "recall": 1.1323242053116829, "f1": 0.3747085610200364, "min_score": 0.05000041797757149, "AP": 33.09275207251059, "AP50": 52.98901180200155, "AP75": 35.008029454789565, "APs": 15.762042418018684, "APm": 36.648787843141946, "APl": 46.39759230180191}